district,rainfall_mm_24h,rainfall_mm_7d,slope_deg,elevation_m,soil_moisture,historical_landslide_density,distance_to_road_km,ndvi_vegetation_index,landslide_occurred
Aizawl,14.422869578418057,46.544659179832266,16.37896463670462,696.6785937119542,0.8287444079790004,0.7753284938065125,0.5115472210813524,0.8925211389193045,0
Dima Hasao,45.4425200328129,210.55112215698935,52.09750986619652,50.0,0.2523940264437877,0.03612727880367176,0.1335218689392651,0.5845507158034432,0
Churachandpur,111.18960485653892,208.66479747871668,55.166611849701674,1784.3032766518027,0.48786126334526875,0.9358941913623737,1.225864130193703,0.5998532944366928,1
Upper Subansiri,41.68026422896313,244.62796564546215,24.220608818473053,1577.640306548306,0.717835067978778,0.66985071182463,0.15402149517288416,0.7841338179956377,1
Aizawl,7.724484685348424,198.9180260281738,48.30167117463164,1165.2927672715532,0.7175799856229651,0.933248782884234,10.326393546276263,0.8649302182625305,0
Darjeeling-adjacent-NER,119.27046599464408,177.25109845245686,44.07664531959146,1337.7064700177948,0.8470353270508896,0.5250064868954291,3.8071891768526656,0.7738582622247024,1
Kohima,23.326720706282526,46.6084580585177,43.49460927478893,1109.5814354108195,0.9408112919213931,0.12829900648912912,1.359807250878585,0.619635540843238,0
Aizawl,18.81257743018488,450.81540260657613,26.23906347662083,1789.321753089273,0.8810109068901639,0.048360864169802176,3.9066486139319294,0.6701504201978671,0
Churachandpur,70.28008354068032,201.25804230852077,24.34942015838165,1080.7598942628579,0.8549378452456426,0.05553848816880535,1.3504721729801672,0.22450170013014417,0
Upper Subansiri,36.75413365688692,268.15183879428236,32.33179755335305,1181.0191621567983,0.6480677213522423,0.27638363633872326,2.6037954862843304,0.7368616938854751,0
Dima Hasao,75.85278659601975,134.35038827643484,39.56311858358338,1288.3814163007203,0.32144983080855727,0.1983330396660294,4.308142424419478,0.5389821905549916,0
Churachandpur,80.85405070873135,155.79683587085358,56.500141425747636,969.0560796379984,0.9134623777766591,0.4247780413950353,2.883218939568448,0.8042141702737587,1
Churachandpur,38.39561303523189,179.29436584923224,13.482540445048539,1144.3469398275315,0.4808336769080124,0.2798896166449362,0.2207418958591875,0.8240325329691974,0
Kohima,72.24002684831888,155.2293347067691,42.698393524391335,1121.0197303529617,0.3428794199323474,0.053558868327325704,0.1111485121085054,0.9271252063104515,0
West Kameng,33.504474191584315,163.2025289588064,11.56229266683176,788.8834676358017,0.08593557535669133,0.0008992145239326139,2.109372512590029,0.8611646623181414,0
Upper Subansiri,46.890389520443186,75.0171862617376,38.942800416567756,628.2724861242737,0.9054435668269779,0.054930012808810935,0.5467230048492038,0.12765620082110837,0
West Garo Hills,64.86478591597496,186.40053925439344,36.541193185916676,1081.42838306207,0.3483440332004279,0.06347589326373568,10.352494784162891,0.6121775879572974,0
Churachandpur,25.95813129220388,71.66297081829092,49.864649706229166,1018.3108672860274,0.6030323161548597,0.5090698939811648,0.04107101405863406,0.3598761676770055,0
West Kameng,10.714248226765031,71.90394056241024,36.828287781282846,1835.0931794942098,0.5571513919365763,0.13434635142865944,3.4510394404060376,0.5574438044138402,0
West Garo Hills,21.210801737132854,22.21443476500494,45.21153342519844,622.6900304172749,0.2781712906496398,0.03932612907455882,0.1084260791272839,0.1930616294982977,0
Upper Subansiri,28.146959378354282,339.67336169650923,6.911217163108569,865.2281614014378,0.6414051855234567,0.5632180810606497,2.359620666090506,0.6289559128890349,1
East Khasi Hills,84.6957371701218,193.89870967369995,6.251127869677935,1310.714334811752,0.6306512931011019,1.1286175469083966,1.3620061769941834,0.6603843191320777,1
Darjeeling-adjacent-NER,32.05362177213134,183.1448330193555,40.52899656474104,1438.9182296198542,0.2870481975965621,0.04235861167580374,2.50477956053728,0.6631450310630546,0
West Kameng,73.32457458839916,123.38447332379371,14.459626477723024,1116.5488587960779,0.19006125011161132,1.3193740892577832,3.588274481497715,0.5460265691675106,0
Gangtok,2.677834351882499,309.8469775072627,23.021871410528078,1691.0926770234346,0.5308372902366378,1.2004165952387231,0.08441015154953369,0.6511932488446844,1
East Khasi Hills,15.867581905677639,228.1936881949521,35.73018338349844,1137.3235923955644,0.41499193409809726,0.29619416977041657,1.8414970452535941,0.38725311745000063,0
Darjeeling-adjacent-NER,29.612761287787897,61.99733530926374,36.937737724109255,679.0030904154341,0.34424941696978417,0.14025753838043517,7.1329692243883,0.027745883753704362,0
Kohima,108.88978005266563,71.18982720905741,53.836863086272,1176.4665198008781,0.34397636157495554,0.05944277779453697,0.6140584865903662,0.8021163296627398,0
Aizawl,47.08372330608201,106.34801914004633,18.68404440038654,1647.1114454185554,0.5157401100455228,0.6945757768084987,0.2015839723622924,0.7707719014384069,0
Dima Hasao,17.217114863812366,107.95208881315634,48.087652531302716,1783.4373273617714,0.3553244184365703,0.3712845358483543,3.684701213660082,0.8698318300585065,0
Gangtok,6.550348317817796,25.675519014100754,5.501507544112472,1766.701205779465,0.6417655238079862,0.42141574416444477,3.3815860722311357,0.35509486625406445,0
Kohima,52.6273848053994,285.02046482633693,37.457144109411985,1316.2102992260584,0.10080499343958922,0.7889582342778435,1.236374095826424,0.8213523489869622,0
Upper Subansiri,19.20173860318716,343.0725702122328,26.50949399731906,1357.5586867528896,0.18044796524338239,0.23475464921499622,4.433530152780491,0.7709948609657498,0
Kohima,23.581184918183276,139.7161029047521,22.833079008481995,1553.8797779387642,0.20583155091188743,0.18361497280071024,1.9626139657280648,0.7567719344219955,0
Aizawl,16.64810523471817,157.16454628884003,33.1370814243802,222.98146091059766,0.5201653148264538,0.5747062658684231,1.6126088350087775,0.8684312847432865,0
Upper Subansiri,19.486401466245372,129.4242056310435,9.53875753308785,769.3647668658484,0.1139939916246061,0.14108466304688136,4.312897335943257,0.5636269574413643,0
Gangtok,13.305150007800743,315.06085953977947,28.616413674019363,1379.2089185830762,0.3115597452911215,0.1589546344545226,0.2582397418632286,0.7790400573283242,0
Aizawl,40.42044667684356,162.43897299326815,51.81077496228548,608.4701784221764,0.38990466969509535,0.19191896384120358,0.6336843030823353,0.37752138148055564,0
West Garo Hills,49.26589870099795,428.87966504316427,47.819871619378524,1890.8853199736404,0.07621336603445225,0.7761724843310117,1.4680774042133768,0.801867447354113,1
Dima Hasao,19.87417996255699,175.66520693457508,34.26365405713786,1840.4968415525882,0.33287764948688214,0.6040460153797927,0.22326158217589986,0.6506616087547835,0
Gangtok,125.471942801563,137.40102896414916,33.96313791964497,874.8327679208953,0.47240829529018935,0.137795726604162,13.724658958210282,0.5726330392889455,0
West Garo Hills,61.227934151852146,214.50161162855085,48.7159459432724,656.1636515966194,0.4550570513497958,0.06201286262289814,0.9404855313109911,0.5782224317989276,0
Darjeeling-adjacent-NER,5.033225990748094,412.41372967955425,35.75326231993011,1458.0127865209477,0.5404562066125176,0.19955432905202541,7.3790278371942195,0.10551628898703325,0
Gangtok,46.1135403636798,169.84330835332992,5.8303930838739655,433.7416681014628,0.5918979431074148,0.39185384925473404,1.6082825205540088,0.8260736924552313,0
Darjeeling-adjacent-NER,52.17173266942709,313.98226715944924,17.23762627421155,1283.879213348707,0.6444419491787584,0.4511097125189906,6.45967115112609,0.9174371815001915,0
Upper Subansiri,54.19183027739363,280.3505537413284,32.87869595117024,2898.157491936484,0.7214740330535647,0.08947253788042218,1.449478951609957,0.8689024231956364,0
West Garo Hills,40.23253941580001,46.903588628535296,30.21186022394733,594.9463101893,0.7212065832106811,0.1147539705582634,4.214780005185462,0.8622492011681248,0
Dima Hasao,70.82104397844185,140.33783280935435,56.26094138317313,730.7164660228027,0.05774484998855874,1.0642828280685148,3.476746177273071,0.5139354310174181,0
Aizawl,88.67543770568052,57.77754058160816,34.94351037242723,829.5231509549981,0.22095311250101965,0.1944921103631443,7.338723769610373,0.81614120327518,0
Churachandpur,61.525616243483285,95.54182183807347,53.40696179601003,661.2020008900892,0.036532673168696635,0.1508342384602733,2.5364928310010884,0.6375005301516914,0
Kohima,101.27402965361473,255.75394381119565,50.1233203310849,691.6149941200354,0.6281863694218677,0.4759099517508748,0.6439656183416133,0.5883135916180925,1
East Khasi Hills,79.83411850822326,189.35499009624766,42.13737491782474,2231.394250323323,0.034056440264631935,0.2523523120353124,1.9516783013730465,0.790974729467415,0
Dima Hasao,34.865779941061064,132.4491719670386,41.2442542688662,1237.6367637066178,0.2969086877436771,0.11337082516088409,0.39419349292890726,0.7922886140771966,0
West Garo Hills,54.00725176792537,216.6753065181779,25.73477303480493,1745.6104833032714,0.6434261724138417,0.2105768753624723,1.0194321832563407,0.732804980842367,0
Churachandpur,63.20254816902817,98.17528446459298,45.05107604673994,1919.660255601037,0.6179514915003378,0.062285222281057,3.891970603099132,0.7842270119531166,0
Dima Hasao,86.31116713068518,71.70578658372087,38.53679225748499,117.51338272848375,0.3384468926938575,0.13115931161665859,0.03516598820781032,0.6852880576611833,0
West Garo Hills,38.54078008571531,33.15657151714555,17.876842763265632,738.4131601528227,0.15322281118835812,0.21683196162672513,2.4246518247665323,0.6525631118012973,0
West Kameng,50.86537107968575,332.710138959185,36.02539805489939,655.8791042741234,0.23600336382443543,0.29191938846693866,2.952157585691782,0.4281050501506754,0
West Kameng,6.308558312998411,305.8915923573587,16.227341405937693,50.0,0.6249927404439511,0.5413873964306999,5.751239624784525,0.6261078768019014,0
Darjeeling-adjacent-NER,29.656504810437408,172.59960752860107,37.63062804302761,1455.5715320682193,0.28541987819449455,0.19441651769366744,3.5312469121072803,0.5757167554817143,0
Dima Hasao,1.7383572691318572,293.21494020062795,16.503500383946484,1382.213387569496,0.646963131263726,0.31560310286692267,1.2888522700984617,0.7871196220694442,0
West Kameng,18.902664747078425,365.6109149044038,18.870473803016793,1993.4069881063065,0.5669841547920217,1.2064254147666063,3.626580971647579,0.4802942573224856,0
West Garo Hills,23.50043767794657,328.17801836667314,10.75177299915932,1484.4723969451716,0.33755725877624343,0.682195188213849,2.455266833004816,0.7545846730173958,0
Darjeeling-adjacent-NER,62.983464108610654,125.93109695495767,43.92223928154559,50.0,0.29072096104873635,0.10820352560981324,2.2092614550374687,0.8124864591617298,0
West Garo Hills,21.870980470212533,249.3800147247125,30.79023244802852,778.7869622019962,0.4554996890888126,0.09605654558207243,0.19150822248004215,0.6968980416108986,0
Darjeeling-adjacent-NER,40.49666560577724,274.93258057459866,36.044409696385465,822.2316308525253,0.91107003551845,0.4347088622203262,1.9395965000259978,0.6359995828049135,0
Dima Hasao,54.2441298127425,57.41577672935681,42.85067712327891,1506.8175234994637,0.2232967603023258,0.3618732790943632,5.045337657829629,0.2980395277627624,0
Churachandpur,39.54122098675767,280.61632474113975,36.00504648109907,50.0,0.07401788619806342,0.3166331004394744,1.4355273320915962,0.6530787329125678,0
Aizawl,25.812426843115976,92.8459106648417,20.570131766669178,1526.3779082187157,0.452894305520155,0.06697512340602928,3.0448244364314707,0.428775208964212,0
Gangtok,114.13714305536429,292.49825648910803,53.8226507957184,1672.861285926183,0.5444844585050316,0.18015422638817777,5.851701022522593,0.36386503384594193,0
Churachandpur,73.71192354939046,234.1408709122373,33.89313157751389,1049.8887649685498,0.3544534355252587,0.5697988092728636,1.9098309334695145,0.8643309242349432,0
Upper Subansiri,37.5963314655395,219.42316390376453,43.38876166532773,720.5944289260808,0.1637702438664082,0.5143452154361304,0.23062926183826102,0.33681958536766243,0
West Garo Hills,30.166152656496465,133.09038403318021,13.146501781693889,1906.8955215342476,0.3788927224797821,0.07221269310475778,0.13944029049202342,0.24920758751546035,0
Upper Subansiri,52.710316758750665,128.71368492254132,31.726848724693316,369.8600372787456,0.4078683285547165,0.22265002394879035,3.9950609336236838,0.33548915469384755,0
Churachandpur,52.32969348003663,681.7787417676676,38.81423240070243,1887.4254388647528,0.578294236159454,0.2338703303680338,0.08312458560885627,0.5547681445118138,0
Darjeeling-adjacent-NER,45.11211080908015,123.21260944939961,34.82957766627124,1745.1515172745067,0.47063360769465673,0.284183936489555,17.071163039187134,0.5488900084001865,0
Gangtok,25.63275475650873,77.14203373285898,32.22487938908269,1536.4128018383062,0.40414329212428957,0.24733350133920926,0.3410070277462313,0.6518129140383147,0
Gangtok,3.5705518992709027,140.12936405398173,36.595244935397574,2290.095360731407,0.5507899112214043,0.2786337542154057,3.730670279066061,0.723643201574144,0
East Khasi Hills,52.292398140413376,97.90696130684215,12.571975347507836,1210.1591036563084,0.700026468629851,0.6709677859171947,5.057022033232474,0.20005506251093175,0
Gangtok,20.792972850358847,180.1080837611951,41.39366893045764,1572.602488761936,0.4591095330365821,0.19736960874476467,0.9147526199577005,0.5509688624076395,0
Aizawl,111.64894229096458,106.06423273046292,42.043292170155546,1171.158168626415,0.845665631094546,0.3212073896124483,1.9501593405082502,0.34829713887666086,1
Gangtok,15.305806164374827,71.45095380823489,32.745292190211686,1007.2759008859216,0.47147204219520017,0.37334112561995747,7.611017979156848,0.5953940913017156,0
Churachandpur,31.311858307265943,241.9184932211576,42.782970829714806,1517.202728351308,0.5753153291537358,1.141034232166088,7.76135250598205,0.43938721517448004,0
East Khasi Hills,109.33649951178013,183.4922657457666,25.151269124923875,1017.9994109239497,0.2622552383351119,0.42537866979744576,6.652150947166071,0.6441639340531937,0
Churachandpur,31.148884932273795,97.33093606807054,7.3637189645100705,1237.539101276612,0.686370400252481,0.05601907071468157,0.8036373136340718,0.5859884950411767,0
Churachandpur,20.952890832365235,361.95774279944436,52.41407795818898,1240.7953426837705,0.46986545320847545,0.34934773230661254,0.153474256260364,0.7071025632237474,0
Kohima,86.13818329295708,146.07562609497543,42.480244988114805,957.0998029552495,0.6855930008079553,0.4337878238104108,0.27116337856045064,0.6778360952982209,1
East Khasi Hills,103.33207057273658,544.8611537955939,40.576825195769246,1640.78275937019,0.6151241939845931,0.003818830832139987,0.3825185753732727,0.4128645446716764,1
Churachandpur,6.760569426512249,77.45782747888934,52.03859598692363,137.2370314877562,0.49893292484889556,0.03131692028210534,2.784402335866996,0.5884394813746113,0
Kohima,80.09217209779025,228.1926890314622,49.204006082538974,782.9239956126576,0.16269886383549584,0.007672351047946147,4.0542483680927015,0.09183290128401464,0
Kohima,76.06455563552619,113.17912962716963,48.931322002290244,615.8145644974101,0.22812870597011764,0.019782392438163366,0.1290905409409398,0.4424252884316564,0
East Khasi Hills,36.54215779430583,205.41730591685737,32.076137264210175,1384.3050166253497,0.07054747778355544,0.037577069660293755,5.5274156928075335,0.5800691916050786,0
Upper Subansiri,15.59701454770564,263.955189361431,22.70734077581795,1057.3734058066746,0.6423963397849217,1.2662808931352423,3.4389172880706202,0.5380085206120245,1
Darjeeling-adjacent-NER,114.45747326885278,283.3401888952891,45.12183854849841,348.7097119452842,0.5829839849944585,0.09263206029681262,1.8890770099224927,0.4659570512178114,0
Aizawl,3.56491356435276,189.94485934841495,45.4064650598482,1482.0460048469806,0.7538575380988874,0.09154280321497892,11.503024914957663,0.6944981039634219,0
Darjeeling-adjacent-NER,20.549624812039262,313.48886059808683,11.806199029754117,1336.489905117948,0.29578916109093734,0.7791393547198399,0.7703451797743833,0.6756667657763415,0
Gangtok,70.12917826721353,264.3673420721992,11.9343032727721,1221.8819085194655,0.8289086626484766,0.5589527154820892,0.6147763941392042,0.6213910315990593,0
Aizawl,6.718968475839228,438.8426648322265,32.28017533042738,1668.3919582186697,0.29214678757864465,0.4505768295101894,1.019179560182333,0.44405948390627836,0
Gangtok,32.88414735098487,544.7780442568094,25.685979187044502,1513.2030311417238,0.4234367576810959,0.2190894544100123,1.8691178726430042,0.5340462612654884,1
Churachandpur,36.81679489114187,114.10742984790016,10.043690550822298,1060.1683871232808,0.5064876550826796,0.012669337753706135,1.2228121235587281,0.41104345946183973,0
West Garo Hills,99.76262763843384,233.37742932334854,32.30447111455756,1449.7339807017045,0.30286273169532346,0.7007228275216811,4.422566058569731,0.5366904959394302,1
East Khasi Hills,70.3722534135487,38.13005334240177,35.44961011590205,2021.7300169631383,0.6554703087933735,0.7887266694429255,5.622384058553043,0.7416785445882922,0
Aizawl,73.95749198754518,127.16383423707188,33.844213132484114,1107.9673195262817,0.056394952790583895,0.26295225678958817,8.503069062998769,0.7345336545731433,0
Aizawl,7.3594475409255535,126.31930327169654,36.42300115760369,1947.8765152528017,0.41209119399521477,0.4141244174330746,4.262823666972249,0.41930654919790517,0
Churachandpur,33.84301685462593,218.74328249420756,47.17070103829424,2337.125476128626,0.7028883839711875,0.2597702685339635,2.3419508824654844,0.4299091885518319,0
Upper Subansiri,57.76401033208505,391.6559734259447,21.43445988188569,1398.014257255394,0.8294261120364992,0.14048100777950576,2.3773037786322497,0.9050991402671297,1
Kohima,88.80424590075225,249.22908931763965,44.37725391385706,596.7244807443326,0.36460756482295376,0.31086852865970405,0.515997056093294,0.2901209156802614,1
Churachandpur,11.411669372825887,74.75332801317722,43.79489647503727,1021.617266515169,0.33061155726314195,0.4666693173560759,0.7636385818764078,0.6983576534642725,0
West Kameng,32.098928549141284,186.3336967431499,36.738859878366256,1297.6956486869437,0.6115524033244628,0.06715757235222937,14.748993794436194,0.3791937295418142,0
Kohima,137.75787277312406,292.79816696125874,33.788300873407685,1212.0931357282632,0.17192919871443477,0.30261842879754575,0.7571530507364944,0.4588153159442911,0
East Khasi Hills,22.414487600475603,178.9074696016762,16.26234028059324,1277.3217975183081,0.5860007522002385,0.5983717609748908,1.5724915473386942,0.6471099779699284,0
Kohima,63.84206571959765,179.18804822954817,28.367055775702056,1928.9913091357998,0.6133926352899313,0.25819318352652765,1.2165932841248395,0.7879800626525234,0
Upper Subansiri,77.74248665175747,110.4814004291235,55.365441764532136,689.9471188046168,0.34867844294352085,0.06826525274845056,2.9139520095167737,0.49315041040418794,0
Kohima,64.29272535691297,55.49121719814682,12.65606481319532,1420.869462704866,0.5037025338198273,0.815243147538149,1.021788478779216,0.9042335496500927,0
East Khasi Hills,85.14885780049518,327.8509365492476,24.528317113915097,1752.7652501230218,0.8375527768710629,0.44817000909184074,2.871739150184905,0.7768157911298273,0
Upper Subansiri,6.783499899634762,20.533208842933032,37.430050622087194,1049.5346480586513,0.25998682077890445,0.40044310096090563,8.097821533785476,0.6660800675668606,0
Darjeeling-adjacent-NER,65.85606474103962,150.36783187375295,32.48778459334782,584.4199265652118,0.45056527986489076,0.4218434792702341,0.7271734453289763,0.2462642624115955,0
Aizawl,35.806505568000055,170.68515948952785,36.87504000873855,1076.789777068027,0.5870579241281433,0.11244695727272964,1.1577770033805361,0.8284303289407252,0
Aizawl,40.48768215051998,306.74537068066184,40.351877986374284,575.1244996241419,0.7684228055191823,0.2711565166414183,1.0470413501770173,0.8855962354003714,1
Gangtok,49.88758544523673,463.78844131615585,25.788525696868813,776.0761745842187,0.375037362117736,0.15780261275893648,0.8929636712542532,0.8599823120097038,0
Darjeeling-adjacent-NER,59.32765060706247,318.1631499780765,31.481156777767858,1548.8394673425178,0.7737722591862408,0.7171700393042841,0.7877526278311288,0.6323367116850094,1
Darjeeling-adjacent-NER,35.40530042502497,266.94217834404344,34.28022018336907,1358.6196105563663,0.7858388043558501,0.35543501853698484,2.4859190882106192,0.8531395809289416,0
Kohima,41.822208640299976,117.07763099701833,5.153460452954678,1627.2136532141267,0.32263025027638104,0.5053388442248501,1.9857906954164721,0.7150097448500671,0
Aizawl,7.853666541502186,109.49760888929085,45.338723409964075,1490.2918993718679,0.1583193928095417,0.431878613356812,1.7765811882597191,0.48817551868184245,0
East Khasi Hills,9.889404630991352,131.43971641055066,47.38007741424941,1076.3916339414748,0.38310852836405646,0.26444272859870993,4.030949092413966,0.7031803720874458,0
Dima Hasao,77.21703576988375,212.58735793407087,48.024246839750425,594.0168117445678,0.7003010167262138,0.6536055243684743,0.3961128599576129,0.5108070946756593,1
Dima Hasao,91.97357029054523,338.23338009568147,21.193475365698305,1394.2059488027421,0.08760714920985617,0.38218606756067,0.4649967988264159,0.8067554319951658,0
Upper Subansiri,85.81280371025295,232.5237085029382,17.570167830704918,879.3386679980767,0.199204494469233,0.10287949201839422,1.7990413856179812,0.47171696674388724,1
Aizawl,48.42155188516198,410.5229813174167,17.9447878545,1116.4117427071706,0.3095008244450335,0.13741770113226556,1.091333754424432,0.4335813159327362,0
Aizawl,112.3055650922036,220.57325440486386,18.204187994522297,771.0591130300206,0.20183539123326563,0.7017101801822996,0.4772624319058626,0.21237338401446962,0
Dima Hasao,102.2565457066857,131.46891902887512,41.25489443412983,1742.350931915727,0.29743503580983943,1.1336587578042616,2.933064779586565,0.7189690587074101,0
Aizawl,90.3988656976209,79.52686073341712,25.42159928289425,50.0,0.5152026448904135,0.3176324584758998,1.7133197526008728,0.8084773206323471,0
Kohima,41.07266620555088,190.1100166679286,13.22268785404514,1509.1150656120521,0.32007906405388376,0.19480500820832775,0.5648631580429421,0.4170245976684464,0
West Kameng,66.56106972435735,119.84186636371442,40.058771193020604,1289.477448216828,0.14978586471985555,0.39234437288462104,0.7676899329619866,0.5370779790776501,0
West Garo Hills,41.8552273036407,235.13446882658576,53.83088069729426,1732.1159560489257,0.8634127317851331,0.264277161998601,3.2098197463277724,0.6429938144759645,0
Darjeeling-adjacent-NER,48.53408499871448,252.77046937787875,58.53811343745978,466.46025505142075,0.5749022812740888,0.7372918271586834,0.9917833750892556,0.8900093231358075,1
Gangtok,66.4683264048925,56.152487609941566,17.027534726302104,1172.3706477837725,0.6406164582108785,0.7158916834421573,0.572019188684894,0.5708027876305819,0
Upper Subansiri,118.11902595787633,391.14762123015896,33.81773346538431,943.3060224095493,0.2323913781313997,0.2436353790627994,8.424323758065045,0.9046619325602626,0
West Kameng,54.20531731163785,89.2049626887928,18.71974735731324,1105.0897454387605,0.48723222916443076,0.6530462196792911,0.23041072410481092,0.6645379905881974,0
Dima Hasao,11.922719988839338,147.15074124371054,50.06062110320202,1210.5739881747286,0.7623124636461025,0.0857510037253902,0.39723738915770523,0.6251516083860976,0
Darjeeling-adjacent-NER,163.53819010233335,163.82788656316674,48.782350469222585,912.2621041532352,0.5349988893399993,0.18730703655808226,3.1582328364053285,0.7382287319498774,0
Aizawl,36.14796457001128,101.7548897980397,30.263263913901902,1135.082740879364,0.2901327910075827,0.03317954789314333,1.3865575530064098,0.27462917562135686,0
Gangtok,12.67825893586824,71.99524177126695,17.65899818777094,1943.40883577129,0.1296698233705172,0.6596755425191339,3.4952221449107794,0.45633766587131785,0
Aizawl,50.02073982263845,201.9098880757649,37.195108781255186,2068.3293926163196,0.8110133241442802,1.4794609388312858,2.011750773513304,0.5736398745676895,1
East Khasi Hills,69.38750215064282,398.1126017133344,40.52330212839216,1343.235284974332,0.44520907581777747,0.34393043642109555,0.10261622910745354,0.5546114548463278,0
East Khasi Hills,92.76216779153145,165.41608372693253,30.742449986374815,2079.9051067086125,0.28303508173283526,0.5818229336217967,2.881203320780324,0.6534537082427148,0
Gangtok,52.110043643685934,74.80439678576252,40.42834107856391,333.7077630891089,0.41492277926382926,0.20539439635263063,4.096695233089558,0.29293307459846635,0
Gangtok,29.54565038742485,102.77754518562259,47.57905458171653,1682.8639971518924,0.2828560249913227,0.3298065359805999,2.011173974581795,0.8097176429391144,0
Dima Hasao,50.231281586540824,166.96745324192545,19.50122619106083,1327.4471356114145,0.6733087641191766,0.17068921355818606,0.9188316649740567,0.31934056561245283,0
Gangtok,48.69833703867445,162.75464578540763,52.32244327827273,977.3647215287242,0.4343269903300436,0.47740754558442317,0.03910892689635639,0.7288321653019303,0
Kohima,70.33495490795055,166.06768085218272,10.724537037054155,1567.843574402675,0.4817590970520985,0.11307511956962786,5.929367016383304,0.2969476774162198,0
Aizawl,43.02782001121025,119.515516822347,45.014791151455924,1293.8745613471433,0.7569714954597329,0.06653625434163016,3.0687837547121206,0.5701896392019761,0
West Kameng,191.16174300055079,285.21302587173676,39.102035793838326,840.4010372162668,0.6868888126034066,0.9153115628415798,0.11457817612148605,0.9124378467480834,1
Churachandpur,94.34759012858271,639.9930416442924,21.508507510916516,1619.701053406014,0.5324818543550175,0.7988690107040471,4.5907179294446605,0.7277876237505739,1
Gangtok,27.43890205821308,208.63495325665912,20.154530436153774,1172.930594228005,0.2051843053964687,0.7206271640812609,0.13630190436122452,0.5573961731580189,0
Upper Subansiri,25.072962781508945,205.82341747527136,50.795638400420344,771.3753313741198,0.3568061710250106,0.6893621345073638,3.1074435321550014,0.3603791191101114,0
East Khasi Hills,24.314292918221582,229.590529123949,25.159615107257885,1686.3096049935866,0.33790084256530256,0.5230006342677866,2.9609744212786806,0.16933526657027073,0
Kohima,63.42186027032509,290.1357157921263,11.65779436171282,177.42062988004045,0.4915714033994156,0.8310085157806468,6.196758163687848,0.737229664926304,1
Darjeeling-adjacent-NER,46.94767724655862,24.97183400351012,45.41125422759587,2185.8586660030664,0.21860875684498815,0.09439746592807852,0.45209572440154877,0.6247812926400708,0
Churachandpur,20.40672112369971,183.86567988686994,35.06148124083635,1743.9901949836785,0.40862277735432234,0.8173293547945335,2.0941104770294876,0.8332796820909939,0
West Kameng,5.214194433621279,24.381131950962377,12.661802366359282,65.43888428101036,0.26898886178497766,0.9993993288163829,1.9670180723511455,0.18333555675556848,0
Churachandpur,32.03746476714162,351.4424176491389,53.027470404456366,1928.309248850555,0.7254794590197721,0.5035177583079823,0.08901410635668107,0.12638794050262095,1
Gangtok,66.64335723809029,89.35135807474597,15.183091735411733,1250.999348427249,0.2875890372172029,0.36586825091030883,2.5424040426784855,0.651118611828054,0
Dima Hasao,13.794388733227844,74.97332466395427,41.75138067385166,50.0,0.9563760502323468,0.10771180770766836,0.7326725474428013,0.671967460589213,0
East Khasi Hills,32.67787235281405,405.3351942726088,20.92531255179208,83.06906281029933,0.8433653244597697,0.804446174397043,1.0105081376252238,0.7862851204345571,1
East Khasi Hills,95.41812876810806,334.15267205268105,30.380887757581718,1543.4856006556495,0.5580775411167382,0.34399006600776527,0.6905497778142413,0.2929615071652086,1
Darjeeling-adjacent-NER,1.7087399748270944,112.29913232148304,29.50353194547136,544.4877869429639,0.18965254480695815,0.37733046223006783,0.1438693849513254,0.25738842000923257,0
Dima Hasao,29.749527739121422,111.63282395272492,33.421703617602745,675.0193536766784,0.7927639961389988,0.37313202775580956,0.45568829531261396,0.8943948969502892,0
Aizawl,27.915222325256007,120.55802449751427,13.128679886336835,1263.1559888363033,0.326349193866012,0.8062997849103182,0.5808014920722867,0.2943277437727665,0
West Garo Hills,10.651271799865299,126.84175428922727,52.384947419610995,1503.4758188513588,0.5965889093906862,0.05892565327460062,2.15288263432243,0.5331299130221757,0
Kohima,12.218455969464891,367.60866887261636,30.81039540066698,1327.6076963921664,0.5277265336202854,0.025462426002566776,0.36243806596225603,0.6587013706740341,0
East Khasi Hills,75.61292396086311,86.79459487422946,46.845222589862026,656.1273917031339,0.19837586503362517,0.1014327302983149,6.336730967895971,0.7452703437112698,0
Upper Subansiri,111.28506806608426,181.95969699075602,36.28286313974601,750.0406291921645,0.5103257008402984,0.270720409548314,0.6592192213753199,0.775876162010981,0
East Khasi Hills,22.791485913764596,435.9729234886062,50.587664637458154,563.6223901434885,0.6646882607533355,0.25351069105743157,2.637048345726199,0.7612457238261415,1
Churachandpur,83.40159706353217,139.46258330727295,49.5352117886374,1338.2421235703396,0.29300766822422497,0.28700135652083014,0.42869569508338506,0.37314250745681926,1
East Khasi Hills,45.53880916439612,555.5857850373086,45.938202339662034,1307.9157907010094,0.3367008322128771,0.048566713830037175,3.9634820343232526,0.6372927298265606,0
East Khasi Hills,38.48998798236973,95.94303397566594,38.32599965612881,1438.9992845674362,0.7767962737245342,0.6298067294198129,0.18549650328600034,0.2447517373185164,0
West Garo Hills,114.11326846102222,55.48163494892672,7.05743756512972,1310.4017842655833,0.11989930714920415,0.1438855046722222,3.344649394993241,0.7067066532349013,0
West Garo Hills,21.863427596323877,81.18212527081357,39.48616026314841,1267.7237825606271,0.23505581043190302,0.9777976819922283,1.2487476798322945,0.36538957673049116,0
West Kameng,26.555600949856657,192.15647279769618,26.319344884592144,1736.0543400577862,0.7682124078648142,0.7329410149799231,1.566149165896544,0.2547913815980349,1
Aizawl,15.641849452147374,72.56989387208714,52.975192759834826,1258.5082353102757,0.30067241750302354,0.026226211269483737,1.1405247185788523,0.4998106684445499,0
Upper Subansiri,63.720092329961716,381.66792295875786,39.57123293763788,1730.2994401293015,0.8502541670400022,0.022020736465598757,1.285609679527198,0.5458581192508627,1
East Khasi Hills,112.2971939945405,143.1703444877988,27.451337745248974,964.4964674504199,0.6560426403747016,0.39659814317028386,0.01334858898865484,0.5573961033650824,1
East Khasi Hills,54.31578214164215,177.79136060376038,40.25822006238857,728.0744101100594,0.5099606643788555,0.03217007911725809,0.0662432972756173,0.7420217513333877,0
Kohima,144.33449404374065,18.723547433732833,32.993689652049824,1920.4701065802085,0.7414910546845054,0.33930142217079384,3.9489240007447335,0.6202961726323917,1
West Garo Hills,87.71427245785462,156.987096866365,34.69369090691473,918.1592595383934,0.47169831772962967,0.03298917128090867,0.6003587650216138,0.2756442633594685,1
Upper Subansiri,98.73794909737951,172.10334073375068,23.731380550752256,1134.36681589523,0.27487750356271173,0.2610696847475927,2.336756546711451,0.6013455755483472,0
Darjeeling-adjacent-NER,54.92048621935448,63.86105435707633,23.265141502331904,703.5499229722975,0.6063878556280554,0.21727522953287737,2.6484218438942984,0.6753006660209976,0
West Kameng,22.72181054195122,215.8380518827165,43.68059799471207,2392.348391216671,0.9012653701122637,0.3575515207723243,2.9931649419643436,0.2219698558749548,1
Aizawl,43.067715491558786,200.45871750160694,35.353895706677584,281.5898138442052,0.12385322377248484,0.17614375259373222,2.27416744508049,0.5208205234831864,0
Dima Hasao,101.87768394690731,119.19647248916294,23.938416770827573,1789.5756461043682,0.5986391334940503,0.060351105626363845,2.4774469411011983,0.8188215802975342,0
Aizawl,33.72084262040168,71.75576320909899,30.249760863532998,83.45492333327275,0.07556031238674932,0.7383580843909329,2.177724171162112,0.52715729578563,0
Churachandpur,83.12759764003434,426.52315921023205,18.831173360936425,973.1141565744049,0.4647427291043057,0.1422706470195529,6.583934162269052,0.6223120399375685,0
East Khasi Hills,19.262720001066793,175.17644011611986,52.14802851983907,1644.1534398833055,0.11190638123267245,0.027938545529408894,2.7309683727026557,0.6380458417198881,0
West Kameng,81.06345829439731,166.0992633253476,43.70023871002238,2207.6156485252845,0.1944968820392262,0.27773501461141525,1.0882711677177794,0.6729704169751448,0
Churachandpur,49.63349675376527,203.8267926148821,32.32482321152101,1056.7310221486114,0.8962787634678013,0.8404295563150133,1.102613031521327,0.8030293683898384,1
Upper Subansiri,34.96905791877235,134.6814871080285,13.209294288368598,875.7053627315304,0.8214397966992908,0.1318019520069735,0.20738568289646916,0.5675581677325101,0
Dima Hasao,48.94249340315165,224.30927490389635,35.22459127717216,1322.1939148478145,0.6976012677520588,0.2396827660912585,12.00456848672487,0.3605336554905169,0
West Garo Hills,74.54432965703161,165.41777248151047,57.76231400479725,2190.7411777614634,0.3746819450392335,0.2060458393709683,5.535648598450223,0.8790656807019411,0
West Kameng,96.22126496578092,102.69348234334672,48.21950274391858,1301.8608157060166,0.5138605863810513,0.01983915147019636,0.11005971341133382,0.3013799336200114,0
West Kameng,26.030787978590116,704.7403768739823,53.77047739991906,1506.4978790598218,0.1468349744653886,0.8110341401380995,4.94725270347848,0.8350779530070851,1
East Khasi Hills,32.58305955177573,127.93862184571097,40.1253367195284,816.0240579334393,0.20121132838209668,0.5689864037779556,0.3724804232772827,0.8572100827590606,0
Gangtok,70.3543866609033,89.95671988775642,52.2698542950204,1745.4887001807192,0.1728024096263178,0.04026812064326793,0.6829655932001123,0.9272585585226814,0
West Kameng,183.8483747478425,104.33512817608752,47.8838351436609,260.20911414708485,0.8050218122201351,0.05670187548783402,2.854730408198862,0.8000558975098022,1
Kohima,166.03195645086703,127.71265375298529,11.216985693109743,1951.6338536197109,0.6171374265526691,0.0042552992293179845,3.2753198360439635,0.32645698240764576,1
Dima Hasao,102.15024618909376,117.99424527161975,21.467357838129306,1997.3447115455729,0.4850679511870031,1.6995083044346224,1.7617832187454079,0.37418087206980816,0
Dima Hasao,121.58198747018012,198.94300363217639,25.213839647602136,2412.4724665546137,0.7783312095270742,0.2152651594813603,8.585091547661799,0.41354852278533055,0
Kohima,21.48189685154309,184.27186140995013,31.11898005630931,1996.0655663484781,0.813862810982837,1.065937707078091,1.6814747474430625,0.8518340148147896,0
Darjeeling-adjacent-NER,19.299123802564026,397.5656209386102,18.681613778875995,876.2772815462465,0.7462756855004625,0.21798968992379275,0.7472292722475727,0.16374157514516127,0
Kohima,17.012310237255676,169.02322560794045,28.583570335547023,2079.2741643202853,0.38185989469312154,0.04383683271218112,0.02275295698663117,0.47449876682278935,0
Kohima,21.14949927924705,100.94605561569158,26.60349269860755,1878.119997055168,0.4372893386857135,0.16822592295277683,5.049175887968254,0.5012924559699327,0
Dima Hasao,68.64491946980499,325.68870219500945,41.93014123794469,765.157227154845,0.6211154153519127,0.21667315964104403,1.2575965266238478,0.4086006543483557,0
Aizawl,47.8072188522628,75.67565961556352,31.91759979149692,1325.0787015746832,0.4782745398831275,0.0777322421189522,3.8143239244199685,0.4398305486206917,0
Dima Hasao,76.26112082231006,77.78910390139713,13.982137884890681,50.0,0.7428396608534859,0.021997043661354156,3.7164334312582916,0.6166484846129849,0
Gangtok,112.42686229686238,145.21349391887242,50.59242160605189,372.3716956633434,0.7822869882246315,0.15222213429163237,0.11136061555503772,0.19869745244539844,1
East Khasi Hills,54.388931200294245,133.41365892556905,17.893486651700613,1692.5770562577932,0.7259762136753555,0.3099974408653965,4.308952662627085,0.7914476164357234,0
Churachandpur,47.35226337782922,32.063645585876095,27.525123496053546,2180.9645807008637,0.26575649309542365,0.11792354533092375,0.8532268989249663,0.1434285226943297,0
Aizawl,147.0460353877703,342.68351865363036,33.67260698008311,1694.8932910916756,0.8282015661668948,1.2746018943924184,4.600759883271,0.6105569204713055,1
West Garo Hills,33.20899653746083,42.00071018510653,37.36344785236409,1233.2104276395469,0.5538422968187523,0.26266808436767985,1.694030855955368,0.42808872132884046,0
Churachandpur,13.420981797732932,41.84332147946467,36.113273830920974,580.1574942195161,0.43487369987248115,0.05582977572915232,2.2387150731569965,0.9373758799297092,0
East Khasi Hills,66.51739184600918,67.78023406941695,54.489509188099625,1586.61420487395,0.24432710438323138,0.21342848858512564,0.2672113473547591,0.4634854285126744,0
Gangtok,29.198359665657907,65.65786219800847,27.864619824387205,50.22291832379665,0.5994753850746458,0.4919899589597712,1.1922240926795498,0.28658202168194297,0
Gangtok,52.66174604362852,219.44836054200454,47.78128227463394,1508.9760704807295,0.5443134683578034,0.2671075101263038,8.842047479288325,0.5770017322734431,0
West Garo Hills,21.275684979524993,132.80592917451486,32.767587638881636,659.0172425135062,0.36812382552098977,0.1609283581180641,6.50552779254758,0.4680940861646893,0
Aizawl,68.28848608353303,67.8974891930667,40.29600909002125,1653.1863689278273,0.39029368776768364,0.04495404951007534,12.875317305295685,0.6262717789687345,0
Darjeeling-adjacent-NER,46.04585169386936,306.4225562993973,51.3893283616859,1682.2544360369247,0.5599052850491165,0.24614550447568218,1.784475161898576,0.46938418259061604,0
Kohima,44.518847176900394,343.2363388007644,38.67678272374996,860.7295848561204,0.4005007969161315,0.04098421559395556,4.263141328751516,0.25760238684736875,0
Aizawl,77.06274118239928,113.94910674990263,30.384086201835366,1760.2931114635726,0.26384457198077316,0.18537474793094766,1.5176486953050285,0.8434299145029239,0
Darjeeling-adjacent-NER,114.76449109777344,224.48179753424725,51.4722354571449,147.4979222699733,0.4525927066818828,0.04942077757380592,7.092606701081467,0.6952551874072636,0
Gangtok,138.88342309545166,25.052543843340207,22.51760934115775,1113.8631234825612,0.7227706236522234,0.45100265351192137,10.670049125811513,0.4682435030338342,0
Dima Hasao,76.24297924450907,331.2235107939146,22.258358859561152,1674.633896952192,0.6500631102680389,0.5924240259850608,5.2550946298522305,0.5878322524702211,1
East Khasi Hills,48.53288164722362,268.85603880165166,30.126138364290263,1573.0232854328995,0.233555999495189,0.11161329165151662,2.4266248597098765,0.8076227631530244,0
West Garo Hills,48.99594683750409,56.01975230886023,34.98100041402401,866.5830479295912,0.278259013856204,0.031061785817638778,11.26420273506527,0.9147146329632821,0
East Khasi Hills,89.37774825286809,381.1928255028665,44.537245641722144,1729.2628281238572,0.3597490767486989,0.17048990710526937,10.29803605027417,0.7925298066827038,0
Upper Subansiri,20.441187979866264,237.72284195250282,35.834218414659546,1751.5215127352387,0.5952673152014681,0.3288721625195896,1.6112690795415534,0.7450163009539105,0
Upper Subansiri,24.797436795951906,38.15928131655093,22.99278534588909,495.9796151001725,0.4501452249617508,0.5843004292362454,0.9051931092054148,0.20815950585252382,0
Aizawl,7.972176552872639,95.51821978519074,15.352662864252872,1132.8216030040462,0.9531775919551307,0.20626682091108092,0.5188545611879041,0.36962091402332387,0
Gangtok,94.10456678268314,169.67974091040392,30.954421597536843,1317.0274597161226,0.6458455794185254,0.18224808465302844,2.8253534934923223,0.48965036421566865,0
Gangtok,124.32997641942436,107.11441037389115,42.254897571518654,1308.4493150627272,0.3304448730802788,0.9558533940225928,0.08854377700695026,0.5442507838874727,0
Kohima,76.69592018121456,177.40808266107538,49.35910982337302,1686.863961560736,0.38490257497066294,0.23890676135253996,3.6079854985357636,0.5076679809202861,0
Kohima,9.677737843828393,270.6375264302402,12.775864732926955,952.0558368067626,0.4728439487727661,0.23711667271587988,0.131710483763599,0.721286791704421,0
Kohima,67.56524334182757,232.3474598128703,51.78999164217476,2181.490216357973,0.06011135727278976,0.2110524943565349,0.7709773825554157,0.5567698590170714,0
Dima Hasao,34.24047565702645,234.87454702657405,29.987979314378194,963.630456568746,0.5666082127753287,0.1805321666525837,1.7228743894165819,0.7578838874226989,0
Churachandpur,58.77037333273538,398.52952662612904,15.78702148536445,519.5956594348269,0.8835429750572515,0.5214919307083233,0.2562806929364271,0.5917370200471401,1
West Kameng,141.44901636628015,111.62001671920055,14.116006629191444,1063.9806866142599,0.6016595712602917,0.13239319269121647,0.09243204411522399,0.948090994243108,0
Churachandpur,23.69535589635295,38.47454203982691,30.860442065118917,1352.4805721981293,0.38532800364898323,0.19042528616494836,1.6338661451285108,0.42213670648165924,0
East Khasi Hills,77.08842889472297,215.40914647023527,27.746508924727664,492.7761767910356,0.4343919158790334,0.13267607290199795,5.445531456424822,0.3320776394243284,0
Churachandpur,42.28795152228634,382.92444498888483,28.32388581933988,1015.6420728416049,0.4176111542256011,0.33788476810495366,1.3119497729616052,0.21879677634558506,0
Dima Hasao,49.52860573481074,213.8313287669829,9.099686495448333,455.8986940499706,0.660177235391212,1.2914820925845776,0.5587319813095658,0.7314388050555581,1
East Khasi Hills,11.000634856366649,75.99950753533793,29.73518970827595,1621.8918427957863,0.3345937031976016,0.19791194964994374,1.3121029660038523,0.5585171185459018,0
Churachandpur,35.03994299305766,207.14779215831413,37.672765028549236,1093.5149728859817,0.7228931018179241,1.379361560044382,3.2060476586280764,0.7970172904084631,1
Dima Hasao,16.707141590193338,166.288728301421,23.816113974788664,50.0,0.3929812721572243,0.42765095332969427,0.10560604504491151,0.888709651006026,0
West Kameng,80.02679159237363,194.48690434127525,14.763331925592137,1822.8234024678725,0.40392512019919535,0.6347685758140922,0.07807001737421286,0.9880549748001758,0
Churachandpur,50.792194707980244,85.79569283035707,10.038132043260477,497.65298180152627,0.04965299415775613,0.16198803724360095,1.5533780860888946,0.8981242629510858,0
Dima Hasao,69.7285401456262,115.62485734968662,41.15192429137567,2800.1564343831806,0.9661976344014624,0.10165874304184384,2.8228918993696412,0.8745162396015727,0
Kohima,24.033030031686692,175.0493330100399,33.78463383632112,789.9396589481281,0.17173556160507153,0.34397383193998954,2.378222512555841,0.860153236705927,0
Gangtok,31.450005066132636,301.95882694561,43.24216034336354,852.995339151611,0.37108795461106636,1.8733011222332694,2.539043670119254,0.6561314295831441,1
Kohima,88.5719781882982,142.49972604392354,39.37854685471658,1296.2476481489207,0.331320706796938,0.49541154325820014,0.45295927755079063,0.6973573013408808,0
Gangtok,38.092770917146076,285.0589310505932,17.570844644876185,50.0,0.31277696060792864,0.4578097092450406,1.9344580787605572,0.8081826021130627,0
West Garo Hills,30.469418076894485,100.22956434108504,5.40369608781851,1464.2516955542796,0.3390371128531328,0.23920929413045433,1.18672743473822,0.459085735922351,0
West Garo Hills,80.66460289548,592.9190159243428,19.184479442713492,1620.7238488191535,0.8955715022489003,0.84639178537018,0.2927264155794093,0.47924381579244724,1
West Garo Hills,24.49824999741814,103.62050658084799,56.29801525265874,1743.7658158251957,0.7415227238765322,0.47756650995733363,0.3425942969768998,0.6578911447841728,0
West Kameng,32.123406702717396,114.75690990058479,29.540648160246345,1368.4378504451115,0.5594257463702355,0.4494282571879099,2.5915133091299127,0.5754352775818657,0
Kohima,46.53592951209366,216.99015952911518,10.139812680909714,1254.6469555570875,0.8665443920452713,0.13842548053159207,7.879248678490196,0.8129440728796922,0
Gangtok,64.89668506521825,205.73817785639915,31.371075822373953,289.52508444390764,0.21310593941762607,1.2655032284110064,0.2809621170524115,0.3712518426815169,0
Dima Hasao,39.86836416606537,303.20852928242493,3.8049277855151944,1495.8918231888383,0.6035177587704641,0.11527977125321597,1.7074497726838969,0.8276069427909614,0
East Khasi Hills,12.18508131721256,215.51388930763193,49.91793132815624,1174.9086369619388,0.3930350769327441,0.29667207329333306,0.7123028108924674,0.7051263962310708,0
Dima Hasao,72.05441586541438,122.3424978520028,34.4805308948773,943.7733620727672,0.20700013823625715,0.16593698325928163,0.8268505497725208,0.19097678219140052,0
East Khasi Hills,103.49025769778324,295.6235279837682,24.910031742533867,580.2563340173589,0.45423089365729147,0.0797587272600477,0.6354708134909923,0.4885345612079765,0
Upper Subansiri,29.758089338815765,96.9251695893688,36.34166241310783,1487.9317747886773,0.63673356437641,0.06223759772350023,1.9724468809618576,0.8390832902147606,0
Dima Hasao,37.58158568426258,201.57824225224118,24.669651791569404,1006.4203876360017,0.12725304969491938,0.13862757488754693,0.14596167609575056,0.411099332563637,0
Churachandpur,18.611838142101096,50.545344846118375,35.24092989448237,70.74222409042204,0.6804538747751296,0.46715848404582494,3.3918135651607244,0.4658848035568999,0
Churachandpur,48.050238518359876,452.234437271709,43.67259190474811,1066.1759453657003,0.5987593056721179,1.4720800145639916,2.3331469045074,0.4836866063182941,1
Aizawl,22.02655568474522,268.8612337379745,48.36154961258197,737.747479006149,0.7861945277624584,0.7676563159298292,1.214645555314278,0.4380832699265757,0
Kohima,121.53990464813272,215.8537292201471,50.29462607596537,1725.588714166517,0.46545177988194164,0.09837420498494681,0.6142727209393157,0.31607363043873005,0
East Khasi Hills,36.09999688851389,130.03270217257403,39.92244872518045,1100.5228178647117,0.43201018966573157,0.03266315340270247,1.9213978901275959,0.6784476077641172,0
East Khasi Hills,32.53472204307501,143.62317390447203,37.46456284060856,1042.3649927557676,0.3409832277452832,0.46421289575926683,7.761233426510701,0.7304434003864578,0
Kohima,35.278682411259595,44.54956537429672,26.44231392889512,1385.2388115185129,0.49809188929178977,0.012197908037513016,3.078412619073946,0.5515635727313517,0
West Kameng,24.224168857136323,261.65558987256804,43.95291898721231,2204.9537616324496,0.4173360461563395,0.7839465492355742,0.8190237992379865,0.846252087071516,0
Aizawl,52.9648315652513,91.86187705139,39.63992485554261,1443.6345105452444,0.07924329114185777,0.6984416718023986,3.395898891129487,0.6202987187087711,1
West Kameng,34.873905748820825,465.74791565440876,45.58863498078284,726.2191601859415,0.9136375944882719,0.6313701564144412,1.7531545546455254,0.8814017197045635,1
West Kameng,82.41507652743103,68.23585273448786,10.949383557573414,265.8330872579804,0.720335800554885,0.321560323272704,0.1230219322172573,0.9091744010759509,0
West Kameng,52.79980688444246,111.86290270562827,19.20669412363654,1998.1385990849865,0.4865409714217558,1.4527582710603577,2.4028025932402537,0.5073391587608349,0
Kohima,67.58719958387303,135.7408313895662,15.448786056233928,50.0,0.17468928847977558,0.24526621040212435,0.6660889655431078,0.8558175544888901,0
West Kameng,72.74171573760101,185.7451917525493,18.56112069485974,1187.006242755283,0.2461281200640734,1.722989316015279,1.317636770875004,0.37199508788966384,1
Churachandpur,103.25770731331443,172.0195050197923,7.433748452351472,2609.6273365057273,0.5455013498235377,0.8543929056877411,1.6274596708121456,0.31743272306596454,1
West Garo Hills,31.192864574813843,249.13054169535633,48.02608246399076,133.41060072823075,0.6951820244983188,0.0541180812407746,4.014958202383233,0.4100170674673668,0
Upper Subansiri,25.738083254857784,346.97364399583296,46.09216276285055,529.7906675774565,0.7161052410596125,0.9011278553546429,2.169158733179555,0.6427414675583993,1
East Khasi Hills,29.531590587704564,86.6326894777911,32.613654228303524,1319.5334871787404,0.8926011613064075,0.14546100218427258,1.039153844082799,0.7500995895192598,0
East Khasi Hills,45.86648177864723,41.45066471847595,8.617890735338596,716.5441720298977,0.6336795773149188,0.5848392337824836,2.6768746768830765,0.7784119367034695,0
Upper Subansiri,56.58585046207111,386.2518738518172,26.783785283614424,1130.5890276550508,0.2276745202271092,8.367261728742164e-05,0.5332772497227948,0.6067464192562093,0
Kohima,20.853692690765026,244.33652077169538,23.613474137139082,1455.072079968841,0.6390752638760435,0.129101241028402,4.3260876924136875,0.7767309713285211,0
Dima Hasao,27.808060038020272,98.91911254824574,30.443590788268786,1541.5505905176103,0.4266888040001296,0.5682688242989583,0.5623325369552475,0.35913992713920345,0
Kohima,56.74992499000254,42.289195309180506,49.90054402303523,1864.7909936402766,0.6128422583420314,1.4352129891931815,2.0441233840238064,0.5302794630759714,1
East Khasi Hills,51.476264177347645,165.02494150959444,35.038267534197956,251.05385050009852,0.643108322152732,0.07499599982175507,0.5739359115127072,0.45580582012644894,1
East Khasi Hills,32.970669387597916,268.1000373975992,38.725297176203405,1959.7629244034779,0.5741611080931142,0.24603894560064635,0.9846926255494349,0.49189626089163047,0
Upper Subansiri,12.363314741393125,74.85940323379037,50.83876952238287,2007.98115938938,0.6137530106843329,0.35388746046545455,1.3725671727413669,0.5242669402011706,0
West Kameng,50.8913013284956,198.6694704627337,55.29350829169707,1707.4241335473325,0.3405509327443002,1.2193373451258294,1.1448696318235776,0.37139518003925015,0
Kohima,70.88754562211784,130.85474223343982,43.29658166041096,521.0347625996701,0.7763039270611992,0.24151931622995845,6.7902013861087465,0.561845923448349,0
Gangtok,68.5083851867907,117.98758692609248,21.364373034187174,490.255707370329,0.5967075170603818,1.0844302887868411,0.6323667987952707,0.6992035535997569,0
Upper Subansiri,37.24938808023416,290.8122998134217,13.85165065699462,1377.961537128495,0.3367270478752188,1.5301174035528153,0.496584205599968,0.7048879192915659,1
Churachandpur,21.660206518509963,51.04070580516478,43.018881517723734,1586.3108168572185,0.7077343834275468,1.1363946763103725,1.8221241972461713,0.5858997230226677,0
East Khasi Hills,15.399879086886987,234.18308116793995,31.37958308097571,1905.275327933205,0.13040987312915675,0.552491627481059,7.435709514439473,0.5439450357388492,0
Upper Subansiri,20.35964813400806,189.3537908242859,15.04584401172252,911.4697705165049,0.7856148867859631,0.05397551783145989,1.7495676354895695,0.5443540566014375,0
Kohima,61.58478444998181,194.67946076263163,21.59419297702074,1575.9621591213122,0.736269550413327,0.36893696870331183,8.008396912123498,0.868524372184115,0
East Khasi Hills,35.21300016384913,145.62199200727846,20.59257785599999,1543.3262475009633,0.34362916095232837,0.5602007779476771,0.5278997443091559,0.3432671787015771,0
Dima Hasao,44.16533795829266,119.14551006268428,26.911429089983322,807.3434701531951,0.8892949868783481,1.2396018199533865,0.025773347003044126,0.4015345231017017,1
Upper Subansiri,8.311029193448071,106.67313599755062,16.414765556355498,935.5925728713779,0.8413066455353001,0.6019589986769656,0.9022281384522484,0.7204080095430846,0
Aizawl,84.63098852986329,327.11581393983647,46.29153673077561,242.01744306727937,0.7555046542375401,0.30968649035952134,2.5416489927270196,0.22225415906091026,1
East Khasi Hills,101.94372273002688,147.60988961179473,44.496774180949714,561.6255241784032,0.67722407423472,0.09184762322144299,2.2415267133798604,0.2589840703507141,1
Kohima,24.307515810506246,125.61864320052999,46.719850534499535,822.0005052074039,0.2594488640799661,0.24429969221154182,0.6917711411663036,0.47160735009488264,0
West Garo Hills,117.32301754624052,212.18665240604983,52.85370712980504,1513.1491935840058,0.23539961383571703,0.40677700228340996,2.7086256732717584,0.7290238465618659,0
Gangtok,31.180937743901787,382.66775275032546,42.804450457638396,2557.577802915637,0.20794664731232748,0.15697957384557057,4.4335317738335265,0.2768022863233956,0
Darjeeling-adjacent-NER,18.781351319207506,208.86119068459854,54.247975926976046,1490.8702636515236,0.9162141233361649,0.24385376573175077,2.905449161894971,0.47769983733851334,0
West Kameng,22.732957292240776,179.82773260682933,34.82547376032746,453.242678665423,0.20796248544347545,0.007005136430237458,3.253574136255524,0.3515875434355725,0
Darjeeling-adjacent-NER,29.06213331503537,160.32917652497818,32.85353618770458,913.5751210549902,0.3963553463623401,0.8448686752646971,0.9190031439820436,0.840749668254431,0
Kohima,26.59933380177953,263.06013894087573,7.893128064964418,1830.1458898550973,0.5544766798005395,0.014153846360022985,1.8833488875001274,0.5774135632538563,0
Churachandpur,33.13505827905504,133.42095467798794,44.14360598153619,718.1309967540082,0.7807852937486728,0.21057218298026356,0.1091100193371223,0.38094747616677166,0
Churachandpur,24.42808318570655,279.10851107389925,19.556885799196017,2099.5203062744913,0.9258741276185352,0.2861358500091642,1.1121318089449843,0.4317774364702205,0
West Garo Hills,77.69558291517097,300.82277208334614,37.61000400497243,1610.7161847601649,0.10210113679092257,1.4362371549365671,4.228284678636192,0.7462692096335426,1
West Kameng,27.603512736273977,36.152045290626745,21.95952167593962,1049.0843744496503,0.7925352925761635,1.0943546702662175,3.9029243673571474,0.8009703579378693,1
Aizawl,9.372845210864893,278.9866598072098,28.112227278652714,52.13555382853383,0.141300464747183,0.41579041965905117,7.0670860165755345,0.8116749456882316,0
West Garo Hills,17.078432410445547,305.5421859466325,23.54703395164101,1804.5002168999258,0.5782043451933886,0.3508796076194811,8.66539777464001,0.6582388852741213,0
Darjeeling-adjacent-NER,34.97843662286345,138.52376366315917,28.19497156496693,1586.2093209357076,0.7203591382734017,0.18263341619179999,8.999655965639445,0.24103212295735443,0
West Garo Hills,38.86218069908529,50.32054567092232,32.997735004263916,1483.5719866087938,0.4808614163157753,0.016782128793817352,0.4281018473978376,0.4927544715902021,0
Darjeeling-adjacent-NER,80.36269114869708,167.6099311550039,20.68905205680684,2805.060277672149,0.4319022759396223,0.12462993762854589,0.3213840617670187,0.8125074172815285,0
East Khasi Hills,37.45638585313204,177.95226592344972,44.70327983727534,638.3606753893432,0.28211444749682457,0.7528209859825292,5.200249818653683,0.19975830843300132,1
Churachandpur,50.423333638244074,124.25266901339691,30.761333714486014,2112.9526743884085,0.2996557736320629,0.41795564508136085,1.207772879403178,0.20044203335542168,1
East Khasi Hills,30.77436957911147,77.25976543643661,52.93194514758999,1088.0977570754183,0.3025636256607239,0.6737209597092028,1.1047394238432031,0.6236426079248888,0
Gangtok,52.32913485088046,110.05206351096302,41.938997997644506,1353.0899674360803,0.11442135552389669,0.7255364665983246,1.9071663846279274,0.44442312579960525,0
West Kameng,8.282521436959449,266.86631985916046,28.051698297099744,1387.2824798185795,0.39972015829950985,0.025690573826623066,1.5010210091438645,0.28444292880595073,0
Aizawl,53.55276934648092,153.15160993515957,27.900599142864813,1700.758343708855,0.629351200673237,0.16447836522226533,0.6309176184458789,0.7603167477623829,0
Darjeeling-adjacent-NER,34.09632051779595,83.94835313370923,52.31402863744497,771.2906863570585,0.1119409834711134,0.4507891425641142,4.654581967356323,0.1523975036028186,0
Aizawl,83.11560616211793,335.0631587524921,14.376875036311278,2636.279605354537,0.9130895270529351,0.7671695593283095,5.9994209868531145,0.6411105244626059,0
Darjeeling-adjacent-NER,87.39671176409327,273.8227866363505,27.74693960587459,536.6610016570919,0.13836889367668148,0.646651583803096,3.440923119441429,0.5720276022079819,0
Kohima,58.00800141646816,181.90431400341808,32.26400558406697,985.9471350573438,0.9231459544353485,0.21937370719738009,0.1231650023884001,0.6022515552256784,0
West Garo Hills,30.94745023202028,57.09524905969151,27.95167484066601,2306.0258213601464,0.32303246345671244,1.0759044835945681,0.31367147718204325,0.8126293185815835,0
Gangtok,32.430919767093314,343.3289087502753,13.048563492790887,1907.8918802190633,0.31718766139504434,0.14307995455950692,1.0616622504522886,0.5293488591749417,0
Churachandpur,17.565719031798878,452.7884172937124,48.484511205431986,985.9878631064876,0.35224142895117216,0.18849858625940252,2.033829191082042,0.24724881655419537,0
Darjeeling-adjacent-NER,36.17528261153786,261.91861467859735,29.681610825518273,1608.185737240316,0.8555219983670687,0.08007406559366759,2.3509116761595292,0.6204448109278946,0
Aizawl,11.324434992197013,236.37497320104583,19.154143020249872,553.5682610414249,0.3312768735205134,0.10294936949471736,0.26338809563700205,0.8939989820694046,0
Gangtok,35.640340131231284,263.01371119894856,33.56831800306703,713.6516608228244,0.6181839200623886,0.0035005213907200027,8.062313601419435,0.2791394337647386,0
Dima Hasao,80.42219495365508,465.2307898941783,47.333960092534234,981.5217283009509,0.2986722358345219,0.1475514843593879,1.885272322926404,0.6911534211855109,1
Dima Hasao,28.66015801553975,268.6782477972108,43.731907650960565,2055.8451890324372,0.4541180542072139,0.14644209775865222,1.4129716305781301,0.7644595933027923,0
East Khasi Hills,53.616438511052536,37.12045684492099,35.52605204623465,50.0,0.7852094438101629,0.027857984214881837,0.5302550833746735,0.4346310940805696,0
Churachandpur,66.5440073082457,114.32193289952626,32.018911415275404,1728.317990180034,0.24253794196417675,0.16649591054293383,7.531864651506365,0.9677080322818329,0
Kohima,76.3799955575377,141.49152858904787,27.984306690412907,962.6635442991558,0.6688387027772233,0.14346119942839772,1.4827833223721063,0.1848733953931441,0
Aizawl,28.51332248453679,156.3947807856871,27.872532078830087,1572.69889978639,0.6580659971184813,0.6418888074424417,0.31330002634798004,0.6265745203933603,0
West Garo Hills,17.864470237075295,187.02825173014853,23.870159952112655,1550.3098638508125,0.7031514870235216,0.06795804216451022,2.382159231760631,0.8890981769026639,0
West Garo Hills,15.650894445452174,307.71157491514253,16.704640913354012,1183.8984387089129,0.42951878921436015,0.5165136694225226,1.0775437147805234,0.5429273624853487,0
Aizawl,18.94288277538948,125.37037388746907,40.28249168210813,746.6875525061052,0.6427236603115466,0.05569853239301151,4.125602489177701,0.29628525072148215,0
West Kameng,30.354101860965233,95.71067601670657,41.3641722590271,799.8683733846326,0.8230764797442368,0.2742572319894602,1.97120483983395,0.857305689132413,0
Kohima,10.992733651670033,324.60003865856487,43.3447981181452,1011.8560940242487,0.7807234790506125,0.5333046191755122,0.2792827468926392,0.760109225973407,1
Gangtok,23.09894938728606,160.85436285248113,23.795314995587745,224.44127887317632,0.45311276390484895,0.37302464135811153,3.4717981714005592,0.8226717015707751,0
Darjeeling-adjacent-NER,85.31957340773191,34.964310164629836,38.48058798251149,1253.663083632667,0.9088426169351783,0.41524448021492955,0.9084096270983056,0.6510961878437658,1
West Kameng,80.87489957318844,230.68750672481303,44.90303090484042,776.5352091789557,0.6210629324916118,0.0924555401296927,1.3116522518433704,0.8098290877973449,0
Darjeeling-adjacent-NER,4.970412353727684,69.63452234561832,11.849820148872118,922.2015324635977,0.38136999967434243,0.7027177147178278,3.7363061944544134,0.6886282597835053,0
Darjeeling-adjacent-NER,179.52025655810175,216.79081814908847,7.326207317516804,1076.4546169284824,0.49509787097718516,1.2155768367744058,0.28139138675353265,0.7334170910822424,1
West Kameng,99.30108404551436,121.49887622970435,30.619526794386758,1650.1693921729843,0.7995837396753483,0.06706908268714691,9.516814654437354,0.6342130269394302,0
East Khasi Hills,10.835052242592685,54.776113312541696,41.241405767211695,1942.9266381879193,0.357748528606463,0.8766578317720237,3.027378735407318,0.45538958111313715,0
Dima Hasao,43.648052121502126,153.31316688103996,22.908312919439034,2023.6511303797727,0.22575409041139724,0.20279427265880293,0.5348208534002915,0.5283249752173504,0
Darjeeling-adjacent-NER,28.299809489548664,249.53422868736143,46.95396397064197,1446.378435337564,0.20817308751842878,0.48003907765560305,0.14970733124295835,0.7368069654108333,0
West Kameng,25.91545212126109,285.4367094622353,41.46572279143155,966.1859730553541,0.1538371193873804,0.2826717871539338,1.9660937854794804,0.6533077435895576,0
West Kameng,10.305787843466847,53.82065453100086,26.193852320965636,415.2971826766054,0.42081132196760085,0.6306707793434757,1.1920991611977936,0.7340665540551712,0
Upper Subansiri,75.91398880119209,97.14109901769572,18.548690062204347,2664.5312614370196,0.5713146396318923,0.01853593888868424,0.07487219803943801,0.4954179578461658,0
East Khasi Hills,75.15458497267834,257.5128708924595,15.54135385059336,2268.5715666558663,0.5310891695375071,0.15643958761381427,2.349018359817276,0.47573170673751164,0
Churachandpur,54.77082327920999,119.49416353746265,25.212015260637706,1735.1754447539724,0.35046422114116127,0.019460478827185452,0.9231284495053632,0.39623906554468075,0
Upper Subansiri,140.69495940821525,89.13452781141721,35.57114615387074,1594.8380207210291,0.46929915574786424,1.1368596705586702,0.9714559464866419,0.9161702149279496,1
Upper Subansiri,36.83068331363853,235.2791816668995,43.5142685827289,987.600905268911,0.5718392742324333,0.07460464197830867,0.44235553858698323,0.759235430944403,0
Aizawl,23.58960886065106,97.77738829884201,34.144172384082495,1278.2751132689923,0.045902046180098764,0.2210515764249419,0.37815705190084037,0.6447246953326607,0
Dima Hasao,17.773837434550927,55.36744824337435,5.388100611923108,1752.3770357948679,0.09351370217057506,0.4102705659887662,0.38971134540482183,0.1762975648308948,0
West Kameng,20.090063705163555,134.92780586374974,29.032433850119823,65.4672108003665,0.37450453494979863,0.24758804040474292,5.430208252836405,0.5920049136813014,0
Dima Hasao,97.81566092192601,161.58730136616242,33.09194481575756,832.6997353922563,0.19844646649822026,0.30761608505418886,1.903982061008992,0.7648284699128732,0
Kohima,55.41966258428753,96.55521342746755,49.44913831039548,1206.3498143795816,0.8619910709151427,0.09127126088094671,1.5844897808120408,0.5572403302225962,0
Aizawl,30.35929427484405,36.13785474207747,36.42181037695886,50.0,0.18415213433496547,0.02775248568070133,3.047443377513383,0.8736662321851856,0
Churachandpur,24.609858348833104,165.91745814269467,14.121857495907925,307.4918597563368,0.6111161515649641,0.11903283929482429,0.9633024072526153,0.6154207900331989,0
Dima Hasao,70.62855252565038,286.4094962212013,42.98629144292426,805.077605196304,0.6997962942101186,0.1525958379828153,4.318083854503319,0.7689264486797668,0
West Garo Hills,12.734849291623588,141.68315607734365,55.197047853371345,1251.6037878349648,0.3440415195940769,0.21501425949385933,0.5491102929330836,0.6410846571514899,0
Darjeeling-adjacent-NER,15.40188318581329,63.47256903575921,28.293312537592502,2106.186251100084,0.43391591370968574,0.14036245766721328,4.0571125766976195,0.7753833338983229,0
Kohima,76.15992176803928,126.88992252922259,47.84450916907455,931.68832990754,0.6192691722782299,0.014587164842514728,0.1441980213371698,0.7568147206067916,0
East Khasi Hills,53.651048929192356,253.5538042266678,36.15021512059909,2328.6773758263926,0.47355731428219167,0.03975489656031917,0.426494663228944,0.7528934417392172,0
Churachandpur,17.837305604378955,74.23914588184036,33.9533266401941,763.6375944731267,0.3413533899291712,0.4481203492444478,5.579257653801285,0.5893462449816056,0
Kohima,45.32753470397724,156.41209401963087,11.803474423171682,1124.5415396391081,0.32698268479933634,0.026094264901835584,0.2885506271239844,0.5056604272812198,0
Darjeeling-adjacent-NER,20.104140065022957,187.44043526802147,20.709828860518606,311.4092263536595,0.45935299612269204,0.018926213480526,0.704440170997976,0.6859730642398598,0
Aizawl,43.97530227178779,137.70536822303214,24.57560985312164,938.4559509337572,0.7797282700197512,0.6680707718812552,0.10908830891423302,0.37872809810246,0
Darjeeling-adjacent-NER,39.91722974334804,76.74679858337608,26.003091788121544,58.145279521101656,0.8551394702060332,0.016847246430991007,2.2823940798794005,0.872972213189184,0
Upper Subansiri,28.36807978888126,77.44187144466832,41.05504194197135,3231.46771782382,0.4037139586658268,0.02848385743206467,0.9926665772451182,0.6559747385349469,0
Darjeeling-adjacent-NER,28.430563588218376,191.10141010543333,3.486912943551376,572.9586190837373,0.07303527646642567,0.31897012869121116,2.509300277842363,0.7479333304630534,0
Upper Subansiri,16.399800701897043,65.49941645351048,47.308373176849734,1415.4061534586804,0.6001451913772897,0.23396430547460764,0.22421162588691407,0.4138678952133955,0
Aizawl,30.91330628787281,53.87730731275927,44.376059230975486,913.8224072733733,0.809188686066897,1.3347473008531607,1.256752509900029,0.6401954767861786,1
Gangtok,111.11151766656047,230.63181263278594,38.31356096672222,1058.869304357258,0.4929420214295875,1.1048757847339694,1.161753329831769,0.18291625643751558,1
Upper Subansiri,41.959249409230196,261.75058091856636,14.652200306183737,1154.1369716587647,0.6454534436919153,0.4317811986177913,1.9241633580472237,0.3149948437031068,0
East Khasi Hills,153.12269640051153,127.27392287354333,19.69515175919521,1769.678684248076,0.33333676661203304,0.02983227934948651,0.8740112834409884,0.8767502197093601,0
Darjeeling-adjacent-NER,7.66800300144221,374.9277228513932,39.38348506821994,1504.911177975072,0.47909926246794754,0.2798191152347331,10.458888089271722,0.357841537705177,0
Darjeeling-adjacent-NER,26.755104047453592,111.25610176233214,52.069333069505284,1345.074501832576,0.8284972854521766,0.01844554780215404,0.9496047470579148,0.503918598934245,0
East Khasi Hills,62.29353954401914,177.9167574566007,18.801242783997008,1547.8078252587518,0.8100079832237007,0.9541133969614836,2.979873678214397,0.7235238694332315,1
West Garo Hills,179.53207730664522,291.5004302283253,23.26396550657365,1422.6748046733494,0.5215736451355095,0.431503884558345,1.1404504111377984,0.44325179609875803,1
West Kameng,10.778218562778719,125.03032060325825,19.748964774039617,434.306330538683,0.6390881227109141,0.34122903237148255,1.906961342575614,0.7041195486664524,0
Gangtok,40.522200820596424,331.57909859972955,15.041678883615806,1051.0967674491565,0.565947941158187,0.22337928556466702,0.6426170094835072,0.5895956191407506,1
Churachandpur,58.356584084658756,297.2031511301948,36.6592184519237,1610.2832601144403,0.6567967398632812,0.28510889089812846,0.4742453571280898,0.7479942423846522,0
Upper Subansiri,99.81049525372539,264.1489049582916,13.868302121917576,842.8620199960149,0.2959072608186719,0.2045267178220029,8.974097790955152,0.5133070631027787,0
East Khasi Hills,27.026982982505533,78.33917144985848,41.73958891482727,1414.2822687735118,0.4860817128575887,0.04197270212129349,1.9464319182384224,0.9120250087143045,0
Aizawl,33.50519234904255,299.4691494545506,42.55823283383524,1861.4395168221477,0.7553428463536859,0.43268608263822594,1.5442252670222498,0.23796387721622267,0
Upper Subansiri,16.89681963149766,254.91036926963417,50.5967173054268,783.6464943481924,0.5731682548436636,2.251934905897406,2.565077883000014,0.7201044462097701,1
West Kameng,31.521692680269158,145.8445608124529,41.45218362813795,1810.9479327100205,0.11102741492184072,0.047735585458624316,0.6322441901896922,0.6075662288899648,0
Aizawl,36.68160581868507,87.20550746957645,23.92094061409402,1136.449702901972,0.684097886772352,2.0587064742201604,4.314546861740332,0.617484589711519,1
Kohima,56.15410194307607,265.14462496327315,43.55819167124619,1243.9459808635422,0.27929465603086473,0.9194864360745362,0.7133316975038562,0.31029524886255677,1
Darjeeling-adjacent-NER,71.38942003501703,299.2488618530249,56.01344162124123,1707.873881636123,0.17674759248092692,0.8984237741974079,1.9551082171501586,0.41890511544331227,1
Kohima,12.795905679809314,140.4327870500762,12.03797817844567,1555.9603096000465,0.5889448339902545,0.7117335053473748,0.3400660465972539,0.3730681795817933,0
Upper Subansiri,23.85242511486671,224.40174022781696,56.4453370468724,50.0,0.8822784648902633,1.0284655605707482,2.136613576735363,0.876502057940295,1
West Kameng,53.721484652951446,244.0718994767299,18.32071631870635,99.07434531257854,0.811232235585279,0.11317043444473861,1.649069842809558,0.7596175470354505,0
Gangtok,8.48569685515604,66.48425175815999,28.391090019507665,1519.039198229543,0.4958906925162971,0.2298978874899479,0.8235065042033889,0.5692710879918648,0
Upper Subansiri,123.71152759948554,297.0433160303902,36.66298432911589,1115.309936351547,0.25280063660214835,0.26142823304512164,0.9187111295467418,0.581402791728006,1
East Khasi Hills,93.37145710820718,328.2797863259621,52.89431736267835,238.13282324182398,0.24697434530237308,0.02816050450914706,0.02464982321989343,0.8372597174315654,0
Dima Hasao,59.08465414984087,76.6162159408447,52.516994167013,804.448133623049,0.8848588798459994,1.5843820229726786,0.06924165695037054,0.9316977322306976,1
Upper Subansiri,68.11277893056359,92.40263511820014,48.122266966051626,182.37334454962058,0.7039180812799255,0.46775454866729227,2.29609209610695,0.6467018752575734,1
Darjeeling-adjacent-NER,88.56064545636683,182.1853249711978,30.884601069411424,1136.7710181085429,0.47035817107146105,0.24027816903814425,3.1679550246317505,0.7551979604487484,0
Darjeeling-adjacent-NER,91.81427059218873,320.6080610740251,33.55152231620199,1954.9508396475776,0.38846805472412227,1.9446184505231103,1.9791164869664923,0.534414085414644,1
Upper Subansiri,60.37032075198485,343.94933721367045,26.643397094750163,771.0296507519511,0.8220143124267808,0.1270900655191187,0.21365296819373578,0.6387040991405536,0
Aizawl,14.203202909269763,71.18591988940436,35.086111298573215,1347.435654839023,0.6867201939693061,0.16440452582344317,7.070051035133344,0.9484939946564861,0
Dima Hasao,52.93013273910767,201.11486239709984,32.96689527848861,1137.3440066873975,0.2235775780572434,0.08471089353567067,3.1244499955137526,0.8283000530452512,0
East Khasi Hills,94.54201288870466,92.94177521663894,25.672793281741264,2160.6969488961695,0.15529162111478442,0.0825694633343981,0.6774713650980059,0.5181940184775395,0
Upper Subansiri,47.297206331208876,57.320359277736564,41.984715352959945,1960.9301559705737,0.609602653742173,0.08353858599242696,2.7829503859146003,0.5146729672348583,1
Aizawl,77.0652488315801,211.7933242934133,12.52278480840746,246.63878559420925,0.5235646196835455,0.3775026793413978,0.2954325593163552,0.7552081544837865,0
Darjeeling-adjacent-NER,68.67284599845274,190.25440074902127,46.04306633561711,1085.1639104376718,0.7144302970091627,0.13933214605079677,3.778379878254356,0.5753643965910479,0
Darjeeling-adjacent-NER,76.70286458781545,246.3237540144702,35.540102629419756,668.538616417218,0.473857196776782,1.212360701600273,1.6392633879762233,0.8757014627444555,1
West Kameng,27.589947912710077,312.77171562237197,54.53686892576045,839.4518832588899,0.6232690486889162,0.6787091458215396,1.3164072705657515,0.5197911983846011,0
Upper Subansiri,75.1801121510673,404.9994520069008,21.69494226918422,1671.2214594177267,0.40627205978764996,0.07031594593853174,0.022970999817651314,0.7509658984093924,0
Dima Hasao,20.624739797165024,297.5686540098047,26.838654931355762,1315.8604542548208,0.8030179035056023,0.7182605324968251,2.642302761561692,0.3519495014225225,0
West Garo Hills,20.768179580034285,177.88324085142128,17.317429504498783,1662.9071808370752,0.9783643145307055,0.16964986403892507,4.415247574519565,0.8679447540111809,0
Dima Hasao,30.687723401194546,209.6785388852193,37.14423244957652,50.0,0.8406789608840878,0.1033881889666729,0.8502368428193343,0.7081376657435426,0
Darjeeling-adjacent-NER,65.59328754760209,117.96653606313433,19.607984258998467,1758.2666772965797,0.35463763318074054,0.6094350153069934,0.029596178532954535,0.42963267336740946,0
Darjeeling-adjacent-NER,51.74292858719374,464.8378449272037,30.940122065642463,1456.8519656528597,0.6592775688253681,0.7779588180318115,3.7326569016202504,0.5689714839332536,1
Kohima,48.54246210080373,201.88003670469786,33.12271285246821,2164.1738602546466,0.8956047675450383,1.2920662289055072,2.524201078235728,0.6801559194351832,1
Darjeeling-adjacent-NER,34.35663979663415,264.852544812775,47.771174893305144,833.5122121961313,0.7675248866211672,0.21804205740128,3.7502113845971,0.3743315988402671,1
East Khasi Hills,41.30012293226048,129.33106346336714,29.39690915508384,1845.6655436637152,0.27930991396566524,0.33031628447057537,1.9321897838967534,0.855253412646711,0
Churachandpur,16.830128381999177,318.56521503395413,21.947049695262976,1375.2324348473637,0.8275680329739689,0.38171875731309113,1.5448452354666302,0.7705561956102711,0
Upper Subansiri,15.914939202118788,257.5405592125168,44.08487101932791,1279.8287597222554,0.1897997658701925,0.3952265235914276,0.6191006087068545,0.5629241011853606,0
Dima Hasao,63.498248704677394,239.04087649616068,14.663180141404586,907.2697492712799,0.4867837321877479,0.2057702176698225,0.20529874076950239,0.36218087300587,0
Churachandpur,5.471151172892456,168.57547616618058,50.47992972893662,1143.24330345636,0.8862743826593656,0.06611511301833593,1.5940240103305352,0.9565923985630502,1
Aizawl,101.14798579483771,106.8715710270728,25.924987639421005,612.4173272300989,0.38487482278349,0.02922009331498744,5.069925656221254,0.809920320878498,0
West Garo Hills,49.41610204972393,322.8173625517942,11.106413996373378,961.3515596524414,0.24480478676991713,0.9457347860604552,0.15295101593236543,0.5872106501782929,0
East Khasi Hills,29.11038031694353,245.37634367680343,45.84752005476665,845.5400597995069,0.3207021122687235,0.18263033597841238,11.296321991893603,0.5363049003418028,0
Dima Hasao,2.2556256836582205,53.10233225103617,44.40848427469155,1028.2975798301072,0.3004482239624386,0.07971580065219624,7.3432712062331635,0.49166974725415735,0
Churachandpur,20.900595655382247,407.30531180942717,15.65542513570779,1090.961214351366,0.3596489335311428,1.6435075584476078,2.559259427837551,0.6419482202480786,1
West Garo Hills,36.01024129429527,226.80322019720936,28.1100809147214,1106.0053849822698,0.6792843748614783,0.6496336244059806,6.139655178917868,0.6294991656530805,0
Kohima,4.9996553622960835,206.75324130239383,40.605764558005625,1195.301988700844,0.28344982010179076,1.589195431818411,2.015946067718567,0.47994339270912617,0
East Khasi Hills,30.183816783712132,146.59712559381367,25.499451938979167,1189.4768884296748,0.21049411094867662,0.1307386474938874,1.2962377511926153,0.6225601469230458,0
East Khasi Hills,90.73769610073245,82.82886712452682,31.560122686118685,1264.83988700505,0.7445816722983196,0.2488874737500916,2.1197728823006976,0.652530963819956,0
Kohima,40.54786591316909,233.13850514389557,34.84072478549646,1181.9950058505867,0.6819436899951649,0.6615502731787961,5.229917572713511,0.5193782298360774,1
Upper Subansiri,102.08118154196288,427.41718909613735,35.023055397907385,1037.7158352818242,0.4141405248395876,0.32108742135508817,7.896851658706084,0.8532260251299512,0
Kohima,21.533314025626936,170.38428013598738,32.57498019776316,1458.1544859262106,0.6307564185344705,0.1753793257780053,4.5517464407174,0.8157689075162539,0
East Khasi Hills,8.67280534822088,278.41639651415977,34.759941403441786,1927.4327782830046,0.2542113952617448,0.06899281484152596,0.49515710182051675,0.7599883702698622,0
East Khasi Hills,58.7975782041063,85.30929408719675,41.435651623322215,998.6390665432189,0.675148847350713,0.33000018284197274,2.239611840770472,0.8481454708317399,0
Churachandpur,67.67066961673915,329.95063637976557,42.190940855418674,879.001034010791,0.7052425521615582,0.36490688482969463,1.4708667160407083,0.4565995637352127,0
Darjeeling-adjacent-NER,88.03182561781885,110.20135596410674,45.87518223500641,1425.9366224590462,0.7566340634920827,0.5102561091820341,1.6409036797725238,0.4541048347572661,1
West Garo Hills,107.85054623162252,225.96737294897295,39.975445126209756,1264.663914781399,0.7612973108515017,0.6252617534228264,1.3975829997019085,0.6486503505163531,1
Kohima,40.42963144248971,417.23596325862513,17.346786208966613,619.8907542655215,0.3484107236047501,0.05027458398661544,0.17486836749774468,0.6235756473470329,0
West Garo Hills,95.81278673311644,110.14774047127923,42.72156662840126,749.2490875073051,0.19849580881560375,0.3954941585173608,4.675411925061436,0.295392269309552,0
Kohima,202.22405254759664,47.65372621357821,50.200954605903114,843.2503011088203,0.44503325545561645,0.6082801820865882,9.583820841696339,0.4944589078524984,1
Aizawl,79.04128492595439,37.17255955095131,25.3180082338696,577.9268493740075,0.2556825840946146,0.1970670743558426,0.5884595443648446,0.5824417422792998,0
East Khasi Hills,21.76342072802504,152.57388031836436,27.74859606299781,1462.9823802470755,0.7319513019419142,0.12894655188637733,2.4318590879763677,0.8461990733211392,0
Darjeeling-adjacent-NER,40.89758359471202,89.95719689159115,27.924552040522855,1658.8450708352166,0.20788198158975604,0.2613056551073058,1.9227483874412419,0.7032380847740548,0
Churachandpur,57.59294239488898,235.08013284949584,16.519493037506674,713.1173281583465,0.3950943515147956,0.14847567970481687,5.670342020912308,0.4735768676480766,0
Darjeeling-adjacent-NER,55.181523179670144,232.61387699392168,37.376969934848276,383.73460399638395,0.2972254262232656,0.2852214570608356,3.044349193662037,0.7496934878194784,0
Darjeeling-adjacent-NER,36.13455721097533,330.02357222551444,24.112410043116817,1303.6037317612083,0.15699755727460737,0.14755284644231606,3.4623568985255986,0.7961916829488311,0
Darjeeling-adjacent-NER,115.84978663165606,221.4947484740028,38.73664450384598,1218.4925526311238,0.7374723004088997,0.2197584040341882,7.586401344375771,0.7275075918694529,0
West Garo Hills,8.325391722062612,299.59836294345007,34.12870622716935,2581.1135063555707,0.728556445873593,0.9866930896300992,2.7227189184347953,0.8581362972776216,0
Kohima,42.92466600237243,527.8932361859893,28.971596413752632,1600.5088717642266,0.3669368513200189,0.9936698062078371,1.510815885583868,0.7228529927662664,1
Gangtok,56.39629714622379,148.227754605122,39.658351373120716,523.6384193588332,0.6997527896940108,1.9403733424543643,0.13325425068508334,0.5468236254901212,1
Aizawl,22.926363483990713,363.68174316047794,33.991975937337315,629.0169150478439,0.8321043932228626,0.26630884787469106,5.920856155710538,0.44072519241227454,1
Dima Hasao,91.57239408765413,574.9336731026985,36.821851796727984,1389.212550801812,0.626089804700108,0.0735877939601342,2.227333427219379,0.8563377069153657,1
Darjeeling-adjacent-NER,52.8819521685692,88.13368065585169,27.995180535183106,1167.1152403684905,0.41282887316708794,0.8793860380064425,2.86674824137926,0.8092556950548939,0
Upper Subansiri,47.59127298795722,302.63097545034174,50.967391403341686,1133.7585791680708,0.9088825326291546,0.36337197140435135,1.7594944377739408,0.510716900040073,1
West Garo Hills,65.34862092800236,105.45392671976758,29.07405976383403,1240.1280247415941,0.7389691054660349,0.5508864130706758,1.250634363735677,0.6894483951733835,0
Churachandpur,47.980005761234594,152.55925040338093,26.86233588276025,1665.2113680165864,0.6710201719709984,0.07097859617632593,1.7523812281777196,0.6157620726439039,0
Dima Hasao,74.04212856388821,52.15408795642751,34.83846719143592,2312.4441203732213,0.6725704411235641,0.15408748434451547,0.12429936541308083,0.7887922353568645,0
Gangtok,3.951136672237783,53.26947103733933,12.09221235665441,1997.6578961667906,0.5151264378004419,0.12875375640163075,3.997635029382483,0.5916787266043109,0
Upper Subansiri,6.143327294373103,179.83191579167456,17.36532161456313,591.2980399997822,0.5446179319093457,0.3281706690650626,0.4298510183877379,0.22169995357431835,0
Gangtok,80.14199521285231,281.21758583404824,32.44194627863615,879.2462852981787,0.7101885566214721,2.347735959101724,1.0111476147381016,0.21097540576754967,1
Dima Hasao,41.62966516670414,183.60216035248217,48.89457886506876,50.0,0.5580271894483542,0.379059617391575,0.22753383915097705,0.49198845467230673,0
Darjeeling-adjacent-NER,22.43686003712121,287.1152206077399,29.79379682143157,1326.5649679120368,0.790280713162209,0.34026086994145116,4.286251010147783,0.3663365499066345,0
Upper Subansiri,52.42203500935968,84.12409987500473,16.533911769546112,884.9496781453302,0.6961295857151315,0.5693205266740242,0.46084031224194044,0.28545759205877097,0
Gangtok,40.69365307173794,93.38895990268468,43.539016495722244,1188.3611516209016,0.7729559462720157,0.15948429682636925,1.2725657411210742,0.52131355660265,0
Churachandpur,20.59319272414829,438.8094432454743,38.20097647457664,706.2706721060335,0.9715499223749696,0.11677848357520804,1.3423998470500935,0.8233998645750055,1
Kohima,162.1017024911818,102.43345613119686,46.02405228704613,699.9082852506378,0.402386568276587,0.7281726532376402,0.9510518737885707,0.5894441228550249,1
East Khasi Hills,116.4019499364811,151.40191510690224,50.761002478083384,275.7802376041967,0.25243949184543585,1.2931043210925852,4.917521398777346,0.4974848882683237,1
Kohima,25.527589393599442,121.01052882140775,11.41863192720814,1008.4748908750051,0.17962190567620664,0.21886264044040102,3.693632505117453,0.3877009446182499,0
Dima Hasao,25.852854883637843,180.61794766768034,43.347293996880545,1541.3593417335917,0.37390354001064235,0.016856017771457166,3.403299675941331,0.11598503649524931,0
West Garo Hills,21.50740099633224,205.43171045391495,40.08373942923268,795.627445889907,0.09333476013331925,0.07897118093960086,0.637608184577418,0.7665528645699128,0
East Khasi Hills,29.99260099154146,168.41007631792047,33.77403909086461,1590.9826650033142,0.7818215582607292,0.77791202715526,0.5253208364923478,0.704423479551397,0
Aizawl,69.96367201204072,135.1035714591517,26.348988490736907,785.218132205682,0.573645995712729,0.051881664042503044,0.7078777219395789,0.7459638209092355,0
Churachandpur,45.26823298771239,180.5670352038894,13.58424410368977,1200.4122952825442,0.561496858156062,0.5758885506187825,1.2200616045424675,0.8419734095519654,0
Aizawl,29.583578875231215,209.7670515733459,42.8234411509945,2013.3385355364203,0.4741194591324694,0.38729154102661045,1.6288453497616382,0.4807813676801083,0
Upper Subansiri,37.872294437590625,129.3881268550084,41.13021290040574,907.2906136587881,0.8079883334771241,0.5189224528463225,0.7197837983031454,0.10450363503552197,1
East Khasi Hills,29.848637547799463,201.15466571979067,50.47561843199785,1335.0475102384262,0.553507429431517,0.1186033227744619,1.5301259620631658,0.6968568021935604,0
Aizawl,19.704139963478767,76.52070516687435,47.76569457450017,1355.828278413766,0.12396781638837541,0.007400005108944844,0.5095213611850847,0.7510022500687088,0
Aizawl,16.516575831359713,162.47399690454964,9.748629495327712,1363.6962814951921,0.49591234437365395,0.016226493450236783,0.7831878890264165,0.7814777150693245,0
Gangtok,15.440274391347018,176.7765270904195,34.63837881451595,1518.1043973657008,0.5943279306140978,0.5161750870453329,0.7552737438925157,0.8073900467491268,0
Kohima,51.66516396373139,205.76626545364553,43.915317192652864,1347.773374164829,0.48855687170932827,0.3801432291120221,3.246799971596961,0.7126860612330209,0
Gangtok,86.20118077566477,78.18580108168362,33.209532252812544,583.8138111582399,0.563893898027895,0.7341670309156414,1.53350845325332,0.6647012731823774,0
East Khasi Hills,47.31049719558433,139.48169232411476,39.85327680191971,951.9188928550286,0.031374254200516635,0.20382878949145972,2.387688885163268,0.7724200440974377,0
East Khasi Hills,4.778330968000179,191.40415224549113,27.47863280345169,1545.3738790226353,0.40951474695197787,0.32436830059799426,2.766408255982686,0.542257144042217,0
Dima Hasao,50.6530892812258,135.96655817013564,24.200910350827336,1622.7687236393326,0.8503408149314057,0.6120764545420831,0.17743567408661148,0.3160666313854475,1
Gangtok,24.60731943962108,182.63374702271383,51.537090112305044,754.2925414060765,0.12940408771738948,0.2745882806397105,3.959894335538483,0.8409646194858009,0
West Kameng,16.854541602423506,223.77895129843756,16.451594118913953,1783.5497801627623,0.6025623014542166,2.0051665179133353,0.8350899935679222,0.731343583867294,1
Kohima,10.953468108709936,134.0565972089419,24.893098893034775,913.6621912825193,0.6535795963577059,0.5433031809622869,1.7821123191047386,0.2124145745356003,1
East Khasi Hills,16.812572246393,243.8061287056173,31.010359710731496,1399.5450261503547,0.8016870216247632,0.45993331686421224,1.0326859905226768,0.3149438263226141,1
Dima Hasao,17.309432409720838,215.88450174726472,18.505938945679777,1317.1159246238346,0.8864875888979381,0.6468513395824025,3.71350371714298,0.4086228206641239,0
Gangtok,8.215169188466543,190.7951021241392,41.068631323420554,652.1607503413398,0.7942592786829586,0.6005747140323315,0.6477572171423289,0.41452933166212363,0
Kohima,17.325287017010844,386.18145752468837,19.407958124903384,1035.4403946852467,0.5322051455423408,0.09922829138026028,8.294334876867019,0.44828402724254435,0
Gangtok,61.1581517994823,336.76674226986734,57.061223112687564,50.0,0.47435959376920955,0.09448338235651407,1.2775763860586544,0.673686855192567,1
Aizawl,98.21552256789752,366.5350819013224,20.1533358433306,963.8207528869887,0.5537453083635727,0.37263715072993414,3.108818247155204,0.8348692361404634,1
Dima Hasao,5.249712399113187,220.3518468876781,34.42822822685179,1940.1737404424434,0.6599886222180591,0.22911460142191237,2.5642023376690477,0.5462283987229014,0
Kohima,76.53763967805564,96.80524144924173,39.71749418460453,57.07337264858825,0.42001538092705726,0.8209690779578909,3.392684558773846,0.06802367706395865,1
Darjeeling-adjacent-NER,36.198757855922196,92.01331008914687,41.18925882859493,678.6967630191028,0.7465465795144768,0.13705376889022552,2.0022171585626274,0.32031454594331127,0
Upper Subansiri,11.442908398277492,248.08800630022984,30.81980056196629,923.1662105681335,0.7173310076230445,0.16070445842367254,1.2104383383021837,0.8102609052584637,0
Upper Subansiri,29.3798270863372,356.5681432056531,35.5571531608869,50.0,0.541251669545708,0.07275925784607493,0.4948878364888368,0.8578136588422027,0
Kohima,58.79603726666532,283.6250782481569,20.921294793616433,50.0,0.6537484932751609,1.601260112056066,1.8320220658374757,0.6791790273612924,1
Gangtok,42.51562872883948,388.1795389240142,21.409924417727343,2436.129972855054,0.37564491559670765,0.04934034273774354,0.15696940617685493,0.5800520598700251,0
Dima Hasao,7.0098532095195845,68.15694678961196,38.12839028753981,1552.1256509257428,0.6294050474646601,1.6274705459905012,0.1515639495484759,0.3660532486010293,1
Upper Subansiri,39.850914833477056,71.22617544807322,40.337310334466196,1799.7454930730787,0.6225729938117706,0.4902047984342206,2.375859358153728,0.48570403669128553,0
Dima Hasao,70.113466237143,43.51613988181267,46.26923524128551,1410.1706077232568,0.42696824138000533,0.0373514293360603,1.6371703620029276,0.36106167663255506,0
Upper Subansiri,62.579042759733596,192.77472506685507,45.95531837240268,1547.7419531478818,0.618237344581322,0.06595711621787782,1.7635798973789938,0.6925158635775446,0
Aizawl,30.361884185988487,102.51468533401162,17.286682848398783,1008.9770287445402,0.778288010589777,0.15838684424946917,0.9593591213496088,0.7806511281229173,0
Gangtok,41.18644108909244,176.64529674974636,22.97226463192381,1825.7222990763594,0.5729420996211882,0.12062914337976437,3.908363434688212,0.898350220186813,0
Aizawl,31.766913334859918,114.21308030018648,28.905731927503957,2060.401309597575,0.6183131611416638,1.4466726940153118,0.5615644218540649,0.4220670240149796,1
Upper Subansiri,59.93963940430497,215.9997921964716,45.53018276013381,794.1048845322339,0.5735439340211246,0.380085961232554,2.205504337821992,0.8557853301089995,0
Darjeeling-adjacent-NER,62.62628873807602,194.10650969517712,34.60026069998935,1051.2946613224499,0.9368096596392406,0.03092089816242152,4.923834410491713,0.5469807607833874,0
Darjeeling-adjacent-NER,3.50137315153176,238.1428288150311,42.11952404938715,851.8347716494629,0.46951575139733187,0.298117065870582,4.490490992878354,0.5094965477897822,0
Aizawl,70.4791365570126,128.656828555421,30.034113523469756,1148.6826283987257,0.13831038600793374,0.9097537700002397,0.07261445676520753,0.5977323506152864,0
Darjeeling-adjacent-NER,57.18738440355794,322.68839797498447,56.455392651193044,1644.5117471611086,0.6441918557004707,0.2152662719643327,0.8177424396847317,0.6779273808102005,0
Upper Subansiri,24.342117934482502,173.31753764921336,40.919322941303214,1092.7389691663025,0.8612179308555793,0.43880210027379785,3.135825333571062,0.7685349367616413,0
Kohima,84.54675720454794,116.14297779111054,30.412876159300566,151.87860882901327,0.6983196232640164,0.5934615978137269,3.374856896647696,0.4857307896147808,0
Aizawl,31.79989171634966,130.78279025628916,34.282191900354604,1781.84029256809,0.9519915471933454,0.08184111187880416,1.648049511361191,0.34665121818227146,0
West Garo Hills,20.23064216894704,279.2388387191898,31.871706098886648,741.4647220847205,0.46702428967333515,0.7737923597836143,0.5656149232393559,0.6546759090869038,0
Gangtok,24.64993080742974,184.3887577981857,50.2716272315728,1443.554178724449,0.5209676157856125,0.2382783798335859,0.8177919425776656,0.4285749721962126,0
Darjeeling-adjacent-NER,43.24441161140011,113.80000287314704,39.81336963613779,1502.100981723325,0.4154308449510845,0.023343530135253275,4.035590887587305,0.04459458657282897,0
Darjeeling-adjacent-NER,29.282299424246016,172.79954325408488,32.417019248827174,943.4005227587415,0.36512390845497217,0.8444666384682654,0.5334789301034187,0.6367047485318099,0
East Khasi Hills,24.06615977335762,125.37648973872675,34.25276656302499,650.696688656614,0.614750351084719,0.3323693920515045,7.131812767944121,0.5679868438882109,0
West Kameng,20.849680435497305,164.73244312074277,39.862934735785544,913.0630969219337,0.9023825795814873,0.08841917505172286,1.7372140320624592,0.4638911907722754,1
Aizawl,64.54730877066976,506.8062118149802,56.85168784888584,2157.9544203101314,0.7785757986553749,0.15276781132614717,0.8331649286130817,0.29096534785044775,1
Churachandpur,60.983582980652386,321.8338628392416,39.103570992091804,630.7633755757024,0.42669298550368273,0.3370051640447123,1.2341623287186083,0.3842747936378903,0
Darjeeling-adjacent-NER,5.010497977816862,237.41805122278706,41.855700573513275,539.3636784267366,0.44078264494695774,0.18747318357548762,0.7410085199946561,0.21858018020418107,0
Gangtok,25.97647505270308,74.57370337564093,30.160285743562508,1314.438429986178,0.4640508421820043,0.10630668260177645,1.2126305400997814,0.8319686860783466,0
West Garo Hills,69.18496718371982,21.426077889517344,20.42153645815878,1072.1751074289161,0.4124512793889753,0.26104047133077796,0.3504443359659048,0.31321596388960005,0
Darjeeling-adjacent-NER,39.16668764360421,146.11969103215276,38.08731542658211,954.057623758524,0.36712051306521665,0.08184930997001508,4.331301183594353,0.8348201634332125,0
West Garo Hills,72.48414640453674,159.062578255936,42.63128500961109,658.3619050759453,0.6815687899699471,0.1126159491584426,8.28685598626533,0.7236925399555819,0
Upper Subansiri,89.07585928460375,236.1418833342116,33.04950951581444,1187.497224233321,0.053425142767021254,0.7011710320810094,2.690705981316042,0.9279830298933673,0
Upper Subansiri,88.50697738689158,48.71758673301588,58.18949451801079,1103.142531641878,0.11073069920158414,0.10378881517438876,4.133224904515382,0.4770484329658335,0
West Kameng,79.05559436106057,95.56887919579201,15.107084917464977,2002.1251098569587,0.5802940882166852,0.4754595946856857,0.6471839617121388,0.6311593089473989,0
Kohima,33.7546303857338,349.87417324200817,29.94164736559626,668.4297485867603,0.5842870686592256,0.11532347453703556,0.16202326795682193,0.8141310438468962,0
Churachandpur,27.48950581999089,107.60207682262102,30.512940572913326,908.1467053026271,0.15872367657265432,0.09550514343733474,2.4661938506986827,0.5309530285790787,0
East Khasi Hills,36.74466310294763,113.39082080548594,27.34090275742068,1970.5942286913828,0.5436005869932783,0.11568960080031997,4.253594685709426,0.3732469652986632,0
West Kameng,29.567329810084225,627.4185246839089,32.39091745443025,889.5047588172299,0.19037012815693977,0.2526688141764371,4.494586765238251,0.279815027582808,1
Dima Hasao,80.59777332548951,333.68644474248566,31.968992917897378,766.9689308154925,0.9361471891904385,0.06326065062341109,1.9022992845679636,0.6265053844227597,0
East Khasi Hills,61.17893036177089,258.224211482417,47.53122814255319,1468.031388058506,0.9439829569068419,0.04509396194261739,2.432818943136132,0.776244007018913,0
Aizawl,43.532027562926714,252.3639241441489,24.62224518665551,1295.0769431627955,0.588634333241445,0.565450860714496,1.1481597403756754,0.6522377442012862,1
Gangtok,12.774798729091192,83.36564683200353,35.6904526622908,1014.4651060205869,0.5073687980806821,0.00943097904854585,4.439749143881698,0.6197414850315924,0
Dima Hasao,60.279644836903124,190.95914357369625,45.204148957531444,1245.3452719482286,0.7305186267062376,0.19476824281654936,2.99005777421249,0.6691653085528556,0
Dima Hasao,89.03253684112319,155.34164751296964,30.579717901351135,1484.6651693798303,0.21139520520146576,0.2016952241511757,0.5140913510855907,0.8026404587040566,0
West Kameng,23.668122717449688,281.8545326554864,17.807389398537197,1296.4677744763992,0.3470348969380914,0.894125162160271,0.8193110143689174,0.47210395236813996,0
Kohima,82.49210661325598,37.51516335972317,26.582800344248483,1546.1893839306153,0.6070991666366928,0.5957582631303232,0.41176238405209953,0.26278508810096546,0
West Kameng,56.93405831401811,193.85254177028884,28.57930381239068,1087.1264216161007,0.22283865622435758,0.28589277022742215,1.7616523314795178,0.8591262580034013,0
Aizawl,169.28488925190533,298.087047802352,46.908535575486454,582.1436724770558,0.1444388364896012,0.2614267566212611,0.5648646572466438,0.5647298359400249,1
Darjeeling-adjacent-NER,36.15896539474913,155.94224894515096,19.0747916718665,1539.8794275616378,0.11762280880424056,0.33351700088334163,0.43221956281903384,0.5568567779303164,0
Darjeeling-adjacent-NER,25.039525465049177,160.49057007408993,10.216762584383353,1037.3901524275,0.8207006587136355,0.17715953068383722,0.4371740965112112,0.530481021825914,0
Kohima,74.40253174991952,163.4289136174186,20.10725282948488,1021.8204111507955,0.5704727790974305,0.4826267180084477,0.7726779996006973,0.5395569013332887,0
Aizawl,21.632495279013494,111.78723658296279,41.70363715051586,1647.6104026434973,0.3142872406484654,0.46343559154353137,4.1390873465544065,0.8026868343192092,0
Kohima,42.92187169837974,289.5535587514296,20.199003979712188,2196.131710328275,0.4595010557197295,0.341941545363242,6.963325687315383,0.41968816574501466,0
West Garo Hills,52.34816003656631,424.5576976723512,39.71394587033408,191.86043537580304,0.40065884429002774,0.02376952824332499,13.71683940489175,0.8280967544062132,0
Darjeeling-adjacent-NER,72.45190151564394,48.10678192325503,34.99499822185196,1010.6098436959929,0.9249134773582008,0.05425351203963474,0.10278692324389668,0.5327741225936936,0
Dima Hasao,90.28420521498603,243.23742519707122,28.220754765712545,1153.9151264155253,0.190004556629212,0.016027359839058033,2.103574972673721,0.6648659240358806,0
Churachandpur,143.09137053915364,159.0593759578807,26.443039920004516,1265.5607765322102,0.6681537418189996,0.5070714899444368,0.7746284884548493,0.7039931952364424,1
Gangtok,7.0580989860151835,73.48997219608135,38.15524557856638,1090.705298931106,0.700739158552031,0.25972843548677294,11.254012997394167,0.884145249437229,0
Aizawl,136.79583513564856,73.33421858803736,41.06747496468676,1146.8621478166892,0.584236804000583,1.2402697684475128,10.389773821505962,0.7807120762259947,1
East Khasi Hills,11.404761289081549,173.15094585469404,40.325825883753815,1420.1805978174214,0.13761729450717505,1.217367506267351,6.799289551946146,0.7112483699861456,0
Kohima,16.950899937100523,151.12887908898537,39.10308633621536,1083.0236919478864,0.7351285884255796,0.6401334301098625,0.035815665814883275,0.5209487868969116,0
Gangtok,66.4565689093481,71.05387008227906,28.087644265572692,880.3888925081087,0.27753555776077227,0.23411114531000085,0.4196309766146994,0.7764919300943789,0
East Khasi Hills,46.08545812849687,127.68673760041514,33.381453232153554,862.7273556504556,0.7815768295879484,0.15212390900321476,2.0099207479299377,0.4538128534893541,0
Gangtok,15.183776840470012,240.9994204200122,23.110146950204427,1996.917645664701,0.5878260710196449,0.08974482636689773,0.5184471986288054,0.7615195981530722,0
Churachandpur,63.02355682306114,86.25756094605836,35.91503367082834,2389.986523128073,0.5225236153043133,0.10584407226172116,4.824998969952218,0.513640450711227,0
East Khasi Hills,36.02077376214556,170.63939556889554,26.527258258534584,997.0809723768061,0.0757403631052704,1.8550135968487032,3.007746441582084,0.46911426987566507,0
West Kameng,7.670147213976492,248.3329005029759,17.18527155486921,1009.8134401232935,0.21976087130343064,0.30230597109555624,0.5086057720476421,0.598819305314163,0
Upper Subansiri,92.76418284764958,139.33558100686545,52.83569600980639,1435.164334397371,0.058988270627488466,0.00493167034126573,4.26502790076717,0.8834579223414512,0
West Kameng,20.41185872806854,76.62510668968433,47.025412467041676,1280.092628972232,0.3047876751428795,0.018121644426836336,1.724251959431653,0.519769389874144,0
Darjeeling-adjacent-NER,15.324635342551279,204.49973761839763,19.88384377717734,1111.5777376206274,0.18926485187665656,0.2455615842472348,3.0922018803186413,0.4346924321396864,0
Upper Subansiri,42.94319441999023,84.74161751969135,39.425219164137886,449.9879271126339,0.5436415869972839,0.2344221519467969,0.37655934008932,0.5673286005520112,0
West Kameng,18.312007576049872,205.73160841748347,38.77808359280474,710.7411817353742,0.24291437076678227,0.20805333933370573,1.8237638004599386,0.226111482738982,0
Upper Subansiri,62.80844384791219,177.85936619910893,47.35056797450154,1615.122691365352,0.6362392022576309,0.6940082067293947,3.7440488809800376,0.5959569859717865,0
Upper Subansiri,35.48648314439558,296.1056548501616,17.190975907498387,1032.6460519316702,0.567563617242558,0.4858185408427825,1.0600425281318424,0.5699449134106931,0
Dima Hasao,52.86715039817606,145.16503108778846,38.28042862570377,2379.7840592638686,0.19728824128946093,0.04545437568913026,0.5170179035307267,0.5895322357915646,0
Kohima,23.533164894964152,407.1564763592742,45.437259079366385,2354.0521414471195,0.8470517486379782,0.1801926650784749,2.550436308941685,0.6068141643657697,0
Kohima,45.41939266844448,249.7602171148498,29.907452880016493,649.4588528074687,0.5945370758548612,0.36320993097194376,2.5825585550695003,0.5204703468483198,0
Dima Hasao,19.047812375041126,330.343677375344,11.574458659438346,1993.0230201119384,0.1696939114981357,0.19282328043735653,0.5714822214729661,0.7734647407606751,0
Gangtok,31.938679000225907,157.93054823723892,28.26713100972817,1119.9437495215934,0.4988646032056024,0.0934317922533977,0.17968014781701808,0.460145141918623,0
West Garo Hills,40.2731500175034,128.57692558583582,12.4661003489754,1287.037265512245,0.2993648510344099,0.3956015176110337,0.45515743725777535,0.9022750151649245,0
Gangtok,6.491442594159741,81.08959982845947,45.919954979217025,1621.6963483499349,0.368873873591459,0.36877180981875624,0.8057779835307102,0.8737460117417056,0
East Khasi Hills,83.99711843349147,118.3525651340855,26.526661078866677,1801.5363920582538,0.7391760006511867,1.469351144086749,0.09238133056872154,0.20665928599750816,1
East Khasi Hills,9.865790897216948,158.87304864142124,9.923216283766518,767.3157804226225,0.3663317444068014,0.3293664252678698,6.401175271436742,0.6315481773643492,0
Upper Subansiri,16.468681832094383,274.80665138556697,27.504053126770206,2513.6376480430827,0.43706014553733397,0.8295351844292971,0.6550464067034879,0.577993454575411,0
West Kameng,19.580632727006854,167.6188882968901,48.92123187843933,1367.6919860184523,0.7409010829023532,1.1919136209897676,3.3573134482044042,0.7530393471828898,0
West Kameng,60.69678190106629,90.91122105119618,36.88613023096177,50.0,0.5346256805365543,0.22821891014686715,1.3388953845727176,0.6349804447650341,0
Kohima,25.9032850814042,67.17247596862151,44.83919015975289,1042.914560459522,0.15404044596484323,0.02173757821911423,1.7428067966107514,0.36607966769362205,0
Aizawl,117.70306855696685,100.77983405352094,36.25041632193195,2469.2915562477137,0.559261237047397,0.061957768096540314,1.9247616016612756,0.8074491885715841,0
Gangtok,122.84210960296336,92.76686585816704,47.05553116413911,845.1515802069621,0.23552265187306665,0.28044770737382224,3.70476530159344,0.7626077407775375,0
Darjeeling-adjacent-NER,62.48990070427747,319.33114527079346,40.46845845367342,2573.7648888822223,0.7940082557066587,0.8938136128646219,3.876897287986087,0.7166082723190151,1
Churachandpur,20.60262492203908,133.4348312407139,18.866115772739587,1274.3281288355533,0.7083203255961121,0.42467931219931754,0.3807603704746099,0.6172256111091066,0
West Kameng,33.98774018540364,66.38540787241357,39.05955269843219,1197.544892315573,0.13783803741550912,0.08999896577669735,0.9036568233765931,0.3683809487962819,0
Churachandpur,43.01614276312124,210.5235380883591,52.04287102218083,570.5773254416459,0.6784602123772805,0.4829840173820646,2.127655441080684,0.6172048805806905,0
Upper Subansiri,82.91152344457603,166.27661109659618,30.920119018008688,1570.1717766409922,0.225108427909633,0.8985549721350484,1.0027095836418216,0.5124214580375424,0
Churachandpur,32.464045453161674,193.27518188293837,27.028012955658703,1003.6494605709207,0.5188560243702076,0.012276708041789926,0.3562121146400077,0.6785347706795268,0
Darjeeling-adjacent-NER,19.525335348336444,169.5542725268244,38.92723728727341,1188.1452206054291,0.3741111689150856,0.11125754761150373,1.3124560580275717,0.6493841460066628,0
Dima Hasao,13.543241422583172,119.17827463795336,50.9425816694587,1072.9743366435066,0.6795552389164659,0.06650723817383346,0.6161069998831106,0.27937788751864073,0
Darjeeling-adjacent-NER,86.33049879583251,107.69033095649222,39.635522602741304,1705.3398581779811,0.38255205726963776,0.6131815368760088,0.3871760950047928,0.6985004155644187,0
Churachandpur,62.580069312487694,41.88486318137315,31.72516065927728,1077.1639946944085,0.7595156510962884,0.8883187665429987,0.9061158184447953,0.8030904213139582,1
Darjeeling-adjacent-NER,30.10875287053272,152.5687925301419,40.76411447740223,50.0,0.38948614545935384,0.3234748224888413,0.8905741195150274,0.9193994323603404,0
West Garo Hills,32.28323710618241,263.6537749664252,29.972877689212655,691.7724858414465,0.34888877169364857,0.754081487482397,0.2556282416728115,0.37204610143766337,0
Upper Subansiri,15.988095128940682,272.10883243185276,10.126283302347861,408.6278894968136,0.07142095651089513,0.4279366600611851,2.1933812641202275,0.5250019031745385,0
Gangtok,146.1824177492828,111.02261504451917,17.76258214257789,2089.457002265612,0.4022278832935345,0.4276596972470378,0.9434471088610225,0.49157116550936114,1
Dima Hasao,46.21796404214885,369.9426512748518,39.50279868098329,1558.560073152592,0.6036781149709773,0.34672238887882645,0.47574463286026947,0.47071830555344435,1
West Kameng,9.103288252920336,64.58124197209928,15.967344567521803,1228.7747214311642,0.45882569155407515,0.020525191869015053,4.2675874730060075,0.3925829913207432,0
East Khasi Hills,10.929021831128551,165.8645099792649,32.178557033016304,1082.6972739554442,0.6430028653999471,1.1057092306523348,0.0064474651280459865,0.5022764370108929,0
Gangtok,28.894031053893805,101.03318805388525,17.04483322388509,350.98134695071985,0.39852002195604325,0.17588067543209207,1.5141755626145017,0.4750389155440188,0
East Khasi Hills,18.782593355223266,167.1651681324842,38.4259596068926,1064.5582865331864,0.2668236184260258,0.6489640863734862,1.4270849236481085,0.5780118108975514,0
Upper Subansiri,39.29399122674007,331.5794233265775,43.15267128527192,1771.666493896138,0.7098643977395105,0.6642600008333006,2.7803777933762372,0.27782130748319783,1
Dima Hasao,59.38445541609232,81.96157736916363,26.264301094429964,1691.1903508641672,0.41392798807807724,1.349758712681231,1.233282624143328,0.8717985615006923,0
Kohima,17.10976701819774,143.4927810365245,15.399781580992082,1457.0871863496143,0.8262510396745611,0.15822549896729535,1.797271849930579,0.8603030678988407,0
West Kameng,30.69859235209415,134.3587719309298,50.08301842615896,365.1423975998131,0.14788587980111118,2.3808053314037987,5.97720761327011,0.6546660406159636,1
West Garo Hills,13.029525154773655,153.12850424305904,43.01107883649938,760.5273651870918,0.43220195434030567,0.14299838726439615,0.4606557277223943,0.3752564720464441,0
Kohima,121.77132342815354,107.3531271040644,29.892374155940136,1423.2658313970305,0.5084563101043063,0.2401325271588778,0.278747500848864,0.42901125436516446,0
Upper Subansiri,59.331672142142345,225.3982283550927,34.17661399513996,511.1861062458272,0.29866246750834846,0.4900105301647515,3.4335275404189853,0.5714613759477242,0
Gangtok,61.37634657311263,120.8619463235558,8.158774930114431,1633.068410214003,0.3665229758992653,0.06736207747587374,3.395740973159611,0.7581642725196839,0
West Garo Hills,56.062859107216525,114.788237421634,12.995802520996799,401.0977376848459,0.5053440977154608,0.12390192214373996,6.303268247345336,0.7798092923213801,0
Darjeeling-adjacent-NER,18.634733141318954,333.841262844079,47.85319308141693,538.3761907130332,0.7879488721900875,0.520948242507483,10.209560222393993,0.8638076357207589,0
Churachandpur,46.85413797908982,164.6285664713034,47.44287212541167,405.22569125845837,0.24497078495772517,1.4658176662869014,1.2128366686657859,0.1766971617963314,1
West Garo Hills,45.32965093708156,114.53893295979952,37.24568997966205,903.4333742618842,0.6393546182307802,0.527901307013056,1.1847367886648013,0.6802033897635713,0
Upper Subansiri,47.80952542101416,238.68032166789158,24.505737001236174,287.419848554639,0.3407198966086905,0.7930676010677881,5.875701598363285,0.7850208860003728,0
Aizawl,21.659106702330497,149.63443678730084,29.743597199463007,908.2668328323166,0.5706118428137665,0.015282979679041023,4.928020108115207,0.4995571573044315,0
Churachandpur,22.89745576151113,134.31540423896547,43.05625351925356,653.2915627107405,0.46641648283405407,0.3441777413590245,1.1767725412167294,0.4634576916630397,0
East Khasi Hills,77.13943148156667,199.93168708438452,42.66195292963996,789.145547749458,0.42670224176574423,0.9817907055589195,0.19841028744321296,0.5259598908930568,1
West Kameng,29.285929922550423,470.5303535817281,29.547005563306104,1601.4623470540457,0.609392731877469,0.458781293746197,2.176048020270586,0.8345402164523469,1
East Khasi Hills,77.15880302522223,137.04873392247032,26.172548060526314,1193.6524879528508,0.6131037071834741,0.45137584289936133,0.7823285857003719,0.4261006199452564,1
West Garo Hills,21.78767346303144,205.3805251185815,38.44766562541233,1600.9562195686483,0.202911901443426,0.090780418771624,5.981134312105772,0.6091476206619092,0
East Khasi Hills,21.040545140079523,162.26958541895078,11.830541617354779,2531.7564582680234,0.5070004420282948,0.7897189795198085,4.101254120130014,0.39074155199437155,0
Upper Subansiri,20.171810250017362,72.10657147759521,57.42948808729372,187.20609234675374,0.555804398348969,0.8011266053694712,5.780922066304654,0.5512438454647546,0
Darjeeling-adjacent-NER,38.239701399480666,96.52338259565606,33.85443615829422,873.0118238585168,0.7639907935873095,0.38077445713413627,0.21093895476322366,0.6944208489749761,0
Gangtok,80.33160401844174,208.94210305542575,36.650141377019295,582.4646860549341,0.18401388923900688,0.22248139080035775,4.999041603956761,0.5870640570109531,0
West Kameng,22.818024180661457,155.9516796592505,52.43368917851011,782.7612387622839,0.13679211579586306,0.6955305075284813,2.247882829769615,0.57701598187556,0
East Khasi Hills,21.63265531540452,129.31656564741562,16.460987048577454,1425.9541660108375,0.5559249169821211,0.25019218509186897,0.6065373066514342,0.6807052095205768,0
East Khasi Hills,47.67673277566273,218.59026877483956,9.991257615437064,2261.9553545364442,0.08656813843298414,0.6917722876900205,0.8961990348982035,0.4150380535085531,0
West Garo Hills,10.81109410990724,191.73082949810833,38.59616307762485,1586.6426353944655,0.23044379870971954,0.26536991758057216,1.5249355709164736,0.7004820379141893,0
Gangtok,83.31463115357771,58.06612431853549,20.09891657231243,1491.1276991021,0.8058121688693474,0.34680403581324887,2.469762200753997,0.2628419889634594,0
Kohima,39.71144740674605,94.10277441255107,38.19548918411974,1824.285479453818,0.2691477492920319,0.5513654549314393,0.6622833024418641,0.8115684243323218,0
East Khasi Hills,40.31977916906409,164.79186138794265,39.53987734002639,2095.138837169483,0.5325087607249002,0.12315042126969561,0.5799646635279645,0.7073875324073797,0
Upper Subansiri,88.0315174929498,85.18620051626166,33.49012879897541,2278.108406161713,0.5384795717455162,0.11339381252694768,5.567782995152909,0.6292230535585407,0
Aizawl,106.59293298124342,313.9834796583264,20.537994332453163,1492.23393892608,0.5516588305500565,0.44085694801428366,4.664409512838824,0.7392233815330794,1
West Kameng,34.685343246893645,14.116624602675062,21.220045805651626,622.6338150717378,0.23021234206452626,1.230892170827012,3.639398729968668,0.3070487981546492,0
East Khasi Hills,21.52635558732054,164.6792757900661,39.40225799091294,996.3283704060151,0.26813386882915496,0.2362607612852372,3.5770865980370967,0.8364166370518292,0
Upper Subansiri,29.205991925483332,150.22457131769937,32.510432642787926,50.0,0.204857949230192,0.9139072601720093,3.630806192913318,0.6816613438792426,0
Upper Subansiri,20.99327131442469,375.6046536632648,21.025172190752578,1659.792536222096,0.8554565237153038,0.292079771784182,6.4458403645994,0.8951000440286851,0
West Kameng,15.63535689855563,175.57062955047346,35.680823449898824,689.0203621836669,0.3850469151457506,1.4588068430688266,4.640271339480412,0.3080700662139605,0
Kohima,13.660367228913245,132.88608395520788,22.773151557361594,770.0624507972333,0.7823644573377929,0.6281781698396336,1.2299042277085295,0.959173305414894,0
Upper Subansiri,30.455074998264575,97.6115841210574,14.487044552589655,1412.169513592668,0.7784895615520325,0.7851829458075023,1.5933470187866605,0.6787673729568046,0
Aizawl,60.87891042925543,210.56868144357458,24.5360027290953,50.0,0.8640118586502411,0.4552790536712187,2.3194111963028368,0.33826202070897354,0
Upper Subansiri,43.63787240179806,151.8066801164088,34.722294489015226,1819.1219242751974,0.3248498691046225,0.8114767880605831,1.61374990916733,0.6062325222579124,1
Upper Subansiri,53.921994592860145,71.13495386106443,42.090877451063385,1533.2338268418507,0.3189359120030741,0.35937863427734595,0.8807721543559781,0.6361857302046533,0
Upper Subansiri,48.06367819638579,226.56145279363025,5.853052596124283,940.1264246925781,0.5459539127440048,0.3351182412470081,4.9359040767541345,0.5931863080614749,0
Darjeeling-adjacent-NER,7.624434899008883,126.98294091186948,37.42523440869596,1170.5236758986332,0.7173421810431243,0.8276744313572556,4.067086138674826,0.3670562275279243,1
Darjeeling-adjacent-NER,27.259072675080525,255.98759136766859,30.764637736984657,797.4644133451754,0.5235315002938058,0.006072327410495904,1.2351646425631633,0.7510013424873664,0
Kohima,40.35927321001046,334.0717109050211,39.50245179206618,2762.646019374367,0.7101999230015152,0.26063238276426903,0.3044774580674822,0.3873847452659239,1
East Khasi Hills,36.979927998143616,64.41595543174658,47.902651668206005,649.8292971856258,0.29649830933295684,0.8163158243881711,0.012203648508121964,0.6002542119418761,0
Upper Subansiri,24.25743650737752,149.13463439790854,18.437852176260353,1393.697576856773,0.49865714202682687,0.08733680273151984,0.24250588081568092,0.3685226803151021,0
Gangtok,44.602749662229016,195.10608971147659,49.409308726521516,1042.2006960809051,0.049021464769073514,1.2681230501377754,0.4202869287962362,0.46738883069030734,0
East Khasi Hills,87.77619221565979,114.5936060759467,15.827546934745065,1232.3583906371362,0.3109611662558201,0.5397562997780012,2.680833161995116,0.5722758926168956,0
Kohima,57.20065366678242,186.11954832858493,20.848519026306086,1507.5575236672307,0.260603274087624,0.5749045287299133,0.6199104053969086,0.7584141257842153,0
Dima Hasao,76.92296144519068,92.01236947741114,30.175522443717462,1530.9256822196112,0.26323999507999324,0.4380188774481781,2.518449723044196,0.35394328442158046,0
East Khasi Hills,94.73154928359307,310.4577404270754,32.05413984809572,985.8314228582668,0.7732242823241852,0.2373022107107794,0.9949423799734745,0.6486874533626089,0
East Khasi Hills,73.00367342845009,311.39386075860295,58.73255386727975,502.72018875747835,0.7815047502005871,0.24718354598341402,5.635741567613764,0.9413210297761788,0
Churachandpur,88.9376681460369,108.33400526415875,38.43892764165858,760.7445940437126,0.45861137939778795,0.7308090779671919,1.582843674408765,0.9108547509831497,1
West Garo Hills,5.139433552237566,54.211095679811194,41.57467146468188,923.6270960034509,0.199988125635792,0.05992905068405477,2.7933433912708545,0.6755211651127144,0
Churachandpur,45.968070634074564,133.33860679528183,39.76767130561711,841.9646370919148,0.4800404934769343,0.29531426706815883,1.5448528425348573,0.2575519096838042,0
Aizawl,17.998870182624884,133.20357724576937,54.924283171443996,574.9316629221069,0.5775432419503193,0.14839478311051796,6.091400071145724,0.7376390360314168,0
Darjeeling-adjacent-NER,62.11671945919648,240.88462148881612,34.37236043473376,1468.850423014424,0.3484088047179485,1.6620560983822796,2.9071625805627384,0.5358003742332756,1
Darjeeling-adjacent-NER,68.709626473704,71.93212066523981,36.50164764430398,386.5621547847893,0.7890109835940478,0.001479929205287098,2.569162404415053,0.16333193055197676,0
West Garo Hills,18.39768506782453,380.6818879248956,38.66660846613697,1169.1540996510857,0.7503366967554371,0.02631677437064421,2.2430646108478176,0.6812785100514928,0
West Kameng,71.6695713398287,127.99062678536303,30.971289185664062,220.71975758287772,0.5454622417772828,1.3692283498297424,11.18788241007007,0.4113363359784686,1
West Kameng,39.014513301712114,183.58421028019362,18.47907447142514,1854.629383149593,0.45387216460045654,0.31392235114283035,2.886034200926857,0.8514721742224378,0
Kohima,40.051368652752814,178.58278377205147,30.723422568790838,831.1261565265872,0.23488669679433374,0.05964839320163332,3.507484387006702,0.2556276055478593,0
West Garo Hills,71.81620584660662,312.4853196510482,2.8404528937058413,763.437141865104,0.5818906554276894,0.23814714124626174,0.213110560966302,0.42215272226850964,0
East Khasi Hills,20.39998133744836,261.09327543732303,38.506777528769824,662.6420857293224,0.2676645566663147,0.15583131557701121,4.208014037220663,0.6754475971721233,0
West Kameng,71.44709895481537,417.71057312450483,14.896848255003846,2223.1214109509556,0.5491237739694248,0.968584160052211,2.2702898794962745,0.5642167491600313,1
Upper Subansiri,20.513834766683246,133.22251062742575,14.558355206935639,1996.4739561969018,0.6180803544894121,0.4653618569767362,1.0261762752655228,0.47558544040082545,0
Gangtok,38.715698969971726,145.03441046247053,35.68522565175078,1232.6159937246675,0.3155702225104386,0.05594345325375854,2.1788339294048242,0.8687608198863332,0
East Khasi Hills,20.39129556008331,56.50278248368289,39.820105445681946,898.8235044530102,0.7457514942356032,0.30753262876079024,2.4557433681048666,0.48154707448846035,0
Aizawl,48.424900122466596,187.36837487984465,17.828820576494316,2445.3766840084363,0.7488689280562748,0.05776075540157732,0.7534028614976951,0.4143390329547662,0
Upper Subansiri,47.26103888001818,42.196059496394746,32.80885710052012,1498.6099518694891,0.3255222500211404,0.4377253805750993,1.4364763168940535,0.9909873554593256,0
Upper Subansiri,42.882517935705515,162.1089573722841,22.35484977768464,1046.8539756955872,0.4042998965042655,0.519646550637696,3.1944736500588418,0.6431876460995539,0
West Garo Hills,27.53086562777771,171.97712152833424,43.49563764151519,863.3695240081366,0.6911080587069526,0.3303607583881185,0.6399677849040625,0.6611626330569991,1
Kohima,66.24292096112079,182.257021640569,23.239697386254388,1690.677579739334,0.38608900894383186,1.3520383583107594,4.521633497668571,0.437504192864372,1
Aizawl,5.861325656535531,177.26316104232967,36.01817875672412,1067.658729837399,0.19518250572490384,1.1553575332423298,0.2017416021301489,0.6022202455375341,0
West Kameng,34.384314414813346,86.10012776378674,44.19738315347765,396.6615058137477,0.05621951350914203,0.09222622049362444,2.176010624454299,0.5616820569139596,0
West Garo Hills,78.77634245084046,415.9003968484222,7.256107980576067,1303.1367965411678,0.8600138931999014,0.00013177590604455922,1.1938268549036273,0.38223519449375143,0
West Kameng,90.29360808219774,111.71301466010209,32.02780544646848,1343.2464573599027,0.630970445358164,0.4347709113323965,0.13696795385467683,0.11137985487623808,1
West Garo Hills,45.3198188653594,281.08085179600016,34.046800105062914,1226.6065852288543,0.48847713991727737,0.2582319110224062,3.7234423554583223,0.4810981651566739,0
West Garo Hills,45.51004135910064,512.5854643730481,23.737602683646198,1503.108791984109,0.6319063263349487,0.16298194908513464,1.9771306896413492,0.6963200778465257,0
West Garo Hills,15.023218877133479,147.11189044996834,31.83191495770194,1005.902829463113,0.44052202127705453,0.9950349257952124,3.1410249964622086,0.8785300130157104,0
Kohima,18.869893099919626,66.43273199439335,19.92672855854701,1204.2090150083507,0.4387773730860295,1.5360254656650354,1.1955862893250155,0.8308676476442528,0
West Garo Hills,4.6902998146452415,92.3740289639114,54.15339313409663,1194.0147257518438,0.41766315045787883,1.0670163724757928,4.908512067716146,0.1635205131079029,0
Dima Hasao,50.77858098833009,157.8588391731125,10.461532770159515,396.6853930016864,0.8291823059502957,0.27741510917308704,0.21854640303812817,0.8395760044895156,0
Gangtok,123.5806091667903,407.78010857543234,47.43710401347207,1621.6681541246999,0.7425165090464686,0.48608989858706386,0.6643234770552906,0.352352092273116,1
West Kameng,89.5811999919115,51.60754427380727,38.7094263265997,1530.1259414813742,0.8898035585819589,0.07529091858445255,3.957028289864877,0.7356361019699461,0
East Khasi Hills,13.710746325603399,156.78358223887778,36.406854017011256,1793.5347654115544,0.756723129145534,1.2052050218010857,7.734976042542967,0.660554801717325,0
Churachandpur,17.297363856355897,131.0175970281154,38.15777412483942,594.5183506416414,0.176460130125895,0.13344946463729734,4.684252892571826,0.4907955005639576,0
Aizawl,82.52281263926976,206.68630414731612,29.062664966708617,946.4080859913884,0.8533229312198457,0.08564346657188836,0.656206964762467,0.5129978114689133,0
Darjeeling-adjacent-NER,38.75685498923923,211.90676299019432,34.048065919682934,1865.458044407373,0.6847023922873852,0.024817642196281638,1.071342579909252,0.9134672556025821,0
Kohima,12.348628202444873,189.79856803672925,32.26046337211124,854.3026133387782,0.29573679597035446,0.3197332769933264,3.6257083676961432,0.8923168974528791,0
East Khasi Hills,20.936336294321844,91.61981084516925,34.298251754998155,2277.875902679765,0.449016333569079,1.1861882485436703,7.309550423795558,0.6743682538493095,0
Upper Subansiri,0.9505797865725921,89.25909615242519,29.953356030968806,264.3466996046608,0.3524251964837686,0.058282424803635415,0.8535768719402604,0.3615580265501886,0
Dima Hasao,41.9651585039252,68.99130808780752,43.94725466467349,860.8171395166916,0.527552979068274,0.0515109368905248,1.2207942039203703,0.583374610977411,0
Darjeeling-adjacent-NER,96.93441102456823,164.6275955379958,15.667664952741493,921.0820156804111,0.3557829512235598,0.12731019652610423,0.05784534205721413,0.7173403422810267,0
Churachandpur,43.41808992516789,127.16269414671243,34.41729167018763,1658.2416734662083,0.3615480652674811,0.4379204955606585,1.7549747365843835,0.6856458134802723,0
East Khasi Hills,50.009540737090816,179.08325671447153,45.39652067339214,2199.2319310456605,0.2986137405585124,0.31746423509469424,0.2307316197657464,0.6386414586320316,0
Darjeeling-adjacent-NER,155.65668435213698,141.7071308897179,51.261869232868044,1382.3444368800272,0.4565923978437828,0.04046195326538087,0.223698598319738,0.8004823425674525,0
East Khasi Hills,12.741232932317429,439.71752751654304,30.58573451355771,50.0,0.07041280537470408,0.23357381143197273,3.581538371534201,0.6067792665507279,0
Dima Hasao,96.67568620027114,33.509974187107645,53.81501620907929,1151.3897188653777,0.5595007703073124,0.027711001817790744,1.053680991758967,0.9023045681779217,0
Churachandpur,35.5162181512324,139.18465602930897,10.896118056305086,1273.8796015268206,0.42302366248571455,0.7639564184433452,6.858147823032482,0.27067395256075033,0
Upper Subansiri,20.968333474617495,63.20796630199406,38.07324971815951,1435.8686435570528,0.5490208513191287,0.04531755145943822,3.1476883777555704,0.5490245680666066,0
West Garo Hills,53.59553974265647,235.06334665020512,39.898126247853874,1152.8587153644148,0.7367862287779458,0.2549323690394615,0.8730507099846875,0.30964641253409464,1
West Kameng,24.640236397066804,122.82834686633305,34.12751181694474,1983.8248380650562,0.2545186703878121,0.285718568253531,2.8633324005270087,0.595843553140435,0
Upper Subansiri,26.22947887032242,109.5222684170519,29.577294820045942,667.0333979394537,0.540022980098342,0.30211651390548205,5.017334098667079,0.7514266108287071,0
West Garo Hills,78.06295826609532,285.94889677198813,43.494679433631156,581.5438858348828,0.4231219764533144,0.3757775993994053,1.4319171488189664,0.9075872884307964,0
Kohima,86.1033063080841,86.34374776221635,20.89072914634786,832.5795854737771,0.5346924372283456,0.4837046004566148,2.0625380728937817,0.6893761065355043,0
Gangtok,42.7646548677833,456.04083506096345,11.8771990960813,2761.1220831871456,0.11607188212064354,0.0017470121696049432,0.6131163043997429,0.2861989943369615,0
Aizawl,136.78203916217822,257.67257003335476,37.91868204115973,1092.0870052093503,0.3607431707213632,0.01256091953983801,1.286283964392279,0.6116037492684104,0
Aizawl,29.221262418260718,84.45690592238189,28.131632882874268,1889.2838036244661,0.18828977331294441,0.3782377644940282,2.1630991774157944,0.6776079731193548,0
West Kameng,171.49146250032302,183.107947814075,29.705546015144815,1877.9975781504318,0.6293712820218582,0.08042664197562499,2.3893876285028064,0.8708811672217437,0
Churachandpur,107.23280352644163,331.6908532662628,21.460495934639233,168.67451794908288,0.5501650050608222,0.7131479137756727,3.182721299343793,0.4549226285606121,1
Dima Hasao,104.19738943338395,630.3535448321445,38.75223079168227,1166.0774845354706,0.7189746177686497,0.3950198055946016,7.887006969973573,0.8943319950590641,1
Churachandpur,69.46283361081726,33.23358145999357,46.6239943977629,1872.1310987745642,0.29650857724112567,1.5729051565497831,4.558703877820754,0.5353398380567672,1
Dima Hasao,61.73440178920193,59.14621170505475,55.18386170076071,2917.029817586321,0.21206528706444816,0.5207875945246746,4.769394790201165,0.6781615402039755,0
Churachandpur,50.187409689156226,120.75493819128256,44.430596256509176,1847.0147975110567,0.46748229154223025,0.03803842254430839,2.038354987521176,0.12977283385150354,0
Gangtok,98.31546580969757,82.83724471918931,40.680214957498606,994.5417124938783,0.572884421500558,0.07500244176618176,0.3892190379889696,0.8071640039660528,0
Kohima,90.31913505610805,267.910296437308,39.74590628610423,2076.143207482409,0.39579878218365006,0.01906685484844136,2.523017095482194,0.6176552648680627,0
Kohima,56.66701095399088,59.9312520362859,39.89278926668243,941.2913907268892,0.5383863042425359,0.5406425862980402,1.3032772848881657,0.7471570711842873,0
West Garo Hills,29.158149185164195,15.02422781823281,17.15454344130841,521.1127885135339,0.4585723019516591,0.05424692836762063,0.08089688256884538,0.29589119137617736,0
Darjeeling-adjacent-NER,9.394669784658728,117.56774756987872,49.63859170253217,1619.8982232457583,0.24919170558902926,0.4359809498935454,0.5418282511878423,0.5062400078142935,0
Kohima,69.56169353586672,154.27141630791826,36.949319640059606,328.71982664267705,0.3195503111653172,0.3242300815352786,3.558167624785918,0.7502455814290124,0
Kohima,45.227131894700214,95.40864570384814,20.271053429901986,842.7237203267646,0.18818621200381475,0.4012819079334528,2.4924317342083437,0.7365577896405254,0
Upper Subansiri,73.25827889195479,147.31691206927502,44.36207300667641,2092.0441910161253,0.6186462584170109,0.28425562870953347,9.591307781146035,0.8192471520819571,0
Upper Subansiri,81.83843398707218,77.35150503865083,36.250582841002085,1627.40077407411,0.5157431336574398,0.00524573161187027,6.424385438618629,0.5194442372504847,0
West Garo Hills,2.8014795419022387,54.57360601872897,52.79358229002463,681.627143113111,0.9373545783639182,0.11679282874155944,2.255103094451698,0.8658437343326567,0
Darjeeling-adjacent-NER,27.068154700631215,139.92374791668917,47.55277864796233,1284.2126742654057,0.5018845642366303,0.8650660886407163,0.42087342065019506,0.664273889999622,0
West Kameng,30.492304997365267,39.46769789789522,42.42808330575993,1142.9433468818715,0.6247238144228187,1.059546089758678,1.024985029273411,0.3066678730699111,0
Upper Subansiri,12.02742037775068,178.2731190422294,55.43669201945237,1744.4028378772614,0.7758400727992727,0.04090603052215244,0.6632060498331521,0.8498498699315588,0
West Kameng,57.9744300172913,132.4597826348039,19.234545133210474,1427.9964636631228,0.9452085073261103,1.219895474437552,1.589632177505166,0.6791978910920966,0
East Khasi Hills,68.93213472588302,88.49108715232725,39.2175748870746,1292.8615992086795,0.5318596367737606,0.4441031970913379,4.030773036911121,0.5515847102621445,0
Upper Subansiri,48.99434980278283,206.59529473430825,44.85538465990818,1178.0716983248858,0.2672508301502358,1.0232882019028948,4.312800998813983,0.2644689252166353,0
Gangtok,10.754741698869383,383.6778478160803,41.1151295202931,540.1034270019394,0.27047182135772535,0.20510696184193378,0.4902370916577741,0.7738402694346923,0
Darjeeling-adjacent-NER,62.7219201049097,557.8163080431985,48.72312946141155,2028.0920240691974,0.4350156639662113,0.04292053360333348,1.9912059046219208,0.5500515743832203,1
West Garo Hills,29.140778596167543,224.17709718306796,40.193854738843164,1451.3002449986936,0.518026474903327,0.14407430496746657,2.8231889116204254,0.38296249713330827,0
East Khasi Hills,26.610927025394044,250.09075429567108,15.317851758571273,1002.9118381588844,0.042372149450132346,0.46806245800033797,1.2630683618709044,0.302900476870076,0
Darjeeling-adjacent-NER,86.54248948743754,153.83700620623782,48.73060659490594,1046.4981882634318,0.8955631417429423,0.6343305465677642,5.89621219414548,0.669935886316529,1
Gangtok,120.76825392051929,183.90312003654063,43.055527377681756,1138.7180576704563,0.29186613101366904,0.020568808613038992,1.1118889707059822,0.5106241060477095,1
Darjeeling-adjacent-NER,65.33366727747273,128.79058781035408,20.383897372611234,706.6296572145063,0.7711316993409143,0.26695409115785174,1.6840222429402436,0.7141340296344441,0
Gangtok,29.410398738655086,212.89793900868762,39.514061878983846,859.3239947565678,0.42295746108951154,0.026612662046569053,2.209775599988059,0.9378532230051674,0
Gangtok,34.947163793198946,275.01635131121697,35.32170961398038,1789.9060837594047,0.2663173815505342,0.7969044306616605,1.393712405718896,0.7870880420572912,0
West Kameng,73.49680241911145,79.20384018807337,37.28923595598851,261.1349940427475,0.7832787182570614,0.2587641663891951,8.285379684784486,0.4889870336868968,0
Churachandpur,8.295657534663935,368.86157720715073,33.53484168596024,2315.066438180631,0.4097500940811731,0.9852040218580824,3.572643002863157,0.6308952046581577,1
East Khasi Hills,201.6354256795487,204.8815306825698,37.69291989999617,1202.2840043383926,0.6664379238475413,0.032735212910458125,4.416451381343707,0.5046373432412777,1
Darjeeling-adjacent-NER,43.78974299875218,144.97736293209616,34.619581956658614,725.1128133687921,0.1695879825939927,0.16047171302301672,3.492177826222285,0.6189217911441018,0
Dima Hasao,41.390737705405,118.49703995606724,22.447941531027364,992.444145796916,0.5885087225729624,0.45146999046335223,2.217477579212673,0.9164257827049467,0
East Khasi Hills,40.81113460480474,126.54183438628311,30.76844046721257,1452.5936643606435,0.6509334992902125,0.13902157031247223,0.07142078553376913,0.610918748077909,0
Churachandpur,19.353586830607846,189.22032824159436,11.4887750275463,911.3380968824054,0.22817168142406954,0.736948037481787,3.617695886150437,0.6708873628677489,0
East Khasi Hills,88.65772473485544,165.9653233014656,18.761676293439418,1595.687490955583,0.5101012410244948,1.732037845111098,2.371351789952399,0.5373258737643714,1
Kohima,56.66988041323408,247.75566357236858,32.295099129980414,562.6343726958755,0.06803578150420742,0.13207975646127285,0.2104456929746134,0.7588831168591447,0
Dima Hasao,6.289776469212984,234.12035939869543,46.276800562971935,721.4913908085955,0.7576039618697076,0.17918907431019226,0.3155574996991407,0.25373956865336145,1
Churachandpur,59.2829016689455,158.88017960289633,12.42460802669228,1346.6189524446063,0.8816717235683919,1.3687095286588031,1.6405594278455429,0.8374583916443292,1
West Kameng,76.31080173461918,75.18785733327495,20.705895115130147,827.9740186162089,0.9448566428903513,0.17730486457566078,4.790560933091955,0.9354721848578813,0
Darjeeling-adjacent-NER,66.69815272235068,185.5769763395861,35.27970071132522,2375.511222028873,0.6658167541510833,0.32476013664563985,2.0171798545632216,0.4486033460030242,1
Aizawl,58.22382430106232,100.5210763864584,39.32101825290944,1697.6234186596141,0.6225257647470105,0.5865537161029443,6.302343043946083,0.7327223306177729,0
Churachandpur,100.0278113577568,53.399695181225624,36.94691794960607,1507.2925810452762,0.2932590094509371,0.230746823701152,4.227333070085547,0.5425018681872289,0
West Garo Hills,30.841860659274673,183.50661362962205,22.76397502256528,1266.8547290018446,0.2972012010277834,0.18647346130187004,2.4909310977618304,0.7904548491076833,0
Darjeeling-adjacent-NER,40.33813500080689,63.62644814380866,45.95760883381679,991.9298753199839,0.3794986685001064,0.2737450282453482,0.9398704850094973,0.30236426702700764,0
Churachandpur,16.477953077395046,95.7621313562789,19.823666556236393,1046.3886931599154,0.17774034765029822,0.604779104267917,4.788782677241912,0.519024517882903,0
Kohima,177.10425382620758,73.13966656256679,27.979072097490818,699.0032435114231,0.18887159034645856,0.14968093476676092,2.6910995159600457,0.6260203197933387,0
Aizawl,14.62000466197996,167.5529779449134,43.679664897987,1327.2030994778906,0.8603483629326988,0.17281039666003065,2.01167965957087,0.3608289866140055,0
Kohima,66.67437638452348,176.2486209165218,51.74577996881852,452.4728495701272,0.9134859466327635,0.08386360302656105,1.7359866828963055,0.8039452223157582,0
Aizawl,28.32476416802423,297.9724836784966,41.668371385579945,2075.0080217762224,0.28565329248044646,0.48375162350491974,0.5982209387141884,0.7628571027851987,0
West Garo Hills,41.1802509520088,186.62207565686904,18.51747477717072,1236.6129742790054,0.5946198735277367,0.9188419309679813,0.03965963662269144,0.21102386507500684,1
Darjeeling-adjacent-NER,2.4599473185130507,276.21229627521296,46.214045860325776,2021.8580767594483,0.7980862254042907,0.08219018260693517,3.1514195367564772,0.5646773774253706,0
West Kameng,69.10788666268068,78.99482660992078,16.46647459093342,1735.9481069966596,0.6881801599780706,0.014080767154376561,6.3021820915930915,0.6370625204140523,0
Kohima,165.79502838968517,304.9538671010631,27.248670067836443,1158.4185556405869,0.3909551598967919,0.19203494110207833,0.5073177160042261,0.7123659123643433,1
Kohima,67.78596362364343,75.46747683167145,7.798793916961813,1467.5737955205436,0.3616221279395083,0.2111580360065407,6.8228138462873975,0.32337110698880916,0
Gangtok,1.0129676861088865,61.501545336054875,33.13926576682415,944.3059699694941,0.6521571004561899,0.4152291690295693,0.1865713387763536,0.5314533294255083,0
Aizawl,56.89102891744309,183.1986287997572,52.234975205690795,1142.247002827023,0.7630822363814581,0.03579092916950312,2.0100022605986005,0.3523279305916013,0
Upper Subansiri,11.07325328038806,138.0636043926918,29.95346444868507,734.3401366294572,0.27573592715958584,0.6892630984593159,0.30699898965384614,0.4660983799230589,0
Darjeeling-adjacent-NER,13.9931568912529,130.51238297388517,14.9118695660985,2199.378511897677,0.506628450047348,0.3413139856118246,5.49791645023236,0.8765571253404014,0
Aizawl,66.38337437266483,211.90148396404203,28.52877130556832,1312.8466767387208,0.5511984153637854,0.31583761095803553,0.2724180574938581,0.5680528771102428,0
Gangtok,57.301813807580174,82.744511536491,17.228321207163326,1707.7677845767118,0.7469403213855382,0.1521313013212347,0.7227230571898027,0.8056392326535687,0
East Khasi Hills,72.41394446913516,217.18585285477232,32.24640474504699,937.2787987759752,0.4385687987747114,0.18182065975145154,4.0988927786656895,0.6181119192472513,0
Aizawl,57.647130982318,143.8581907887404,40.02845115460756,2146.666215289838,0.5159131305679693,0.022809028276617405,2.915783377337414,0.541075505015597,0
West Kameng,42.52218323240338,271.75067021317125,53.912069754621484,765.2333099032242,0.6911053795905657,0.5605709601554787,1.2280797697386763,0.48419065187154675,1
Darjeeling-adjacent-NER,70.10468777759422,76.55061297982346,12.463364273782997,1131.0335909267485,0.2653009841753948,0.3712811233368358,4.531474574105615,0.5870431774848434,0
Gangtok,8.81043438848824,79.84093328654359,27.761185666862072,917.3755118242873,0.40173223158989796,1.499086897408541,2.524443554138748,0.6888615502388871,0
East Khasi Hills,84.32336849894227,403.3929154730202,48.95603266178627,1364.9524724113144,0.5345323955507504,0.17451105384352783,0.7520110875007523,0.583606192734437,1
Dima Hasao,11.481145630991739,194.5480201790474,23.41067167924381,785.4718117667169,0.5887539839056793,0.4389376958604634,3.3702755247653498,0.7172177925072165,0
Gangtok,55.46354846002388,120.72553875559612,28.233387934899707,1554.3559684311713,0.7721581689609641,1.0080243801379853,1.0126369269796998,0.880823744246273,1
Dima Hasao,103.6523830039505,285.0780091646534,25.08606160978488,1357.8926070117786,0.2594665635302838,0.4974749552977791,4.228497468219505,0.7321277627362649,0
Darjeeling-adjacent-NER,15.346274076336028,331.24206749991856,14.526503092305585,1104.5469703098345,0.25571372632296835,0.01645820402808047,3.803478193997689,0.7019622000330206,0
Kohima,74.282304027932,110.59070227899508,18.05437591290562,560.6966561057251,0.10599685716452338,0.40012641324674975,0.9222961904789593,0.7393270743413572,0
Gangtok,67.83484660747021,166.29686388435465,18.729135032997714,1151.4969321687995,0.34703307290803337,0.31532704062272976,0.2735664413967353,0.7409816944397741,0
West Garo Hills,46.88261753508635,437.9896131091796,29.989457576681897,1136.7952342439282,0.8768523149419162,0.2767099197198647,4.297972144204239,0.4137984257614943,1
Dima Hasao,6.07635084719157,93.45802079321422,41.43412432930758,1737.846244722285,0.8625372270976536,0.32211802031355835,1.1331567273543972,0.8764303868502095,0
West Kameng,56.3665885723395,96.7310238446831,38.16590995623924,1026.3489628996795,0.7254053315136636,0.24689380650305776,0.9838008177254004,0.8867241699600257,0
West Garo Hills,48.306462824123514,181.75190629964766,30.862921109790694,612.375058778622,0.3226874110285718,0.47084437803785467,0.04590189717009047,0.49242455170509325,0
Churachandpur,77.89574343664185,75.20012655833092,43.38170078981096,137.48492361935178,0.7172933761261095,0.006010087266753662,3.2354101716699306,0.8021330915156438,0
Churachandpur,15.703279621522887,166.20085191540733,34.28985662368979,1889.4891562916323,0.441121245928889,0.08357779106111221,0.8007481071281561,0.3148092373447113,0
East Khasi Hills,100.1084022810019,158.15067617175436,31.80342908353451,1092.9051989059174,0.4618315039279821,0.18189510158443115,1.4311865043643741,0.5826069401967011,0
Kohima,46.0623902820612,71.80079155300422,44.4439224420499,1397.307757873364,0.49655394120794233,0.24107935218427845,5.751349496424513,0.7020056364645543,0
Darjeeling-adjacent-NER,39.19979176051612,119.41272236184946,23.137469848178345,890.6905893499419,0.626652916009453,0.05592849773444528,0.33470506474908013,0.7204468509102616,0
Gangtok,103.42147654114335,426.5552273494883,13.181772368639605,840.6713109932859,0.9398337950660539,0.6862438974194629,0.09695362870807486,0.8228047469175718,1
Upper Subansiri,84.69348272818455,194.05218432717825,37.91989038636817,1142.5506238485311,0.29164021635149523,1.0602411696872627,2.055340256873449,0.43867206466817604,1
West Kameng,83.59885839281047,80.26097669990894,20.62772478655394,698.7134591881032,0.4863989331666255,0.5564672705318837,3.0087125096542837,0.11320674346249658,0
Dima Hasao,20.1234575068607,141.92951631437202,24.08946012796861,979.4343505876304,0.21610371220381197,1.0570063921842436,1.8778436558965275,0.6070261508418632,0
Darjeeling-adjacent-NER,63.47636704102507,276.82939405863476,37.275446237151215,1628.6823147753926,0.5745560832066196,0.5438163748828425,1.037189112570302,0.6087889348292354,0
West Garo Hills,8.577939130606719,159.56226745885377,17.406582308361997,1621.0951712243082,0.8558684797942184,0.23268240935156417,1.1213124302184299,0.44306886036127535,0
Churachandpur,23.722956922002588,195.6195973506547,48.24113945463856,898.377333938646,0.5128828790083282,0.1997782313660399,0.40526244415318424,0.38043040695145675,0
West Kameng,25.3521412196512,243.11397439818194,25.68902350975338,1062.4180150837835,0.551244882638456,0.0728003465984811,0.9338827696712698,0.9099442840719622,0
Upper Subansiri,71.47444601774392,404.254235748475,34.6022505154891,50.0,0.8415813493558761,0.03616557245964254,3.5562121154227446,0.7400717824033441,0
Gangtok,91.71788946381561,180.36124014503332,30.3268474677764,197.84038122404297,0.32444561082804096,0.09918883880531802,1.728576936264402,0.4411084382313532,0
East Khasi Hills,42.376880700319276,175.94741966569532,38.64073986956137,891.3304412556093,0.6867941593352971,0.3038308205086885,5.535465699598769,0.34024407545891344,0
Upper Subansiri,34.23014887363187,193.4638537791935,34.7769625027671,1226.254588801305,0.1664793337538753,0.05798587077497325,0.45981176917158784,0.6777372039103905,0
West Kameng,76.12138943598684,286.2635625455346,34.69365693046599,437.51876570467846,0.4833845486161545,1.2077112950106441,1.4603850277913877,0.7724096886459592,1
Upper Subansiri,46.821500703502466,124.00953447397251,38.18572664805815,1622.2986142549025,0.7845015329379351,0.09861730925812931,3.0233677125182323,0.5812097889930343,0
West Kameng,46.437261133599485,119.30226355312703,45.01390467576986,1710.7375225027638,0.6461923338756459,0.7174197768919565,0.7946237976142446,0.36026059631984025,0
West Kameng,25.198489050332228,265.1499950240955,27.97936307289559,694.1524130822162,0.6250390681581688,0.6833034169507892,0.7759990039416947,0.42717464827579016,1
Aizawl,47.362576484625286,311.7227760236433,40.79429270387715,667.7314873523862,0.7414431097022114,0.060889469493252926,0.27901088824361064,0.5230144607318603,0
Dima Hasao,16.571158949287785,255.48109187055252,44.52797388892269,1446.879544889563,0.05875788332082429,0.4961756743549104,5.585708750233925,0.8710061122471315,0
Churachandpur,27.024013531779968,221.6491437746359,23.626156141934658,2201.456882529985,0.3480769016237094,0.6951673175152298,0.47345237252962924,0.7656724788830933,0
Aizawl,111.13750901376191,227.47407053365566,52.42909436317057,949.4715264898362,0.47488252092426003,0.8626581672228926,8.77700501866284,0.793812741475875,1
Gangtok,37.600951007596066,272.63161962389404,14.380507573734905,1761.8635336061352,0.848206849786785,1.2314682373619004,1.4893155206862523,0.9480712495666256,1
Aizawl,69.39216158471278,158.19331162668328,40.07438081512556,1184.1146851572914,0.2991837354753981,1.064295677601547,10.013844316168264,0.6017793995954365,0
Kohima,26.664883381387277,227.71320030270425,23.944522160970436,1236.691894974202,0.2257565322062972,0.14908518005465973,0.10297547005478588,0.7518682760308699,0
Kohima,108.07207146115381,264.93425476023754,28.572592035410448,1087.3004362728582,0.49543125466842436,0.12460194287077038,2.0930813833448285,0.12247946927776122,1
Churachandpur,36.493298378679036,109.53676296879694,43.86986830476164,1761.811684616981,0.5487297156401579,0.20268723934686542,2.9347319768377798,0.4304834131765175,0
Upper Subansiri,109.71381465245153,380.92087851218633,41.20233086939207,2389.027907922352,0.6045194779277444,0.2502000993437529,1.8159793983622787,0.3612545211927879,0
Dima Hasao,21.045086239780282,238.46257011603035,37.60059610833842,1712.9549504155364,0.42383569512968833,0.10656920482044359,2.1105228894246135,0.7469212982511725,0
Churachandpur,29.613990246524857,232.05239376887585,53.233186266749705,492.25092982600495,0.699715685627235,0.03600629430700303,1.9326426518984459,0.6586569989936361,0
West Kameng,33.830216016206,105.32313076738997,9.139978217481653,1047.4664403291383,0.6984236845603924,0.42752791759494335,0.4047012478000775,0.5913909306911092,0
West Garo Hills,30.397046290396784,251.5206859977479,54.9934577906296,50.0,0.7031180048321449,0.07658082169392615,1.897724185566835,0.3188101288740859,0
Dima Hasao,78.30917595396035,200.40199534389478,11.643432191538007,2433.178352155149,0.6643049922707022,0.9855698029342778,1.950740577372222,0.6284160689763704,0
Dima Hasao,77.60760992071451,302.68803822057924,27.978957292765248,1411.2206881118082,0.48668284021387026,0.1356939093061871,1.0985177508088988,0.7225620204601004,0
West Kameng,51.06884270325621,112.65060640741457,11.329473527707368,718.5283498076494,0.2171111009074662,0.08810221072131769,2.337941797145225,0.7645915450220947,0
West Kameng,68.90593367135082,98.57958787408438,50.61506590489523,1357.4253102232783,0.42348607924387205,0.08634710984133923,1.3271631432375064,0.756264476508936,0
East Khasi Hills,208.23142005588252,221.19084975741595,42.84034651665009,2331.2310065202087,0.6629434278100813,0.13669679550749303,3.5178235259067323,0.6555873897587488,1
Churachandpur,58.245978996872324,148.7364709943096,32.212844700595724,698.2966184060299,0.7371659493215051,0.37887092910297027,0.0973981831287455,0.4548618640041665,0
West Kameng,76.05524799416743,203.9999917175159,33.436993659279935,857.8463063307213,0.6324168411519351,1.5324904937990653,0.025001870427193464,0.9153729533451314,0
Kohima,21.90050844178102,122.042207587684,35.58854576130287,495.89174268762144,0.4613957752906182,0.26642184405881153,1.8554283702656373,0.7171214076117458,0
Gangtok,26.762264053623298,138.20996421770323,53.411652679926334,1540.29216867386,0.3120158643386404,0.3661944063915432,11.32585895554644,0.7999509733761498,0
West Garo Hills,13.153889742864976,350.61151823120883,23.90481730300995,1116.2800151430936,0.4630821059881687,0.7395844202602331,1.4740460462544087,0.6524127617062965,0
Churachandpur,47.55180066637082,230.29836506889524,24.494010348798206,50.0,0.6231519758448552,0.1626087332868189,0.029875753027374347,0.7728424407408548,0
Darjeeling-adjacent-NER,44.4096872185252,444.0409070562365,26.084434262892586,1402.490405492918,0.6876757825966929,0.07932022026765069,0.9535387580231649,0.7406612202841313,1
Kohima,9.341382066476339,241.80795196487668,37.25146095884004,1769.7270371460488,0.6405495990315554,0.22740095305953975,1.5742617245203705,0.6226777960571527,0
Upper Subansiri,49.88396775660672,176.7023807389792,24.488896768956916,880.3825926089756,0.9313817767873404,0.15349671424557343,5.784854422059825,0.17289742070215175,0
West Kameng,55.94206247229994,260.1697934862185,35.17380637786166,1172.754711673628,0.7170774120952021,0.8043535675671853,0.32322933498727663,0.879188226130925,1
Darjeeling-adjacent-NER,86.44784382388141,243.62428126675994,9.384563656025337,1078.875899004071,0.8439738122691025,1.5255929184957229,6.455421604677486,0.9216041988019856,1
West Kameng,32.1166060822308,180.1304685207603,31.328503528467706,1612.4690106237927,0.737005679508838,0.46630718488423945,7.039923683182499,0.6653294501389196,0
Dima Hasao,71.97807640411472,164.2622639422185,48.683397598926746,206.28894481493558,0.18468850826505023,0.42425011894583053,2.560784519192174,0.556988894712483,0
Kohima,65.5285200722942,228.23224975474105,22.8873686041474,805.9448347178104,0.7296094181901482,0.5010148364599074,0.6378202234269017,0.8207553781736665,0
Dima Hasao,64.75033611889702,132.09163009094712,7.786271669759202,1016.3350569342147,0.8023090714982637,0.25219354734790417,1.923496007644241,0.5202277490284221,0
East Khasi Hills,19.590004022888678,119.16795076275122,27.24824229690895,1662.4145177610628,0.2828585901401536,0.39639980169583483,4.240901914584931,0.3778557040212366,0
Dima Hasao,39.039637419194996,48.21798010552646,40.343463264820315,1201.3435839325111,0.49052907583811284,0.029571011148412336,1.1081005543905555,0.8903479527253185,0
East Khasi Hills,94.28656885220771,88.9241252496037,39.23906370941774,414.50577389695457,0.5557561537548792,0.2720520153435314,5.892912542591441,0.7002278258821328,0
East Khasi Hills,78.46875814254327,389.2141645694121,47.53277719685296,854.5192546219007,0.3502899454790585,0.16160643559625495,0.22733644127463967,0.473477752441983,0
Darjeeling-adjacent-NER,10.019074358639612,75.55023717441732,28.46568908820671,1955.8615116058606,0.6971772508458189,0.021858656473518943,0.9174781615577438,0.25640011316252037,0
West Kameng,67.0236036099368,466.74549173926755,49.948578074860755,406.1235997772977,0.35975885532675655,0.3147865398758625,12.476313955032714,0.5806284159467867,0
Upper Subansiri,8.189893758907862,263.3325823278638,35.44720956543271,1816.5517298124569,0.7879216789128132,0.17867517133122374,2.1919194477387696,0.8553220038136524,0
Dima Hasao,32.01327033754225,456.67116760990734,55.652668156851185,1761.4905811806004,0.5548095912390805,0.3572385792326356,2.2310797205694834,0.6977746608829155,0
Kohima,55.89473471116432,506.6870490126751,27.304194696355214,1931.3397003394932,0.46999028644152185,0.2879443897328617,0.6856647771510838,0.6733523960369056,1
East Khasi Hills,57.43128102103099,148.27854116828303,27.38909169767399,1859.9352979555515,0.6011435550902948,0.12930693017804024,4.872039894743672,0.5036640523319623,0
West Kameng,9.435796130616456,137.91938311206033,37.80417735602295,2017.5478104709732,0.5677618630648815,0.3105971290543306,1.4012733676556952,0.25353860524252314,0
West Garo Hills,18.858343988641153,28.443198690496974,27.875968277840958,122.85241420678608,0.25552342522312665,0.19042420551275652,3.9440985415748635,0.08891142895768009,0
Churachandpur,124.43888164399665,111.15728983868912,19.634430238241308,1985.3587313571911,0.9435853641092626,1.0159111289023401,4.160846188347592,0.8198266549948153,0
Darjeeling-adjacent-NER,13.266668526021691,32.66593400605605,44.471039735426835,1497.0527122860876,0.5206380283177886,0.18840697076144974,0.48049719774945326,0.6669161764616401,0
Upper Subansiri,24.50936793137144,35.228846359319576,39.75674393849168,856.769480235494,0.5456472669733473,0.01639126596843504,1.7418233385607604,0.712853584739059,0
Aizawl,0.6774216722009341,86.49095639165039,26.890001828332533,491.68238141361473,0.2280684863556958,0.576845896557594,1.2112328673900352,0.6568891051130656,0
Darjeeling-adjacent-NER,140.4935693746947,131.39959372354352,26.807292405946534,1218.1710800320407,0.8336494690432047,1.326192018194261,0.42059009520367513,0.5080741136668026,1
West Garo Hills,15.72210356429833,211.6055316350188,53.93035133148031,2628.6668917250645,0.6423005162734869,0.07423498728069401,0.3292510641038029,0.33827498154245234,0
Churachandpur,19.558206990372167,137.6508615891589,28.895238515294174,1512.92804220498,0.7650602083105783,1.4415708481361866,0.11720371071440161,0.44822602860161176,1
West Garo Hills,8.170122638409545,139.10788269459974,21.046671372508246,908.5923163626283,0.6596970885867411,0.3840906289954552,3.026348111866088,0.7355934126042473,0
Dima Hasao,37.53290410519228,183.67115403019972,55.74781931784766,2621.234407470181,0.37712558117103395,0.7519369004908005,3.8098787999577564,0.3079021515755232,0
East Khasi Hills,30.761697254147986,140.2554738582759,48.52899975534151,1587.2821238120168,0.65916492714899,0.2561424585121891,1.5937550514758745,0.8557258547349437,0
Upper Subansiri,107.99043743134871,384.0764840830622,51.14010966963206,1606.5525857657183,0.4363253532109492,0.3896967525136296,2.0748209621344835,0.13205150452918127,1
Gangtok,100.92670383956302,111.31195947330261,14.394977755399289,1374.0118603966937,0.15496681384528674,0.7356860206952136,0.7595143266815185,0.6613269146645264,0
East Khasi Hills,149.84833859925615,143.62217079236447,33.87103429204043,1508.6644703952054,0.6775150675847169,1.6251393967945391,3.1364152255297277,0.9498221897041434,1
Gangtok,62.956669419579214,196.7097956768742,45.93911552647126,50.0,0.7121029861219965,0.08172738592285203,2.1924144865848185,0.26242758284029155,1
Churachandpur,15.085011328463185,192.77246835130796,20.30110100104515,1291.9393470604086,0.7266205859722105,0.9160516782790685,5.349380742912753,0.7058695501771829,0
West Kameng,40.62047163995726,127.14420560614799,48.728010793190805,1677.5782806173468,0.8044097113213932,0.4401718548421105,3.4275065852261384,0.5388622759973254,0
Aizawl,19.181999525182242,173.7964515437855,15.022650495598997,2148.234893409349,0.6651762098000501,1.1739387182370808,0.047792470912932136,0.6471904125157583,0
Kohima,10.5399309990995,115.92376475819563,37.64043537507579,2576.6276756990073,0.6390989900622169,0.15315289642033825,4.14985317009248,0.6874774419603586,0
East Khasi Hills,130.68984955161207,183.20255125388357,34.83576800521077,1862.776029561836,0.5257020808261851,0.11114230527774434,0.06876058504484081,0.6069652582675141,1
Upper Subansiri,73.04540380812094,275.8958370602539,36.35920828604611,1327.4660308560817,0.395833773816886,0.18198198749415312,4.2029465241416535,0.9663449613950019,0
West Garo Hills,65.75559176527959,140.46216371733698,12.29091335023516,1242.2474160525715,0.5781710327284076,0.8633914942095727,10.90902832921798,0.9574076690453225,0
Upper Subansiri,8.163584273342973,173.1216122638736,27.302903171836643,781.138895346164,0.32219578345790234,0.2462024738564094,1.6390434981024944,0.7936280741323283,0
Churachandpur,51.77234180535748,128.77310973992138,31.871197658070866,1527.7156298541038,0.31379462898992305,1.2102760614853898,0.643359519254761,0.7089234343714738,1
Gangtok,31.076002754790654,110.75854323681894,27.555443981770022,2388.1261344259165,0.4367421680147164,0.11100826704670384,0.02404329416802014,0.8214147201454934,0
West Garo Hills,46.70559484591153,192.46970348081166,12.453980609652133,978.4868028749886,0.877581390291735,0.09966268049427174,0.40715924375438395,0.2624852802711208,0
Kohima,5.001754856165454,66.19276361546245,18.82848868726143,1311.4878414645293,0.7594458600831726,0.4537857616064165,1.7518500630699274,0.9016883739999851,0
Kohima,62.29298773129237,102.02236577326667,15.38899709507852,775.1020602153624,0.43769936094830453,0.13793432487585158,4.107303763605707,0.35036692255167534,0
East Khasi Hills,3.6329588997078806,301.5050994571007,30.086571857246,1822.9392279048195,0.8327270224792119,0.055316436294261306,5.12913962654885,0.6704800843085638,0
Churachandpur,36.99141178145301,70.0553209993119,38.68719679400481,1948.8135363674164,0.6376481892350826,0.1886024342889847,2.8765611759490484,0.3419770616274686,0
West Kameng,52.962903157716944,255.1618988347871,22.198410019923422,784.4168093602624,0.31770525246258413,0.12378884884958351,0.22705831147109679,0.5136858038179107,0
Churachandpur,72.7664493680683,255.19533230987548,29.26110720577622,1550.586453583267,0.5932457928376307,0.21307949213170385,11.873745213162914,0.6467992584427297,0
Gangtok,56.40473763322406,151.90748594078212,23.14784081072738,50.0,0.2895237903416814,0.0825691476817083,3.4369422198552706,0.4994274702670888,0
Upper Subansiri,65.27524613380075,143.77316959857353,45.30888813918856,1036.9064628166586,0.3822649429697024,1.2584630320809695,1.3898066304873091,0.9739244948979201,0
Kohima,55.143282372348565,128.45212737656277,12.942653297687214,1970.9419930426325,0.3715631965241694,0.6470867403642032,4.200664346830213,0.6730244520830378,0
Upper Subansiri,19.72356153583611,199.1696268429067,17.023440017231497,918.9938604563688,0.927004699405623,0.7352921159104302,2.2203086006903696,0.46983199089397215,1
Upper Subansiri,7.988735308862078,125.71948470396723,24.371369988623023,419.75356770707526,0.44890610313844465,0.14140984521773428,2.3081791205921594,0.734105978015919,0
Upper Subansiri,93.31285724629437,212.5477984989313,47.31754473794469,1614.2148509333174,0.3164572723660079,0.7772898609447169,8.877340352229933,0.38594281736379077,0
Kohima,115.35987458646866,85.20543609040861,8.096687554306282,1134.2117832574004,0.33723363073277046,0.35740478499756256,4.037734618491945,0.9522642942692344,0
Darjeeling-adjacent-NER,35.650053830665136,294.72062994026595,22.93037165097921,1317.9561547043274,0.3938822644856272,0.023361653723981746,0.7600392128912326,0.4573260375732964,0
Dima Hasao,23.54239495637164,220.47349163704948,20.849294586698182,1402.8659375877892,0.754059879006782,0.0665453183464457,0.4814084253827963,0.5235141076116534,0
Gangtok,4.863945373684628,14.441127248407202,40.19401655428476,1745.8417733493065,0.21486875488779614,0.23620922357703691,0.4727876835171385,0.8356399095916522,0
Darjeeling-adjacent-NER,27.480616059975926,287.9501351244671,47.00884538553501,1849.1005561384688,0.6072184984688178,0.20020821059017535,1.5151484896192438,0.9830777820423555,0
Gangtok,21.396428647484164,276.1386817268261,43.052828495095675,1432.332601087152,0.7419065169144751,0.6344419689816263,1.229861550405817,0.2150936201380565,1
West Garo Hills,12.539742755764868,315.0613369629965,39.32060175065286,1906.7396107740137,0.3445905056314898,0.8275412340842783,1.5071779955705458,0.5319882177402419,0
Churachandpur,98.05733885307124,231.21027869969498,13.507528792113519,1188.620543919728,0.4550309376278758,0.80078624905493,0.16187346226540061,0.21664788415445493,1
Churachandpur,66.52289985572254,233.78362367485497,36.00754202995891,1391.8837122325663,0.5412003684227149,0.18818652971703728,0.564357781101287,0.8995461288286858,0
Aizawl,67.48786105567943,67.1732090118533,40.80464931578479,1219.8866525494257,0.5124184604438636,0.4039928973935276,3.992549781898746,0.5543146546961085,0
Churachandpur,37.5305721479326,63.92134635634625,33.98670224960955,496.2289727305666,0.7485259243559869,0.274938611009416,3.5429278786694236,0.7490403164674159,0
Kohima,17.559398805775412,264.6272305455516,15.000748109106736,2093.716470230902,0.5342286450455155,0.8789991466389306,1.249350527246505,0.7362534020754918,0
West Kameng,46.861563673833,193.49901214403906,27.87063144815441,1236.061940453468,0.2653561699846246,0.8791888362248619,1.237641272049022,0.24142249543514008,0
East Khasi Hills,43.78729400163923,30.722938550497915,32.030713330351375,2159.596668335252,0.933468758588001,0.022151070376433414,5.381605460012974,0.8727653104063087,0
Aizawl,7.697792851273268,185.7903967012209,24.962412747579105,1479.016663027917,0.6975199383207842,0.33958383559723676,0.5018550586123353,0.8941175181404984,0
East Khasi Hills,67.64086838701144,65.98458054249535,40.781300017550755,1456.058870600997,0.6334099494541768,0.2800415667722419,1.1048605855142377,0.5542076607572403,0
Gangtok,41.05019844489422,46.913517810710005,46.50915368822514,1770.3077534671852,0.6902432127610738,0.588552976458998,3.604264033126504,0.6908346672716271,0
East Khasi Hills,43.85061816045347,452.02957352152663,45.60400307374187,1379.1471597962172,0.34099713521719105,0.08716692315493293,2.1367346193335988,0.8484489489546435,1
East Khasi Hills,24.415062642242205,82.61824469012896,30.380343316469393,831.7842053538491,0.4797318796482576,0.47497517125261707,0.15539201130053593,0.2550849197963016,0
Aizawl,32.242246384677856,24.19691409685817,35.38820090511471,1119.6614364971135,0.39723291494341467,0.5366962361799728,0.02973591097378804,0.5786026663123875,0
West Garo Hills,68.04539725026343,45.86530491753612,6.1330321779269275,1905.6028388449497,0.804847488495578,0.01084407940863201,0.048299683841618674,0.7934053692180285,0
Upper Subansiri,120.2220614658263,295.00775176876186,33.640373984384574,1633.9732670859185,0.9050301691869221,0.22573859616815165,2.6676559514969562,0.6596964184792942,1
Churachandpur,123.47548304896756,71.80822658552553,36.89674255642445,691.4795483857855,0.4992645556443874,1.5442763379768212,2.4353928079095386,0.8790279116544389,1
Churachandpur,30.42511509270375,261.44299061369276,35.10930022925651,1384.4855120987606,0.43077094043054753,0.1430155629224823,0.11383128969350575,0.6208164025085012,0
Kohima,39.07725688158361,206.12292807521723,18.684675939216238,615.0912843276723,0.39468111410236295,0.8635054182237969,0.35380180667054617,0.8359098142126079,0
Aizawl,87.71952521753303,191.08472703344682,35.92308794232553,1259.7082704938994,0.7090886870360205,0.3536165642593956,3.2053639072199402,0.5611673649812571,1
Kohima,20.797506218550073,73.84396491229238,49.7528333613005,1812.0106159292804,0.496776289652252,0.14070014398242062,0.9261735264987246,0.47335491169069843,0
West Kameng,12.730737848592236,140.42411140189006,48.6882639290458,840.8663409735991,0.7738323640481765,0.7231240409466577,11.974373981615507,0.7298246312601553,0
West Kameng,47.70281881873872,141.61451730233043,47.24527516799153,1143.0385274924108,0.7374179851671634,1.869452780501819,0.9366778250715164,0.676717333584536,0
Kohima,57.34551291227801,138.93388848149283,24.50244879012187,640.0783308135822,0.31753407862868016,0.5419273088410299,1.0225046046236583,0.8549437709506076,0
Aizawl,42.6727712920888,291.64273472003356,34.706461938113925,1566.5452290935832,0.4399463307223497,0.025301145796909914,1.3595400151193318,0.8679666266186616,0
Kohima,29.24304303345828,138.2914474526723,40.266897897766285,1287.962745919828,0.11487151294539383,0.021533597707634113,4.395660906001571,0.9829234911688405,0
Churachandpur,56.68882360604505,237.8232112589581,52.070733129545076,816.0158017524161,0.643027218404098,0.27055971658713995,2.0371086142259913,0.2480117630208878,1
Darjeeling-adjacent-NER,31.978413647256176,175.01862305505125,16.744288898376524,1452.5446447520385,0.7090697818626092,0.002434162041182167,4.866576438429845,0.6999506748026655,0
Dima Hasao,39.24951018612657,72.2634530420726,48.46215259263188,1185.8353778217847,0.314081922111004,0.4507410556793646,1.3930781617623356,0.3722569761007867,0
East Khasi Hills,37.08454086868227,229.68107603197296,39.758437818927945,1501.2992247823329,0.2855912216451429,0.006574667549974225,2.343024873408099,0.822576299642754,0
Dima Hasao,50.8253790237404,248.68266067437924,42.30593026456636,645.7785873359072,0.17821816225781625,1.4457323955107526,0.011575049676823934,0.6353590640471158,1
Aizawl,24.094323453553276,121.83435411405536,44.92516765444216,1005.5276262304403,0.8687313417253327,0.8502192644039694,2.142389655134915,0.5904099648744803,1
Dima Hasao,47.657752304913956,199.91003233901412,52.59820839011957,1282.2088832135544,0.609028934288469,0.6757786974141731,0.2098747187153029,0.5072351047956626,1
West Kameng,3.998149146087377,242.20611938623728,42.22902474077867,1613.3832804647075,0.8341972196602182,0.6694032315672427,0.5361216360846746,0.5268108829717552,0
Gangtok,18.838277114120707,571.593233869672,46.36199569812789,614.5418502250451,0.34812528276323174,0.7192118438709958,15.017324630522753,0.7914958842195721,0
East Khasi Hills,63.84709643885926,118.925107157929,31.292323094748166,1268.7871406588197,0.7803690217619861,0.22784542656099727,2.5346194249525955,0.786117107115396,0
Upper Subansiri,32.794320572016886,220.8442211644098,45.832910670852016,1795.307825538166,0.8611305420804355,0.6278113186782681,5.086273240788897,0.6039461854336238,0
Aizawl,31.718505014589322,132.01516799789897,38.632114929311996,1237.075148312089,0.18304513172997075,0.183008938316931,0.1475847628836716,0.48469438204009835,0
East Khasi Hills,81.5742627901891,232.20366747940326,46.25142142155959,1009.6484734072134,0.4845262390667019,0.7545679435120802,1.213549165152266,0.35671083055978103,0
Dima Hasao,99.4808713797114,143.48918340437825,39.792903404974304,877.1608976427102,0.3445960965372602,0.38489848834701207,4.959254602320266,0.5634653220146641,0
West Kameng,72.2006832762224,73.70309180065368,47.27284988737059,887.1847527211783,0.27307725383682,0.177481816737206,1.3224082103970614,0.806568088764263,0
West Garo Hills,38.79019625960046,62.45835374942195,46.98149707161836,1334.662151337413,0.5763290799523649,0.5473396037752085,0.7313351820500774,0.31614977957037926,0
Darjeeling-adjacent-NER,30.238651847822034,291.873517637706,35.18032693091812,50.0,0.5622607189346989,0.11126397276020242,1.6395654925278995,0.6005348187436008,0
Upper Subansiri,24.936866217766298,41.32076830008735,29.350259066123574,871.6387545687419,0.48558133924135594,1.3371405088186785,1.5916310276854315,0.7944132533257623,0
Darjeeling-adjacent-NER,50.53967440418972,241.14445660380264,51.56165952135643,1450.653249702995,0.7716384640277224,0.43714572350636827,11.690578922582857,0.9224510460353281,1
East Khasi Hills,17.53250881653402,123.13611416070447,26.954557123722314,1647.3080789232392,0.6830818628160983,0.2051324389197475,1.0943420343416204,0.7361655398741644,0
West Kameng,77.0353216782448,251.87742794705906,26.370214250184674,638.5042911674807,0.5216075020881352,0.32005087745973776,7.886644128417929,0.26244143102791406,0
West Kameng,59.81628375989243,263.72505734765696,35.30241947075046,823.2137901893343,0.8859850260890251,0.5351055408592734,6.076975159697231,0.5263562181067682,1
Dima Hasao,31.691493750568878,133.2810519916543,25.429371613592355,1244.631336819137,0.9022570869802518,0.6384549994826915,1.492371099596125,0.5645473529616035,0
Churachandpur,31.34865260358372,496.82239380592756,25.981239366960654,1572.7086515189797,0.6567536937261241,1.4748914847327992,7.250196816940136,0.2436275257465467,1
Dima Hasao,31.17113211886965,148.58431953637725,28.28877865353387,977.9436960866151,0.31503059967217906,0.09376140301323103,3.262972636848959,0.48368074590110016,0
Churachandpur,34.25792218890765,243.7545746983426,46.547819602553304,1124.3343048446156,0.5783608614083452,0.280825669297793,5.4072995854410255,0.3805832556628621,0
Churachandpur,44.261787403451365,133.74983601828004,19.983821190608694,1403.3125448427395,0.6119394003087533,0.03836553416726125,5.558768130032554,0.690944005484282,0
Upper Subansiri,47.305047102767084,161.46987481798163,37.32883472742589,507.7956080750904,0.9731888032027068,0.0343426175172315,0.223337621174369,0.513312065480179,0
Dima Hasao,112.64036632071843,121.29950923561155,27.62036577422387,2175.00130833977,0.30052084244786065,0.044074467909567844,5.678317793130821,0.568326949321693,0
West Garo Hills,44.192645489065626,152.54579441553784,54.02369316727604,1249.6171278346603,0.4477778592625124,0.12017388490817958,1.681306396630878,0.5427425219275048,0
Kohima,28.83426513075886,41.70901630991214,30.872762955093613,989.8431534878985,0.17296018476545616,0.4767314897499472,2.5336266905616096,0.577964974111789,0
Kohima,102.16539699255594,129.68377858317118,40.49266761118643,1884.3498506053813,0.7699004443919812,0.7897001859986129,0.8935362003638457,0.7591542553028362,1
Dima Hasao,39.1522792794362,201.8401661743154,29.814974293352055,1276.3752668163775,0.6839556356205052,0.22907730322440834,2.5927527411586455,0.47312841525059923,0
Dima Hasao,2.321773938428219,100.74457972483455,27.145100039061195,1095.4512083098489,0.458031061374625,0.3240551259070184,0.06862957606651143,0.6501847353934039,0
Darjeeling-adjacent-NER,117.99999010288656,181.63744257586708,17.312769497892276,1423.17404403688,0.36352027690022454,0.09245365731195065,1.1597762210907718,0.6790614135864174,0
Upper Subansiri,18.89275276827665,351.75539959760516,17.931192124203726,1224.997078538646,0.5485479416476554,0.6263238650195855,2.4761139944282586,0.6460821872035324,0
Dima Hasao,55.736468606213606,190.01570960449587,27.835789550623858,830.6669131600338,0.4879343282932985,0.8769692562136705,0.5481061626069654,0.12423491705259745,1
Darjeeling-adjacent-NER,36.374285060204066,168.674004767185,34.17865977359776,1840.3414971050202,0.21856269179967636,0.26589916805849184,2.7915970682171243,0.3134066732788395,0
Churachandpur,40.72811293450481,139.5773148142301,42.03251917823719,301.40056537949613,0.09883183209678859,0.07015789263872678,4.413501826331676,0.6742244461439713,0
West Kameng,21.47342577065471,142.26797761191463,28.022068331574907,956.9860632033658,0.5792231200751088,0.002045884841521438,0.09513040134960435,0.5940869850649939,0
West Kameng,17.140473718443015,204.69720149131575,43.80172169018529,2312.6070190463033,0.5182779621552702,0.3075028926733042,2.315535174757321,0.4478582906636097,0
Churachandpur,79.66707505716539,128.4071406311036,39.65774001486405,1263.3508817354739,0.34033852651175794,0.2753719961569305,2.172485604084016,0.8143919604027615,0
Aizawl,41.812057760212475,74.67915467655071,50.04360837040061,248.69758945730632,0.6321942811552314,1.040443047277294,3.8091138504903688,0.8160315469348133,0
Darjeeling-adjacent-NER,34.316184732721325,57.64189977216964,23.607413162495714,1877.64168448569,0.34705644563886556,0.014866599241570326,2.989264458023218,0.5289021133334844,0
Darjeeling-adjacent-NER,34.836223850106286,247.22065313339294,49.09720612474043,1029.523063812875,0.3272802207094794,0.06451447691385036,1.515681336553628,0.19703582844567005,0
Churachandpur,84.07490238891614,419.05346106296054,24.769412016410875,564.1913048538441,0.6629486836039332,0.08810238312595564,1.0944094848006696,0.5807299461231561,0
West Garo Hills,19.088121725033222,373.8724358277885,17.84614593373233,1832.123375679739,0.3372927071745643,0.3168553230039114,10.609835601397101,0.403526302675764,0
Gangtok,102.77131869015331,77.53621983631582,47.46252647957711,1858.3530124978515,0.9170742110008437,0.1340415526698313,1.7417719502548157,0.8207411064757065,0
East Khasi Hills,49.30161714452632,371.17101058682124,47.925113263802984,2056.286843678587,0.6359800203725896,0.09210705666504153,1.3103218222825457,0.6964169945978604,0
Churachandpur,30.826457086503044,313.6805572818879,19.342905364000153,618.6692530918401,0.7044695746357115,0.28896075524927484,12.405029790143015,0.6679828353595704,0
Dima Hasao,26.152719980146564,225.53449723698816,36.96979135711454,1116.045244829954,0.2552730931717708,0.01660105506069764,0.49765852474083855,0.568247553200719,0
Dima Hasao,23.78835080950302,156.89641342510467,48.76416308048486,1024.3106190093567,0.035045453226991256,1.4794488224657105,0.5148967120963701,0.6710698198129581,0
Upper Subansiri,22.922753769986972,186.0586567559515,36.15004044538797,640.3046606216759,0.8770557857551224,0.7893661158435419,9.37396596990789,0.7607443237117506,0
Churachandpur,68.97430905312675,119.59335474623697,31.329726895730794,1543.253896849308,0.6730176905452333,0.1269604466548265,2.680098642232638,0.6364337896975554,0
Upper Subansiri,15.322190337537286,325.0261555009701,25.304047715836834,1855.9735088696275,0.47835464880636863,0.16389178298785678,1.8335638602199786,0.6748587408580046,0
Churachandpur,36.449910721037945,333.3916573898738,55.87149419627494,926.3897513435555,0.3197012540186322,0.11289115173564178,0.17545518581485786,0.8291926367447269,0
Darjeeling-adjacent-NER,47.07787271899995,49.621486153364145,23.93972068197258,1293.231764420806,0.672661466872143,1.054658803227439,1.099602237065895,0.6692409047648056,0
East Khasi Hills,18.420035034274566,532.1562589214813,47.52069337159887,1286.5413826055371,0.47085551669791637,0.4235995518272696,1.4199663597685803,0.4556247278736967,1
Darjeeling-adjacent-NER,12.08019105821001,359.4187831129067,36.348769028983455,1850.3534072565453,0.4183355323930238,0.2945712185200663,1.790547989966102,0.19760579445274293,0
Gangtok,4.982006807758601,72.39301042003608,44.92937788914975,1204.6085703846527,0.5174777029006091,0.2841984129811835,1.4342660260393234,0.7630138093864536,0
West Kameng,46.02258722767305,184.57798497011305,27.297719089612894,1219.658092351133,0.3102434920705885,0.07257068791865327,1.4411178300139076,0.4925745971072129,0
Kohima,7.272830696926641,59.992917861690444,34.40219899735743,1749.2929457032833,0.736771138049839,1.3149312714882226,13.164840721999996,0.3640898027558016,0
Churachandpur,129.06202627018294,170.18162687234036,23.424006860435156,1274.1248830472487,0.30217795716516704,0.984151672714469,9.123268644363412,0.7789095743046014,0
Gangtok,55.466670448375645,314.2403898411659,20.732415280650518,858.6077824043163,0.6475632634088909,1.2181459628269582,0.22535311870922659,0.795923137178732,1
West Kameng,28.746165588169042,64.02266203597839,44.57038416248142,543.7723787663259,0.8165521498737298,0.13752165579909686,0.4616793762641912,0.3750350242028006,0
Aizawl,28.770628765610912,192.22240640580313,54.97596399219252,828.7173128313334,0.4728525419753379,0.25900080356818717,7.10151948052463,0.8028401973960368,0
East Khasi Hills,46.81382731181106,298.31838106272323,35.63655330703448,1345.5592645134116,0.7489400144925313,0.2926938086561147,0.9604783399196305,0.33319414661734403,0
Upper Subansiri,29.845340739871627,125.016920539954,29.835186739012062,420.1886414546358,0.9576882817298493,0.26908274737163573,2.3639131937338567,0.5427985871550006,0
Upper Subansiri,6.084238960267186,242.15193888711707,33.52150403056117,1363.9637791364753,0.6148724663402793,0.007750401093516163,3.997033166931383,0.5913942159679487,1
Darjeeling-adjacent-NER,9.652424231240541,217.29445898489277,51.953348575997516,292.85369402345384,0.4046187281363482,0.7162623444080607,1.5913218627024648,0.6819350037480064,0
Dima Hasao,78.63039765903096,233.52300304623003,53.480108080546245,602.1634181505602,0.31549050016151514,0.5490284008285073,0.04189607352435124,0.2291992178278711,1
West Kameng,26.75529804145254,141.62503888934458,43.31961155329639,1591.2961634761702,0.7499814499583517,0.2575890871249893,4.401754839025912,0.7211971035231838,0
Aizawl,39.42572208693067,167.47360090397166,35.941798409554195,933.0138939591208,0.21736610126345882,0.12446322670310393,3.5289287742210647,0.6399114389447506,0
Gangtok,73.56158255531425,160.65970292570515,48.04037200889678,1338.0959074871544,0.46188717173458305,0.40311787030549956,0.10578691364199277,0.5479793638474888,1
East Khasi Hills,24.746614431456877,205.35740402574245,18.498505446243545,1166.8566331360691,0.996494750936468,0.059535570240189864,5.6915972696659365,0.20176495551801057,1
West Kameng,5.538377010331056,51.57761838127319,14.896592100327354,2134.6286305723274,0.47207046663437774,2.362513029972327,4.862509927089658,0.5512901859558331,0
Aizawl,41.422408866903844,151.67885572395443,54.27611115532268,1281.5616933881468,0.3236460096433672,0.05356803192685136,0.8041166583253213,0.9150017618941622,0
Kohima,48.1576874239621,89.93317536317159,17.85267538325277,586.300848632327,0.27863237111018185,0.024093004153352603,0.20883342744710198,0.9259985499765082,0
Churachandpur,18.969818472739806,315.6300706134534,16.324659997276278,1564.9637672498518,0.060639917296036766,0.37912157374046873,1.290323037093094,0.5772637999842237,0
Upper Subansiri,13.499739426775587,257.09605810117176,36.265475205377314,568.1121376510335,0.7019800563201019,0.24900956293231286,5.196656118665395,0.726174049830157,0
Gangtok,76.50386094992514,168.85586576670315,48.1242654429649,1795.246848292511,0.5675969526651967,0.5077609492371881,1.6464431009872549,0.6330306795457281,1
Upper Subansiri,55.18902329613243,194.70858305008568,39.79010292733034,1676.0778274681095,0.8430860981817173,0.05477131848773286,0.826740177837546,0.4247874195160491,1
Gangtok,25.55685020150943,223.46860350097944,17.851092483571993,1377.749774214603,0.7392524452434955,0.18086279135281075,0.6591511730081725,0.5589373580992818,0
Darjeeling-adjacent-NER,12.382210871221876,145.82976976280827,53.584143156355175,1653.0034568528515,0.4492649164175138,0.2780864173783382,1.096397904985187,0.33656129954193104,0
Dima Hasao,62.433629659962385,36.439532153941734,47.325295452382186,1904.0413969775414,0.500721109969138,0.23695260876479263,12.768940131894972,0.5241241665228114,0
Gangtok,32.60104895268947,198.98965982618387,45.96343575489871,1183.640691513035,0.667915990431748,0.3498998205711108,5.268045148179783,0.3389217230935904,1
Upper Subansiri,17.298581859755927,66.42911774830395,49.66360588174873,1302.418188984289,0.3887235817655917,0.042922815366251435,1.9798923856050172,0.4193556706387056,0
Darjeeling-adjacent-NER,58.457114579392744,124.82450440020632,30.44704285617241,1345.344507233363,0.7704356502281354,0.28024972668370707,4.131049006118433,0.6148054965522992,0
Gangtok,34.88111056872202,152.88756056363576,45.00107732376977,760.298509961139,0.35844227807333806,0.323662886366746,0.9504858298056849,0.45857625804617286,0
Kohima,49.98639514032576,193.3050795215143,34.52650949483572,854.294117485952,0.2169093960212071,0.8515271648971128,2.3876495268119906,0.6375661875482291,0
Dima Hasao,58.69333894433497,208.32135135843882,34.10405583908896,1234.6540754411653,0.30158022203118445,0.3385903856074286,5.15402271475905,0.3566013364010361,0
Gangtok,6.96593638274898,69.00447157086427,15.751702564942786,1196.4149962153806,0.47879079140650754,0.3170062869735286,1.145924243867665,0.9021307252989221,0
Darjeeling-adjacent-NER,16.092802894202535,83.05857583494189,33.588614022795646,1352.542416616127,0.7562741158218959,0.6686909313029528,4.02855801865879,0.804214301303666,0
West Kameng,70.96985377625924,192.1508940639041,47.67849318371607,903.8818643758335,0.8191735033502844,0.026882432147091014,2.3818866518891952,0.8356845798661797,0
West Garo Hills,54.356286627431146,251.59606347914357,27.52440462682802,316.601426828011,0.8566035278295726,0.41760664281448545,2.3886094495686043,0.49581202404305486,1
Aizawl,74.86418243596381,139.2171664086499,31.771323967641912,2081.976045105091,0.2872467053914163,0.6681094588259628,0.10491177561543147,0.37045061071888424,0
West Garo Hills,21.55736143961081,159.11441342113827,50.37578402677373,363.9253466259246,0.5245373352960341,0.03974948269804313,5.738046360733424,0.6655853385054034,0
West Garo Hills,36.58299395402678,52.57051793145689,43.14819746544666,1688.170632437388,0.7558117419839359,0.6676167097432982,3.741882429917001,0.42250797183763444,0
East Khasi Hills,37.9969213298407,219.05218244957746,26.804752541474794,1017.5213733834788,0.8941613345399384,0.6188781733153172,0.09288383349683776,0.32870143524207535,1
Kohima,50.96422659265228,213.16180947587642,48.98941099734096,1319.8784765017804,0.8716776429882462,0.0003774296365646468,2.35880978186982,0.42134958167203046,1
West Kameng,50.0472689249179,278.216482358428,55.28857183261367,1597.477428653639,0.23928936529730363,0.11302852580773547,3.4250869979300984,0.47130312745258146,0
Churachandpur,67.4575711003062,156.26369358565933,20.204326024471076,926.187561547387,0.15278008622917227,0.06560011290912242,3.9633541851331042,0.532589641373488,0
Gangtok,36.72598114597641,438.8803532180217,31.278172609628776,379.38098669240685,0.2783087191042324,0.28643356197900544,0.2317902754889922,0.5810959164261517,0
Aizawl,63.051288282407384,110.57760875507051,11.733446441910855,1800.0038943913178,0.4620253220768245,0.9813939281180949,2.553716551073875,0.3603802655338637,1
Dima Hasao,69.8667646660156,171.3201768289862,57.69557106307437,1601.1955362526412,0.7502960413754309,0.3692319291483736,0.6630927036536481,0.9076111729929031,0
West Kameng,36.52127895106389,419.8937489495787,46.21990917347541,1243.2705358195274,0.5001767240376962,0.3683233656041293,1.501136039444514,0.4414181720600724,0
Upper Subansiri,28.268917412656023,275.5524103925596,22.62522779494248,1694.9503892035177,0.6729071381453623,0.052430283465887496,1.8687699991468645,0.4504310821705464,0
Churachandpur,41.51768022797685,176.41345579229832,27.21305468072539,1396.8955502327065,0.06248289396365466,0.43910023641777657,0.06931278878047711,0.7690755004563762,0
East Khasi Hills,54.81680111208317,108.64791884397665,48.77839306227251,1167.0978639187533,0.10521193246018534,0.8768491302978643,0.8900446036866821,0.7684977925030562,0
East Khasi Hills,210.84984069881037,56.78671419881192,51.743649888617895,1079.6614980891745,0.34250720899240145,0.22439002445000314,3.9918283104669268,0.2229083484746508,1
West Kameng,42.96088610507623,77.84674863984971,37.07618373459152,50.0,0.14473355761635096,0.4579897320682239,4.618438067874414,0.3468698916841199,0
Darjeeling-adjacent-NER,22.170775775194883,102.33663123391953,47.952980033393395,1360.5501549421085,0.13975720195078575,0.1397839079275172,1.0012334412600155,0.7587516693709752,0
West Garo Hills,4.564546782042208,278.9690963748452,16.11631774206736,590.453953480241,0.6727137034584816,0.12528158118794705,1.457583339109977,0.8524521817598777,0
Upper Subansiri,69.48884075038485,286.99152658987913,40.40918101671245,1463.8371738028384,0.16841290062612452,0.08187253401401073,4.447525561400009,0.7516182464330443,0
East Khasi Hills,11.51866709628911,490.99484312667914,44.40067436899125,1025.2524017595665,0.1923822467683385,0.11056643405947136,0.5603237078730029,0.6301428297095291,0
Aizawl,182.5337786192275,163.27704948914726,31.587122008562766,163.27544482444,0.9354158031200134,0.16788147316402116,3.282380259565769,0.7043173685001978,1
East Khasi Hills,53.12776067987151,128.30675364343927,47.7786493829102,1162.1820950985184,0.3007164854012699,0.3345559119132515,1.307757096855534,0.3967285233823329,0
Dima Hasao,126.79636013745134,206.95623457450384,40.96330335428696,930.3192441779285,0.8236766378560523,0.6068431330715954,10.877079340035674,0.2269760833394707,1
Gangtok,72.30441724216533,118.43935381484135,41.103854357481715,2026.9727845885468,0.6779074109719563,0.13675008313321255,2.301885278347933,0.7965386896230676,0
East Khasi Hills,34.36332707090094,95.41780790203656,39.50994543574188,50.0,0.578524061832886,0.07362280075167486,0.4006367993322902,0.5595117651214411,0
Dima Hasao,51.62520399660413,89.80578762148869,44.49983739701282,702.0718677056764,0.6390581886300967,0.23896228978923528,0.4714464721590471,0.9752184860907007,0
West Kameng,17.629485801813544,297.41995868333015,42.99127361581874,493.179585955785,0.5035935520199718,0.6233357698805448,0.06921561822610506,0.226467562940591,0
West Kameng,33.65403777330908,46.64139197823799,3.89906736967137,1673.8828661149055,0.5744832165834779,0.19728097856852186,3.1366533748409093,0.6708994109172706,0
Churachandpur,53.67131315835135,177.80509998298817,24.431125230864065,1327.4941548829627,0.4643124141708967,0.9780028469617611,1.464468855567031,0.4515331318834629,0
East Khasi Hills,8.079593091452777,216.43828320992088,52.854950886416844,1648.2144315027153,0.6755635602054141,0.11396220349536967,0.027573588281134383,0.5255449546619375,0
Aizawl,29.95410914455439,117.10165047665902,18.62950007575967,531.1776722645617,0.11259523909092994,0.5680461683150065,0.26735030753342615,0.22666575254552634,0
East Khasi Hills,67.35219076028189,230.54325279176868,50.99699929040628,621.9217688155226,0.2780145976443969,0.2522631354895589,0.8541849696776388,0.9226292093523906,0
Aizawl,52.86139244257162,361.71731868609913,53.85875344176487,1234.9185707831575,0.4335423225183724,0.04532388167074433,1.3796284279865254,0.400979470990868,0
Kohima,15.352650831930447,89.27104762038918,54.43346253084429,2240.938175169251,0.26782292677827296,0.1319978031148479,6.969618106911439,0.7291776123457503,0
Churachandpur,87.9186509008919,158.77188690642652,31.307544818746326,1526.1943755191785,0.7813108870681451,0.7814008789621368,1.9483554540084502,0.8934491880636558,1
Kohima,42.4744582467654,103.91180758262395,39.796827471998995,673.5874200932833,0.675109271785753,0.002362254312245655,5.61635276958122,0.8209871754206794,0
East Khasi Hills,20.43395794570802,87.79567985379119,7.660835425119405,1330.748088002106,0.8456663571116774,0.5647953568522234,0.7209731258404464,0.7686467826580127,0
Churachandpur,8.020266665295175,274.2465408136892,54.028852212190735,1557.519412207616,0.8084536063459467,0.6672646046532752,1.009538419839964,0.6535878246669306,0
Kohima,80.06395268905084,155.68562820050155,23.763421124366527,384.30808488664525,0.8230333326353461,0.051059491247904654,5.317377410809657,0.8130496542416858,0
West Garo Hills,86.48450175616306,350.18706478658015,52.40352270135274,1046.9488865386538,0.35442175997800424,1.3100670372765195,1.6900454931908606,0.5290661618443131,1
East Khasi Hills,62.213870069151426,42.05019195115899,48.42015518825322,1091.616419578175,0.12893970929752277,0.8231996071233749,2.2299788713020012,0.5127601069434705,1
Kohima,38.57853592554653,141.2058897418211,34.68185436320882,2277.405735846345,0.5679894762088972,0.07866457724255352,2.134334684423296,0.23858421989610096,0
West Garo Hills,49.2111607824098,110.67925247949128,49.40806406312813,1257.7218334758177,0.025627335573222786,0.11054232270377658,2.591740667042905,0.5622369089978358,0
West Garo Hills,65.5291928042289,42.866448295989436,21.17952691973298,2198.237445303652,0.17645753172669607,0.6825071047667206,2.2226162572795882,0.6781479477145709,0
West Kameng,24.382624821193303,197.15733540863866,20.271265525178897,751.1080196683204,0.724763935191205,0.3161921975672996,2.963418652872281,0.5024180957212171,0
East Khasi Hills,27.581504373210908,148.2237989957061,28.694751293188336,1528.6843831621406,0.4771164357068119,1.0233419739419896,0.3983033834489361,0.8286010394540712,0
West Garo Hills,46.12496513226634,186.96422215318557,17.70262383510292,367.8935168785673,0.42168726221225783,1.5479883367380587,3.100112705182924,0.49979290993028463,1
West Kameng,23.49510029222708,100.49233409959301,5.592020419707507,1569.3652154165102,0.05137281010871811,0.1682971735741049,0.40805471775993685,0.6913967968729681,0
Kohima,24.222835774714397,249.4009499354646,32.12817656246919,967.8502477733979,0.8144149990351498,0.040800697860889766,1.040372700590846,0.574350123112522,0
Dima Hasao,47.46407134608512,456.9564598496943,49.739648800099665,1005.1222601085237,0.42186025632387236,0.4863033083806301,4.449777963964269,0.8667978116731976,0
East Khasi Hills,78.89975206455048,170.82819280153785,44.60455614910513,1627.6811242442636,0.27366978993411806,1.026207465118637,2.3398573378773633,0.4017918264441915,1
Churachandpur,77.08771088588897,130.56997608616467,11.79506500208386,1688.075639746877,0.48900746957488556,0.0720709487153996,8.540688766543905,0.6324178982034272,0
Aizawl,41.212581929793224,164.73575317062182,15.540715441627386,1382.9842795194436,0.6007957301484703,1.6902957720549106,0.7268764519014258,0.8338273473158311,1
Aizawl,36.75244670899042,183.9182651182104,36.49441626250391,2284.6226777078427,0.6431202307285824,0.08719764553327537,6.337613606889525,0.7403477867687333,0
Kohima,96.56562725015291,47.28406514026411,21.480971721049137,1241.1455518794983,0.688619454999065,0.03609051271243082,2.5675232029878705,0.2939389647984884,0
Darjeeling-adjacent-NER,59.51715222677711,236.47128482902872,29.13666010810553,1396.275375543777,0.562820354211207,0.2738319770019567,1.152071191241078,0.35672197283211515,0
Darjeeling-adjacent-NER,12.711893309247909,142.81915574634013,46.25900544931373,1358.7823255488488,0.31331205971157394,0.6550786023578709,3.86368163046023,0.9228209384889972,0
Kohima,17.286487146486827,215.0208238266743,23.54935576088601,1620.784322261168,0.640250542251008,0.17501468310851734,7.745449423187175,0.7114501421603875,0
West Garo Hills,63.527518222793134,265.60880763414303,40.573627167797106,1214.4833883294023,0.10562695475505712,0.16129169709987554,3.780330767062272,0.22829965227282945,0
East Khasi Hills,74.81974640319767,510.8525988991529,19.813465501556866,586.3207889339592,0.36775747499007283,0.08781568016308638,0.016236990642852833,0.36183822081159794,0
Aizawl,6.039389998127638,181.1798372240762,41.79037719133716,1427.2241806285206,0.44578991900644616,1.7097484979923256,0.025805044236573548,0.6065929037451128,1
Aizawl,36.10858322198122,152.76428308112642,24.594868338800943,278.606568253806,0.3541384568662646,0.16733829969672492,0.3371673236358055,0.41684692605722434,0
West Garo Hills,18.347152778707823,114.02969835024248,21.855045784109144,1714.1611318432917,0.18214004824425198,0.4392097468977288,4.754912446794365,0.37557904113220125,0
Aizawl,47.08330415199356,126.4909107167621,35.24781609172395,1903.4394827983315,0.19513880298133476,0.056801055980757645,3.4682064055586332,0.13579960335684482,0
Churachandpur,94.59651019977798,254.6714942098868,44.06125004483042,908.6694322538024,0.6242967256745333,0.23895792282360034,2.552555733811019,0.8662272766010165,1
East Khasi Hills,12.614403456776579,72.17970899265995,11.321658961668017,888.3901849669362,0.09049260780321254,0.6355109831341257,2.9645614767641737,0.392965952271264,0
Gangtok,24.449378029047736,247.82274028055613,39.56847971821333,50.0,0.6406145545189146,1.4072056346175466,2.417684653146787,0.6661026072266788,0
Aizawl,33.80431219028306,175.28535309633745,8.41723422268422,1167.6760377005082,0.39776047502430784,0.07808277568874053,1.068836972567687,0.15105985262884525,0
Kohima,13.113148874746413,228.58273656328436,9.861262470725878,1429.8196442046099,0.10016258462186464,0.03977355551684337,3.1864327703347586,0.7654687425948226,0
Churachandpur,5.940449668752803,202.6562860027548,38.13355928335445,1399.481040282545,0.8027270506475358,1.752920420069069,6.8372080443406515,0.740779555359022,0
Aizawl,19.245494282661245,258.41996442844174,44.29040365281798,1361.5137026981147,0.18015238736849506,0.3231385141776667,3.462447905528219,0.47572703913816544,0
Churachandpur,141.21419883275905,190.8503546303907,39.55106406968214,1041.4334882670287,0.6121666548844592,0.16950513232559955,5.049102663328149,0.7053656535846246,1
West Kameng,31.481713774364966,208.3293220650597,27.09844637227885,1746.5492494740715,0.5858678744556854,1.2903441521764338,0.6767587127756716,0.6910611979697848,0
Gangtok,31.785666747381452,190.79298349080597,25.186723126538222,620.2683560028672,0.23294680712071753,0.19784254748673047,1.0742101502498926,0.903692509311264,0
Upper Subansiri,63.1106882905114,256.1083253508098,29.971170981629992,635.3938261113236,0.23117444471410387,0.10558821590733403,1.7718599108307576,0.3917801787802602,0
Kohima,35.1391342211499,122.11674760227052,46.43435787615103,390.3606266217506,0.6173261755862635,0.6508444789657442,1.594251117581618,0.8008177286295535,0
Kohima,100.02031589494125,87.56564124819488,43.14538198039291,806.0062887575256,0.24849905918155749,0.15073035427574133,1.5683384685528379,0.6659601464608564,0
East Khasi Hills,46.18593452260497,239.0752566063445,50.415563239649835,513.1881083668252,0.42338511098590426,0.15543010478343025,2.5579772582806255,0.3229668175984187,0
Churachandpur,21.290270168377347,239.15098085258356,22.95853829009141,50.0,0.7822153291204598,0.2355074605945253,4.834307058203887,0.2578946140405088,0
West Garo Hills,65.79994429707803,129.58712887823432,33.07549437256488,766.8299574252682,0.5071931654917052,0.4723095943936514,5.454505831011604,0.48474633437897274,0
Kohima,11.68075686180095,603.4765876063761,13.54126240401203,1686.997103499698,0.3464751666622219,0.7374660349676758,0.4077732702472465,0.3504927157876848,1
Churachandpur,28.814718529159357,67.68223595478348,35.09978359231648,1373.8307752508647,0.6626811135046041,0.1025622861636816,0.23619481385951535,0.539889800514168,0
Churachandpur,16.924636159301897,75.11476308896022,28.526300424311852,1577.373965955155,0.08551970858968704,0.18007261589488668,0.9320672292951038,0.36721710467773405,0
Dima Hasao,14.207168963329828,130.11419328206185,29.077387566126458,1516.7996697726744,0.5748799010750806,0.2742054729506723,3.3411596590752164,0.4150774020087813,0
Dima Hasao,85.6493722242401,149.40082350065845,21.66136640628122,1006.122997149241,0.4027132522701101,0.010377766034617195,3.943072282774877,0.5767945747960692,0
Upper Subansiri,74.07416529194026,251.87704271588893,43.47960081444729,1062.889246826165,0.6077841610902905,0.477748369723954,1.2083377748401294,0.6747224132676145,1
West Kameng,46.97547473645611,255.71888310270805,53.82592960506409,769.2837857651984,0.4266146376850045,0.33385450171102277,0.9292832647843061,0.6143763186016702,0
Upper Subansiri,126.21409650151362,70.0549070466577,26.108897305534427,1348.6458257554846,0.33839581257162826,0.05734515816526049,0.34957643284150414,0.9179394626892328,0
Aizawl,20.110798804464114,146.1642904245901,39.60325559669427,2915.1807312048236,0.3662617620164848,0.0558556302006436,0.6802848518635547,0.6996494738477804,0
West Garo Hills,65.10500262852979,152.47758804584444,34.30460569947766,417.7685016557932,0.43021109072171193,0.9022125787315303,0.2655564186154672,0.6102117501379168,0
Aizawl,98.62943403033879,207.08785544859012,16.90447982172214,1798.668950150768,0.49914382136870306,0.45993460936787484,0.9054834073673156,0.3245305382635934,1
Darjeeling-adjacent-NER,44.088077025049024,290.1717762977697,20.14883851261564,880.1937926683522,0.4789364079124803,0.19644881650982382,2.8184780301475776,0.34205700455834437,0
Aizawl,37.37964223645329,72.61267055850877,41.82104655238446,2072.0885352019295,0.6582350540567565,0.1650450292608414,0.3451515234287371,0.6624604154193825,0
East Khasi Hills,24.005169121999366,119.09316363038302,38.90287520566558,1420.7987994062303,0.38647317683921373,0.15241822810372208,0.968950715575906,0.6224593407425013,0
Aizawl,64.9834516881189,36.261571217475186,53.85595243201425,855.8509506538758,0.8645922074846285,0.4252899250917886,1.880329336379669,0.3781804876614012,1
Upper Subansiri,10.07326180730911,207.3258666816053,34.5686421775508,1058.4856463371693,0.8563243710824543,0.07877031664311608,0.9904220409717613,0.6608318031649799,0
Kohima,6.283789743655915,176.03218526846422,40.490356263875086,1629.9879776909138,0.8681014319308241,1.750733901112058,1.4476471482503768,0.919829564047576,1
Kohima,56.126342061432865,150.1866158163656,46.93947450499973,2213.8653148185736,0.9431763898385532,0.46469160296411527,1.7172575600199829,0.2576611857255278,1
Dima Hasao,18.613582503985036,267.87425365330034,45.15635762917326,1683.9404596514562,0.9606332094820847,0.05438291225365341,3.7292364587357545,0.7283827368305317,1
West Garo Hills,20.763616604412785,300.16252495673393,20.33303976090421,933.4558398636773,0.27613370479435345,0.059413994932561144,4.630297631269901,0.6957954573072191,0
West Garo Hills,15.97284946873585,290.48923077298684,33.08962998434984,1492.5952286751594,0.673077557222496,0.41798305951395,0.5341894777603166,0.7070148172500766,0
East Khasi Hills,47.296075102506464,74.64047253666085,49.566775410868175,2158.291006929441,0.31603100776246174,0.19326750299820483,1.1524489098578703,0.6906703280566844,0
Upper Subansiri,42.918152711925444,121.69107356546857,36.25375602735009,1478.9926938363606,0.2563939569797904,0.43147414513557164,2.1401050306640044,0.7051999680105928,0
Dima Hasao,15.514774949018637,178.95008010633612,38.96321968547342,1122.4250648594134,0.5860726154706632,0.5127980720349942,1.729768539014679,0.7176901522446982,0
Darjeeling-adjacent-NER,41.66986266490352,135.09445856739845,18.08880560054347,351.83445381023876,0.12957201263284324,0.3088069465300411,0.20959117254304005,0.8315102465913023,0
West Garo Hills,44.90906505743583,364.4917887076828,46.30877329222205,1937.7193289035736,0.4914293461759347,0.11858351106521806,1.0576631577120903,0.706328457504251,0
Kohima,31.681079061910445,292.7975386980403,14.77946705742156,1122.5249926283934,0.5364180216327469,0.32043651872439927,0.6453802849649408,0.6279278629761522,0
Aizawl,76.92065297187489,146.11646932419592,45.27408218101569,775.08297382997,0.6542843089388087,0.21917941570118227,1.3500672944401182,0.6990770075521381,0
Aizawl,34.21014921186518,133.3860083470128,37.176024472677625,1639.551872764803,0.6955561953325432,0.8841375202831646,1.0311565687998883,0.4880871149441814,1
Dima Hasao,53.460969157586845,92.04269802953834,19.240965163065557,1663.2102206630616,0.5060378481093175,0.5391547058545324,2.9717467351266253,0.5314132867277734,0
Upper Subansiri,35.380889548700104,229.6242549672106,48.94340773226228,646.1752207094387,0.0820749675990993,0.3859657062732569,1.2830904842193291,0.6122803817788969,0
Upper Subansiri,44.003980244735146,244.97038527735077,36.71530329658407,747.3450433776669,0.7497421922834241,0.016213366456068898,0.691117576679539,0.6129065393391553,0
West Kameng,34.58636077615548,60.39619794579331,34.7931625650274,1537.781794682209,0.17740999307130248,1.8489108027764076,2.416662602981878,0.5366044018162062,0
Gangtok,16.52248077438506,54.785210959045166,35.772627114810255,1925.3807439727998,0.4586549605596816,0.3341345150047873,3.2447128894625807,0.5756231352996031,0
West Garo Hills,27.86964977334928,74.78123598493906,44.35530748155726,1002.2289837886078,0.12791973259623776,0.11988978067542039,0.28647474034354187,0.5876186508431214,0
Upper Subansiri,79.94784501648039,331.5828250768843,31.213197434455324,1075.7691694675564,0.5701443484144542,0.35813047175924134,0.7233271483889372,0.34012529759240134,0
Kohima,96.03226604445602,287.2383298955969,52.82693992628853,785.6727304508386,0.33729638064541867,0.6812708253240514,0.5855346410433984,0.9067025896588412,0
Dima Hasao,53.224391068603275,181.1972138934033,48.07620025497658,1938.9970843705987,0.7407039680780372,0.3093587115894548,0.5612590246907154,0.8962601855674514,1
Darjeeling-adjacent-NER,46.36061615102173,188.1305804824286,22.349007666288077,1594.0265783980394,0.3124976887906211,0.6000342102901214,5.806552536504751,0.2192296621694212,0
West Kameng,10.614029022489028,56.63364638772055,18.118808126251196,531.0318915844637,0.48745141894707944,0.21311790014502435,0.3367656209989488,0.6306936184426173,0
Churachandpur,45.61747496049005,438.04208868120395,30.97875144637664,2196.5264394184123,0.6359936766536705,0.3566029433976549,5.1224626351090405,0.5129833541742523,0
East Khasi Hills,14.399570451923429,323.0383377770937,38.228167705168296,3270.332872248387,0.3723283338428107,0.2194457830158555,1.2517939680161265,0.47373779581755504,0
Darjeeling-adjacent-NER,29.530576097884243,144.79126936923853,23.728727565365222,120.22948713822188,0.9126378296243411,0.3001380136764209,2.559698182149793,0.07801936363054499,0
Churachandpur,46.01607397462726,477.4335766533634,46.1315539311131,1409.3408580037155,0.5137286721374339,0.0733335631489681,1.453786130104426,0.4124573619981716,0
Aizawl,22.532111910273365,202.0663367217032,16.12811997865608,272.1386534030238,0.1987452228716082,0.36516065863396185,2.2829023821340684,0.2056139374946988,0
East Khasi Hills,43.017244109265185,121.63252806579182,36.20326034800082,1022.076426619383,0.32145165738274734,1.5443640676142714,2.0054834939428394,0.9441937838748403,1
West Garo Hills,28.196640943462487,152.88953028188632,42.908516485347796,319.8055261390833,0.6427139085305876,0.5789557370226681,1.4182655672652076,0.6129473942935697,1
Kohima,43.951570331513615,75.74256964191873,50.902429839382144,2082.176053828332,0.3675816208146384,0.15429350782169315,0.8040441982684697,0.7430096443435977,0
East Khasi Hills,138.1089751324773,157.36978271445437,27.522370116465986,979.1809961247973,0.26797447421913034,0.797629537790282,6.67948069750543,0.7336780665354323,1
Gangtok,68.87626220828862,95.68207044101663,24.937499367245064,1806.5114645182025,0.43127404602492014,0.9042895463756315,6.191374600783353,0.3448280560691015,0
Churachandpur,30.040498445250897,145.82428873900986,45.58092699918842,1303.3555678600571,0.8416980011539168,0.07782548903642973,0.1844272340993064,0.4952809978978816,1
West Garo Hills,116.32788696436765,247.27489505260826,54.71851515941425,2222.4935557656154,0.21958418023753595,0.021839019303913645,0.6324647316728736,0.4882027080649404,0
Gangtok,67.62371894822853,83.55878602572936,44.601796497133215,473.85472855348985,0.28730179180519144,0.33989788595144826,2.133679411833856,0.21983725014650182,0
Aizawl,22.811899189462565,113.19361505606129,36.578135711968315,50.0,0.7223185693485177,0.25841604804976587,9.83693543141612,0.584953289125446,0
Gangtok,20.880867024647944,33.39515468858598,35.1163437685092,852.8370891628729,0.07139471524966928,0.5016662704378541,3.24972758694892,0.7664273518536728,0
West Kameng,70.6536351021146,93.43173170854861,20.814109896195056,975.7602966904419,0.6698238160123599,0.13872305082343347,4.26399921973103,0.43949546104686804,0
West Kameng,40.942217198549294,279.27022975872967,37.19644019214132,244.30244284608978,0.6673642770520393,0.19135107553213368,0.943005181024731,0.3755876978923559,1
Dima Hasao,14.165553277655505,261.73337554699845,51.11148484952275,1457.5587132124517,0.5459339279718689,0.12252978250524704,0.6176709782041956,0.18224582748008175,0
Darjeeling-adjacent-NER,37.15571845685459,150.92779054241626,21.87986359787287,1429.0713271939399,0.44016666834539975,0.13820215564482705,0.6403364140407929,0.482495567709191,0
Darjeeling-adjacent-NER,25.927611611404416,193.4026181088269,55.98241036337968,1999.9880471408958,0.4643357113622248,0.0037323002487006096,1.6506444612623516,0.5707961817894093,0
West Garo Hills,18.606612212663777,46.14538363674069,11.086727423890174,1820.894105368523,0.3631080779130861,0.2859571792380379,4.888289547144819,0.5124420026411336,0
Aizawl,32.07331976262543,88.71468078769249,41.750304216268404,900.5591559039378,0.6364979161029347,0.2563392440433527,0.6095455074418841,0.39380652166398583,0
Upper Subansiri,39.11042275835131,77.35807602372238,8.143624243752717,505.67131430039854,0.2459592501249794,0.1759448288990929,2.1117755003339505,0.5126090670855626,0
West Kameng,106.01038665170091,242.29529297467758,18.488473953338502,171.38534281918623,0.33575294173279485,0.3107770578067148,4.136019643883592,0.11162384839929354,0
West Garo Hills,76.18295501374521,102.24593923567832,12.085542637786917,1081.5684764789685,0.18538991392703,0.19887449953505226,1.734649729269916,0.6040704845625285,0
Upper Subansiri,36.16257625736124,140.88777088191847,57.21302466949304,1071.118840315855,0.4923305949294866,0.22664894057371998,1.3485024052606,0.5378808182024858,0
Darjeeling-adjacent-NER,5.970720706833051,336.26476064647966,39.454194393735484,1431.120824606193,0.43768792121212696,0.0007945680340958196,1.063654595157305,0.5736846092522456,0
Dima Hasao,19.30865095244799,99.53209220347208,23.51300117003024,221.42145600014703,0.3675610717150611,0.027443055977215653,2.293531918914177,0.6784661378153974,0
Gangtok,35.78863826924445,56.32048004731498,27.472893093536232,1284.231668464503,0.3080495359940247,0.06533830902983931,4.255132453153157,0.3778097569413105,0
West Kameng,11.10138108803585,35.11112431268417,58.309738395029655,1516.5583458492868,0.37861976845821815,0.0813464104904956,13.886669513149446,0.9041903702933417,0
West Garo Hills,28.506676489901437,298.02157129644354,27.042983998847994,811.063653083494,0.8344251037548113,0.24073259082223492,5.088263783267696,0.32269641961759243,0
East Khasi Hills,57.818389527176926,87.55957960015373,36.948331413939655,1538.2783402391794,0.5480677936929932,0.8314914197800958,1.5071247547320592,0.8082365009098795,0
Upper Subansiri,55.508180424271735,381.61586314469906,19.145560145765742,1055.6474459817985,0.23082073228864333,0.20837317626344154,0.20639509869314043,0.278633697741137,0
Gangtok,20.813035132898577,144.68174006284838,45.070081041477174,1910.9915616875246,0.14363482505485375,0.3946771756157081,0.32111020268295926,0.9074618484961586,0
West Kameng,33.53946017505717,69.4422848179966,25.808060272218253,2060.279322843224,0.49660130594659735,0.010456654750190456,0.07440905737912976,0.5394921155702848,0
Darjeeling-adjacent-NER,33.44832992679832,219.28270140757002,27.612647229762228,1216.488910537271,0.7293610579399443,0.7719825514419988,1.1261427411798934,0.3703391883151498,0
Aizawl,86.30221287614204,219.33286078645583,30.869080789545563,1715.7668336673305,0.49464952770413007,0.04802477460167479,1.6422852705686843,0.6694797659434515,0
Upper Subansiri,52.5504182462591,265.39601580186564,22.101116516088936,388.99309410184196,0.5053674617752432,0.13379148344819364,4.295472635170937,0.7139377804270904,0
Darjeeling-adjacent-NER,19.120426795694407,95.85148588455846,24.397267144321983,915.0276670405259,0.5878744278679859,0.6787306254770301,0.22408402200945943,0.7793994708936117,0
West Kameng,39.212578978536904,114.2253409926632,25.151588677689034,1420.207708079009,0.3870743326091235,0.12308726434846169,0.647313464139396,0.5604586993073375,0
Upper Subansiri,44.10191426169018,94.13729442063926,44.914960886052,931.7195463326603,0.547128486832314,0.11936229763940183,1.7867028080890188,0.7508795543509605,0
Gangtok,49.826083885989746,208.54961195626987,41.75077642803905,1033.4913206528754,0.7068025336822156,0.3695135768570547,4.739074976287033,0.35536549053895267,1
West Kameng,25.638281809144907,109.68559740884618,29.369250249172886,615.4551116938159,0.2542519921497812,0.9342296582511604,0.22929979711928725,0.967603788480224,0
Churachandpur,64.36405173791361,189.33503871618498,33.05934944641917,2239.411566206326,0.2767317967637396,0.09614096053450726,0.6974202171447139,0.37843764498749954,0
West Garo Hills,26.372679459081077,58.905683278155664,11.965432680910144,626.3742619866707,0.4720400419537822,0.38789590542742863,1.962634354653867,0.4817517594425515,0
Gangtok,87.36535161846972,189.99296031801447,8.446534103006353,1662.7375431614403,0.36862138378425097,0.3667044357058049,0.9802557227488572,0.25959593763442923,0
Upper Subansiri,49.52318765890558,181.4870518546937,50.616861744372784,896.9814193593602,0.8553536127688728,0.43096302418745847,12.198255374368433,0.459661537894575,1
Aizawl,40.14596094472758,94.79070819272421,40.77725015702559,1572.7834105683128,0.13767554442227048,1.1732466453767711,1.5043063770459457,0.6553246909116418,0
Darjeeling-adjacent-NER,76.48180396574554,180.6727887856855,32.59115624905617,822.8754533613449,0.2543081325835475,0.07255206938729857,6.057846184301354,0.34353403614061534,0
East Khasi Hills,16.213603980104224,57.80202251198699,27.312473016673163,987.6520470380251,0.4085503041212899,0.4249399088090221,7.070794702342779,0.4394376250916982,0
Darjeeling-adjacent-NER,85.80978648035588,117.47695800081993,39.144719784120326,1442.0663571434873,0.23263239767526775,0.0805430695561288,0.7508467995067216,0.7400645637841063,0
Upper Subansiri,75.85454925599926,79.14699416501354,49.60975078863863,1564.0135125273637,0.562395199733235,0.1509267292364976,0.9881711908472133,0.731733211325912,0
Darjeeling-adjacent-NER,63.11885716749892,172.56962539907417,56.59884341411654,1726.9554902178907,0.27144529514727317,0.19769330561713358,0.9794116050734487,0.702318873741141,0
West Garo Hills,22.409587771773477,126.60032227208256,32.785506666700314,1217.170340408639,0.3636306272085296,0.7216725986407538,1.433135942294927,0.6270303667690887,0
West Kameng,66.92734128775338,231.4434206220186,28.52792726864817,1844.8627137016833,0.9012944349826268,0.02208249386058142,0.16308200711054582,0.41236055541192224,1
East Khasi Hills,89.91048919785682,86.58431806747554,33.80546364578082,1339.4686447699157,0.4306872204565853,0.5291813099554831,4.117251702652764,0.8491092686119674,0
Kohima,45.484524143173026,107.29116602137525,32.29908497987675,1109.9148240987636,0.2579945754117324,0.9748675406339476,0.3506113355508636,0.48195416343692526,1
Upper Subansiri,49.619701660013654,70.49253995573123,54.24177520456352,1707.195414852438,0.9334636746252061,0.033023144461435915,5.602903767351721,0.8528300435989885,0
Dima Hasao,23.444574621520392,396.4294584003063,51.099883739824975,1264.414428302264,0.5636687907948663,0.6256520287955991,2.1484872713441088,0.4224558664704382,1
Kohima,51.72681308651954,24.950755467471954,34.10408178735805,1342.7959904692,0.5640114076539384,0.045555264106261054,1.6419785600690768,0.4241974723384615,0
Darjeeling-adjacent-NER,18.83018513589446,329.17895192550765,41.78445008361315,607.484178667217,0.15527517733201063,1.3171558857695853,2.7028285687244615,0.32920468914139267,0
Upper Subansiri,65.33260833001775,337.63367397950447,20.176192353834583,814.5219847252285,0.5588842492054482,0.6757491283135114,6.7614180846580965,0.814699871060118,0
Churachandpur,56.026148230396636,123.19780313320203,11.768685816918126,1444.5646930714836,0.8329659226209027,0.4749568640154371,0.8798120296643787,0.690645131515326,0
Dima Hasao,25.48311214138803,100.9196506540064,44.16951910996575,670.345702865936,0.24933135992659672,0.31945594449508236,0.7874131957014527,0.7048896880925072,0
East Khasi Hills,71.81632400490672,148.1499246135837,30.35109375925002,1217.0972556672302,0.31475086947576536,1.0143999262181906,1.1546047894987836,0.6380223012744098,1
Aizawl,37.680229223037685,80.59796540976458,45.921314230658595,61.59138640402557,0.379538803296278,0.050711434793056155,1.6677662984458395,0.4867466298698505,0
Churachandpur,44.31079541683519,124.29277490152232,27.760023293483055,2343.1637274829604,0.752199018855651,0.051945178024637474,0.19680888160649998,0.5529760575020236,0
Kohima,42.668812713319625,272.73104222020453,29.28186457131099,1604.5886409319987,0.2529517018730267,0.6914902361133958,2.848485763071167,0.29095733347725505,0
West Kameng,37.65999271487854,49.871510301278185,49.79706218422864,930.371695984883,0.4143631668243618,0.2633591012165243,1.8395860426124528,0.532950849017256,0
West Garo Hills,25.35745729737996,222.94243655572134,27.40082796659398,2104.607070490092,0.213011855269989,0.7458776096013455,1.9408758080637734,0.6839521177364181,0
Aizawl,51.678695874556226,142.95462955642768,22.395639601805176,664.840163380065,0.34232235239215825,0.19815268066766148,0.7180264990377629,0.33152933689640623,0
Churachandpur,69.01839244093883,481.21040277864574,33.12253338140059,863.3370156504656,0.5529062647516837,0.2404899799982697,4.590842759361128,0.9051759284431865,1
West Kameng,64.95367461230464,158.59234495152882,12.96670495084469,1504.5133494922204,0.7506401281456346,0.1614339525254763,1.2689895979954051,0.5182972944638338,0
West Kameng,16.85313415655113,88.24785409955062,32.434464651230435,1758.817076154161,0.39567457358117397,1.204243040927112,2.6407706539220888,0.9381225917200626,0
Upper Subansiri,37.661491676205436,118.45521221232731,24.539053469071813,856.540858074624,0.4788119188710869,0.2501580648121815,0.6862927714395778,0.7419005112882837,0
Churachandpur,21.441662693378014,123.29565176186983,38.65648649763527,1475.2479063739252,0.3615303739426139,0.5627573444447361,4.236024847507948,0.7876135080533044,0
East Khasi Hills,46.64860163199749,328.4857999980924,33.0885803896756,1401.9285196319854,0.39936203750499744,0.4761710699365315,0.8906738295122564,0.5813820938288811,0
Darjeeling-adjacent-NER,11.178606946676577,149.382060434204,13.766457029149382,1184.9537420063546,0.2720403996455113,0.10719724137890159,6.367600841469404,0.42854412365876915,0
Dima Hasao,11.54318110043021,177.57487686771097,37.46625200159586,874.4271077268443,0.20191999103432048,0.981281265440927,1.5164725280876703,0.5584383676045588,0
Dima Hasao,25.29195031122625,122.93932969531525,19.94928487265147,1705.4181661329653,0.5011023629615279,0.31470376053652815,0.3920734039017007,0.3875613206925011,0
Kohima,88.64758936742184,81.00631230990565,28.17681944597416,50.0,0.22690082400583744,0.7746383968889816,2.3616886440274825,0.5472249808830003,1
Kohima,44.31266060140179,52.220537809867636,13.957910158783465,1283.4712409610972,0.44066110245490175,0.7139641110226482,2.0333995715578213,0.9456471081104715,0
Dima Hasao,23.814585934173536,341.8253340392918,12.360343051306156,789.88632614568,0.2442065880658937,0.024184589126118823,1.368008146113091,0.7186390545985272,0
East Khasi Hills,55.88782215238541,182.3184496307299,52.82691840802914,1126.948435240936,0.23178804426510308,0.38679451857418273,4.282985262125441,0.6732979370407378,0
West Garo Hills,49.01633178068365,125.85351317702131,50.89442136796985,783.6083771826166,0.7879416242813346,0.6223294132442251,1.3673788368256155,0.7594893641775987,0
Gangtok,96.36368967060636,157.53938277386763,36.68853937777186,475.9262813893931,0.3918983352368034,0.9479101467083407,0.3661001842392092,0.8672409510597476,0
Darjeeling-adjacent-NER,49.16531709159298,167.65661366452127,21.794105593788778,812.7398539137375,0.5033371375685093,0.2823273959641811,0.07249876717788306,0.5576646413873446,0
West Garo Hills,32.4243513090834,250.73511647970525,35.36200327946674,867.1643480596722,0.373832257893336,0.5556596032016484,5.567829243124065,0.5693065668622891,0
Upper Subansiri,67.00535378210081,76.6122640550795,35.247986469379725,1061.1264263562332,0.5629454874392188,1.3977256652844974,1.5716931227340716,0.5548233604718711,1
Gangtok,16.744269042420747,282.627813340168,54.920774394359626,1192.8820604008308,0.8222882799614352,0.7037380405425786,2.069337005735873,0.43142216017658713,0
Gangtok,34.46679922664247,118.58270801540985,35.898116744173294,1576.1728787264428,0.851212332665858,0.7708205058516623,0.3046876319537496,0.5313815537926132,1
Churachandpur,27.712134658622624,177.24769061702213,8.357157927379575,2089.150129540514,0.5702294292207065,0.20921516982684718,1.680482528580522,0.24781185159899585,0
East Khasi Hills,20.145144732738036,67.968156072611,33.437215451425764,1240.6520874848022,0.5558429004442449,0.03846723450460464,1.9055192070285725,0.5877025965576894,0
East Khasi Hills,25.473792046755033,66.9662107604735,40.183672294591275,573.6475550967034,0.2531672356988569,1.3528939376434606,1.5649028392085893,0.6062697593337547,0
Gangtok,31.808778327292774,66.64652803334518,41.99105280862689,1665.4182827447885,0.25290938264841906,0.4760523664807772,7.70430183059435,0.5326081418220355,0
Churachandpur,47.81602190043412,41.84049970003234,40.34757491062769,1359.0077433961678,0.7573817996804929,0.07509318451799771,2.1179910762709264,0.7771102793847979,0
Darjeeling-adjacent-NER,6.033359026348275,191.0993757595099,47.43699904519557,601.5022496849671,0.7069036070960049,1.4572901675560832,9.16166276808826,0.5783447526548001,0
Gangtok,38.76189468106022,151.82036795716945,42.6788929438325,1245.3069448535907,0.15875984935201462,0.5032112380174975,0.4161201691564277,0.5561063044627461,0
Aizawl,46.96838735763933,129.31542137574792,41.35424215716802,1605.6002805621108,0.4053432173952884,0.0378862066136616,6.139031621233302,0.602182363364079,0
Kohima,72.65613064554508,73.04274187364504,43.32857924320678,692.8000317985576,0.21619948887699453,0.07492405411596768,2.012551942770021,0.6077402960697772,0
Kohima,17.585445980281143,350.1527606898567,26.09596947689519,861.4011362266477,0.6054544273944071,0.8022100191173925,0.8779269533585916,0.4649468855041203,1
West Garo Hills,62.510211160531945,32.44789220278405,32.85712751292967,1245.451955986645,0.20865076591852413,1.2301915838513455,3.423509681255269,0.3646650603283582,0
Upper Subansiri,25.10152843792787,225.43939320012112,33.35587452284068,1025.5421159043951,0.6483781243132597,0.1815433463644036,2.031303344843572,0.6745813692340527,0
Kohima,19.65630657261778,72.43941484571597,47.866689240171134,271.5091865346433,0.01985143918038491,0.2132706818431056,2.14314730657852,0.37329135858346474,0
West Kameng,28.327968106435502,215.42944250965996,17.33327082697169,2606.9991051481293,0.2540826822374305,0.20131136862642057,0.4716713211363468,0.5056085331656621,0
West Garo Hills,31.90199384873918,297.5839847700362,27.58740281916387,838.5121243398762,0.6095057517335425,0.7215883591245739,2.8481197752157583,0.7612736262419975,0
Kohima,19.2389870906196,97.93325144799964,52.429611648519526,779.6837143556747,0.8937238385119038,0.2415099371421303,0.8708447538217483,0.33651035764390363,0
Upper Subansiri,91.27023207774508,60.22477688312384,48.71996379285465,973.4208278268452,0.7334260244156002,0.18816610491238844,1.0992255917782783,0.2607490556292487,0
East Khasi Hills,41.23370842822406,67.87688945129727,49.07102748128359,1132.9061154192113,0.17297881610430782,0.3890054386990791,5.926528204668523,0.6545493387492579,0
East Khasi Hills,76.26630146719558,154.6825871109771,32.79042698660922,1386.3558474822644,0.4510344520892029,0.26975604797006925,0.4945978882805688,0.8702171557917026,0
Darjeeling-adjacent-NER,48.98135914900541,154.8328445000359,45.355524481019806,552.028318330255,0.5332206948458229,0.30493326685979355,5.4430808461738565,0.6133515848193752,0
Gangtok,127.34608374498113,92.626773183551,39.860174504194816,1947.8603691666142,0.5220700360237074,0.20903323313698327,1.7349591135524425,0.6675500240041764,0
Aizawl,88.10872197613173,470.86016575468227,44.823280056108736,339.6818566949587,0.41828486291334804,0.2468555205491089,0.49158940778036075,0.4377685028654403,0
East Khasi Hills,30.571147915421893,202.74458451178427,27.766450234310067,925.947357544055,0.5319564630197109,0.014655358413594013,4.172954671888569,0.5967239269507129,0
Churachandpur,25.707782490565272,90.24970436562569,37.123464902616405,1652.111284945393,0.4314870916468531,1.0403011606436494,2.6424527334253654,0.7305810112742173,0
Kohima,53.649305285129415,220.2787371314807,29.836809445308077,1615.0531992601877,0.27425015472681286,0.012419941873449301,1.0647585437938656,0.777005769582953,0
Churachandpur,51.555990366535475,65.72076611599837,16.284178978130644,50.0,0.30819721727157057,0.5927916696890508,0.8942818240720158,0.43097319936968304,0
Upper Subansiri,34.8379653476871,453.19163251330536,49.97183738729326,1156.8348911495025,0.5026410503507953,0.1416819030956821,1.3658864355249731,0.8472630607442957,1
East Khasi Hills,111.84844726229386,136.194905508886,36.99256655488297,1226.0134594543451,0.44629122456209724,0.04762797464031493,0.3660740119725658,0.7087232498136513,0
Aizawl,100.17650600827743,112.16203806569942,54.07734499910854,1334.5372066014827,0.4160494762577919,0.376329900919607,4.141972289295563,0.577770493730924,1
Upper Subansiri,45.36398343874233,246.30138665409504,36.57814845550205,831.581544257718,0.25202791298896204,0.4909670438215387,0.8165991773433392,0.4992173064578383,0
West Kameng,92.77553665126503,115.99095446179237,48.484505621805255,1041.9244094046624,0.353097117893872,0.3979189542307989,4.3842426984838205,0.7168941534918345,0
West Kameng,26.515036041148953,202.3675004454484,41.24627554544645,1504.48016594503,0.2647987330847358,0.3432877487435169,3.285431625840686,0.7796307664289637,0
Churachandpur,53.66479245354996,249.26732883459033,17.824020422066223,1642.356121983892,0.5460289436405172,0.30730913730062515,7.111204619321034,0.5736431714157533,0
Gangtok,39.26249284545365,115.13810003924064,37.67192432241812,333.06224660835585,0.35134897826361666,0.3115332042026929,0.2610173547997319,0.6700866885725301,0
West Garo Hills,30.763726341877458,245.01046984708762,28.927662575046625,1473.9650598423236,0.35728366540194156,0.8022418402617382,1.0738126961375731,0.9821659731645268,0
Gangtok,17.49664738561148,147.187599739706,15.190820719524643,1405.148186653417,0.7512441802910612,0.03779181698618195,2.4446451685353217,0.5895174988973015,0
Darjeeling-adjacent-NER,60.563060463580676,207.35966513524838,26.840551735504327,1702.3676159019026,0.39487803299703994,0.068490336004623,4.889994094216434,0.5442453454479854,0
Gangtok,16.439923030810988,182.2177904001194,31.376788404010824,676.5197538108347,0.2961536305030862,0.6699128019707782,0.4229088388485518,0.39301624681220154,0
Darjeeling-adjacent-NER,65.2817473607106,347.98049697287956,20.530417010535583,1461.5411504372012,0.43694172477787424,0.14441086544806944,4.940380892376435,0.7460564348138763,0
Darjeeling-adjacent-NER,39.055778824680935,58.85407407261422,12.096554035066745,74.80895002961961,0.3908955166629217,0.590592905278241,0.1733092631266521,0.7691156613821315,0
Aizawl,152.8174961829778,177.1717877020188,24.805145841430935,975.1145583727437,0.7543318504331122,0.17397565956869732,1.607831821543833,0.520879271856187,1
East Khasi Hills,62.014736579566076,72.50092064645287,39.338765230647326,1003.6068473529353,0.7165795094220467,1.0383001581893665,0.22056001639225717,0.537688395603658,0
Aizawl,53.04901795051341,329.68957706580335,29.811962981207724,1247.1253919825192,0.3641391083996527,0.1321432422439551,0.40591565162469767,0.6495918748012968,0
Darjeeling-adjacent-NER,52.54652739269707,118.02650818195099,21.88459033082821,1634.622377593033,0.8829903270123253,0.22267549041522533,3.7282504792503204,0.7014221501126339,0
Upper Subansiri,11.081691492712968,159.73281677013114,26.471717009633405,542.8525467051604,0.757539243566597,0.06919005801484465,0.04701695243191529,0.7708639978867021,0
West Kameng,6.74574113197677,78.68288419981828,29.98643511992508,1920.3758415135044,0.7991838298332278,0.43946635367478665,2.0262476138805683,0.6364549365694064,0
Darjeeling-adjacent-NER,32.18012691265667,127.64524829190096,31.732378820936987,50.0,0.5162612718395235,0.2062556120036582,0.2586887948877601,0.59176683134833,0
Aizawl,47.911156520676705,53.253605182057754,48.64167470451599,186.83773012119707,0.4518057758073895,1.1334738179937955,4.1684817738717275,0.6979625195606638,0
Upper Subansiri,82.20545941315915,28.02615538337961,33.571600397785815,1764.388910793436,0.41668111554670284,0.006349328968651705,4.127825095289863,0.7899603721543581,0
Aizawl,28.364586559684014,211.96793318156472,47.02328078616737,1262.344665967632,0.47586760291482144,0.19618140725666364,3.0332929105917077,0.8830909441436914,0
Gangtok,357.05686091033283,125.9985879402614,29.19075432412222,2224.0076743205027,0.576485215301665,0.009565308736790111,3.525836403241143,0.6161897902811443,1
Kohima,22.571008524927546,164.3217559726969,23.53731418677724,1659.581104370321,0.3035019577596503,0.15961921283733582,2.2337377205303763,0.656763404693016,0
Churachandpur,34.27335041816455,149.36960722244245,31.089234108907455,1207.4178385932144,0.3927599585438075,0.19137257116045903,1.661356251472457,0.9274255221861759,0
West Garo Hills,40.97894637359955,115.13682716635783,48.448923655083114,904.7202577244962,0.46240043692514476,0.11943594985655817,1.3196893187477818,0.21463079846784472,0
Aizawl,40.756515466489475,218.56600561492496,46.55077209446212,823.5530289757482,0.4614067276219066,0.1180336879649176,2.706724438501218,0.38977825575553965,0
West Garo Hills,17.810784815740483,314.3489684654974,28.296690947038933,1420.2878403849454,0.6166250114336342,0.12047421259288271,1.206401651260542,0.4306327258709978,0
Dima Hasao,54.75961841276342,74.89471873343334,4.244320105161078,851.0293057613301,0.47991071348250447,0.12383833057175525,0.006989958401375014,0.6962450176666828,0
Aizawl,45.69681528599992,201.11029255128034,40.89377465497708,1349.6897489355197,0.8046832207557336,0.13267373855444958,0.26548421541970124,0.4987014029645237,0
Kohima,59.83654196283056,152.02846533830956,36.767844883116894,794.5292444693678,0.122023375767226,0.7623242169131159,2.637556545805407,0.9095218412161771,0
West Garo Hills,7.213162391695079,260.6349758136319,48.04233976853971,1321.50505640435,0.34297251165573417,0.01593484746126249,1.1350159225037775,0.6287190727165827,0
Darjeeling-adjacent-NER,46.93656114666449,48.531913408866465,32.731643484793665,2123.707153853229,0.5927454201108939,1.8006773017395823,11.403367728728648,0.4731066874670104,0
Aizawl,4.822083970026623,63.87015665340719,20.649868789118283,1532.6984857558475,0.2849741159128676,0.13224872650550126,1.0920788326990762,0.7318040390261733,0
East Khasi Hills,36.25313498368797,153.22309278410052,18.855061031843437,918.8636943753656,0.6375876114448041,0.011337632241812452,0.28691248225447746,0.5188805694881741,0
Churachandpur,53.42034889341648,271.31890476765295,40.718771824336386,1410.4532627878384,0.8276958156630572,0.07702593791373348,0.9951629796988714,0.6776190726910455,0
Kohima,67.48704274410746,264.679144956345,14.584384367002025,1365.910649965866,0.4725588761019727,1.1380037121804125,2.9026754850866414,0.7177291903727873,0
West Garo Hills,32.74218320622587,217.2358498697694,53.7524763365743,1324.0290686136987,0.43569246523091315,2.4003599612907127,1.8784034313860698,0.8774881734781824,1
Kohima,27.29910453034042,159.68274640390138,34.4235384562655,1430.390218029488,0.3801435131510579,0.11334486959104018,2.3559172067115544,0.820304442736934,0
Upper Subansiri,14.117016371661819,182.85696195497744,18.748582831928648,1744.4174509095337,0.44831491936842827,0.10218884755601848,0.29481170996433437,0.49019968624059695,0
Churachandpur,7.012447342983312,137.32352045929875,52.34476330419704,1844.8607126579827,0.23463769381411304,0.7233757507438959,4.385891673290176,0.4655763139075831,0
Darjeeling-adjacent-NER,43.25959501468702,197.59534121405832,35.10394346478674,1201.3180497798105,0.7986196532048838,0.9823500592229165,5.816866152043171,0.7205342658816185,1
Aizawl,3.2157702737738227,183.6865885709421,51.88201733603539,373.21282809429067,0.7128325417842956,0.4203418030580781,0.3926580887898595,0.930727074222779,0
Aizawl,42.451502683331036,211.46644693678496,17.462347936892556,1250.8823476843681,0.3449994014132806,1.0984274210760259,2.4596624192053542,0.39250638798575105,0
Aizawl,16.771608782046552,326.10443144330975,40.15160349231756,1105.4305973241344,0.2216687850019588,1.1983927528653393,0.6526493173892888,0.19401860829135306,0
Churachandpur,6.066027775376365,49.648179971578806,52.552236059671195,1530.5080374545298,0.15271964464917762,0.5703273046367517,0.5030677071212085,0.28041842483012985,0
East Khasi Hills,23.62761777800162,95.30420869742146,15.625962514136853,473.5171765529302,0.5447279019674921,0.17151908400426602,0.5721749539085755,0.46127271870572606,0
Dima Hasao,23.334793603937566,171.65818487473334,31.94544739856468,1500.2698166415921,0.47048312249646335,0.06475338081640945,1.8418078652833332,0.7085058326612591,0
West Kameng,13.756182387000909,174.20559384226829,51.38702174142579,1276.5993846598399,0.21234974065386175,0.29165285641302013,5.426704156064643,0.852124611513986,0
Gangtok,32.528316604348376,148.8632996501394,12.643875194098948,615.491181558931,0.7379963565822824,0.1367765180693091,4.267686586734171,0.8463100970226709,0
West Garo Hills,45.6904632384606,147.25696323492247,50.545750908947966,50.0,0.24484639642336678,0.05045294191503357,0.38691213151416914,0.7463958015830978,0
East Khasi Hills,19.446200161040373,458.08929577483093,26.472047648071015,1721.541219655796,0.6243151005458534,0.20034777456423722,1.7829656531038758,0.3112361609126623,0
Darjeeling-adjacent-NER,21.72594239002199,208.50663296576673,30.07850793592669,606.5274900413226,0.4676156130058871,0.26139043059166717,0.40890054760791134,0.2513594915253043,0
West Garo Hills,31.664829657722564,32.963624826474025,38.3931875386907,312.04718804676656,0.742294652760203,0.433867365475877,1.440849299305592,0.4305244470172324,0
Aizawl,50.017354745762646,83.95813741587445,42.70744998313032,861.2455352949064,0.8510775762994516,0.09996926503640981,2.0668441907018633,0.19037732189322942,0
Kohima,63.609687621491176,335.08790230311206,42.50874964342379,1902.785249074675,0.6910025628271658,0.8114801634319249,4.172691429837087,0.7234974297651524,1
Darjeeling-adjacent-NER,140.7021805632243,59.486421385640696,47.497146494250245,1317.1827741794618,0.7251084613330077,0.08204375169567524,4.938680581960302,0.8218195551338465,1
West Garo Hills,1.2848482716237206,142.94010027825823,39.36664917134205,1466.81002183005,0.6781488474913034,2.355528780203558,0.07022703350253916,0.4167630744409651,1
Aizawl,30.425439629802,271.8885747455997,20.619983073754057,1171.2747198676552,0.6781629459731159,0.3255651005830119,2.9216379841460203,0.5560903947667858,0
West Garo Hills,77.05280933852087,143.01765735678836,22.935574313496527,1380.92883121615,0.7088832136985262,0.06352437775125247,1.3197558334880188,0.39147864314024533,0
Kohima,93.51367276309065,270.8514396375806,42.39783784981084,1077.4966062891617,0.5154911060502493,0.7192566940474929,1.707763385705007,0.3731554228537434,1
Aizawl,96.13373429008459,182.26748786491757,36.32009667519367,917.4993900397105,0.7032434810087063,0.11706775505821397,0.6270672594526518,0.5645157568052399,1
Dima Hasao,105.0649525594648,194.45640911267725,43.835365995701686,815.7183976433856,0.7720969752990147,0.08345620355513439,0.0871765689306061,0.46137643892399915,1
East Khasi Hills,117.37459436363889,52.89419769797562,55.233148394825996,1016.1220319891672,0.4606613852278143,0.05791449191385889,4.510443902417817,0.7174360137667579,0
Upper Subansiri,43.01180677419061,133.6617263753735,9.60877035080567,2648.054375275164,0.4703734313163333,0.3201992360324084,0.6554517831898337,0.29002897836292696,0
Gangtok,105.76620850563128,94.83537033823566,38.460386555069356,1542.2403707426306,0.21087442896281858,0.8458666432810654,5.3068649756947455,0.5752195638462383,0
Churachandpur,14.964653935021047,189.4909795124214,45.453332712677025,685.3508385391159,0.21797185608716058,0.909638336977025,0.18062595483144636,0.5063439014080715,0
Gangtok,36.31028484561373,433.82275563772794,20.491936603538807,401.6963275911736,0.4715063824655426,0.6159994136768845,1.3124492285685836,0.5659459820383562,0
Darjeeling-adjacent-NER,34.104515066102906,223.74516857366905,51.994312438131956,1145.8688058423531,0.4962425363407219,0.3483809488628845,3.39034241259097,0.7598198780572706,0
Gangtok,26.87810685728872,262.81729049363616,21.87526279742545,174.42035741533414,0.3207417016519571,0.3019100591719353,0.7417988521807805,0.8243987071496911,0
Aizawl,15.67714609408155,103.95038055584598,25.54024964158465,1743.6800548002388,0.8394903282621786,0.18721613875721,8.559638401800411,0.5725412804844152,0
Dima Hasao,84.83907677699933,239.12851251476093,14.548952031299537,50.0,0.24974632294685767,0.01802672920536819,2.536801543337953,0.5358306242697604,0
Upper Subansiri,39.0091410444901,57.091751451716874,42.289340798041586,1012.772789728288,0.4347040072589184,0.7245943637061053,0.6128093787696303,0.7610397851483603,0
East Khasi Hills,40.948431602861724,140.1988258372582,34.88363606982342,119.9862085355719,0.4279310177734711,3.0187486904523713,3.944993481622841,0.8708487397855684,1
East Khasi Hills,15.910459657005477,253.93798653321025,10.866939412232822,1468.7392476957234,0.12711223286997017,1.0145490476934353,10.428272561894607,0.6978934602323091,0
Kohima,56.532682287304134,169.04034390231433,36.03046772370759,745.2031254198816,0.832131564362142,1.0814552957320733,0.7161854608233749,0.5142406261909792,1
Churachandpur,87.52243919196562,251.92325809045676,24.124751487563493,1622.77217582948,0.26697829657248606,0.16211986882073207,4.322030462104403,0.49517843305674325,0
West Garo Hills,52.691783929733596,378.1033372369519,47.16992982143294,50.0,0.32388779343237717,0.04183580910092877,9.459534637701298,0.22844330328770518,0
Dima Hasao,18.548707186373743,218.32126507860033,25.434625622060473,1877.7616233215426,0.30276290217967183,0.8209895726744186,0.6234968533192391,0.5047845595970787,0
West Garo Hills,90.33301765860784,145.31073874006427,20.94286928149416,1410.666501163887,0.3473021882358093,0.5772472736955453,0.6681617854281323,0.8003009792980779,0
Upper Subansiri,6.042539800866586,103.6147074451682,52.56400310503259,1179.1422851445911,0.525754097061121,0.1979638896132076,3.1567736175945473,0.7640005414825718,0
Gangtok,64.79438546812995,114.787033062297,46.87402449511962,694.5759343796037,0.9750314343347144,0.7172903552408675,7.522504583872446,0.3471076052578928,1
East Khasi Hills,18.29769954094823,149.29440049844678,20.911520592096878,1014.1602843879386,0.45395741307700455,0.05974152968769353,2.970868158198088,0.7580652629469061,0
Upper Subansiri,103.88503256870212,235.6724302679999,9.161262242759577,1630.2771546876406,0.45168220602994097,0.4211698470874387,1.7560438346812761,0.5344695957822523,0
Gangtok,139.57041649869325,284.0699690805065,43.56600080259315,698.6773492813159,0.3405411304491792,1.226323598614083,0.27796998054005395,0.5887992660628085,1
East Khasi Hills,23.854359085856245,88.06394546452195,15.096085971082962,1132.9752469213147,0.7638927473218955,0.9650418293455133,6.454927646691395,0.2422217261967702,0
Gangtok,31.22864356700763,154.95665720347904,30.039611748581795,1019.6090668770634,0.4446833777964863,0.5722653039957186,0.17901066511971536,0.5797297200047706,0
Churachandpur,60.07140741461561,35.23569331220599,36.75113007242278,1308.9675903905068,0.33088600444957644,0.12401622128661333,0.5941738393626782,0.6505794809425931,0
Dima Hasao,26.583164993165198,82.48018053472326,29.831281985106436,363.5477141538904,0.40043817285015676,0.0432852507047481,1.4979935949735055,0.11634701938464108,0
Darjeeling-adjacent-NER,8.447015161751114,184.0500307986227,44.12810631524418,2071.1938851973214,0.3606881661078998,0.15706068812703633,1.7359807937675957,0.5916446651719042,0
Upper Subansiri,109.1249828097387,264.07826527653054,11.808704818306655,1761.9353213833633,0.5826098754599598,0.38425741300929045,0.1418981882817247,0.7685889894011805,0
Upper Subansiri,28.069241421306312,266.0396627282688,35.015181269821795,136.37479926143806,0.7070809296103573,0.15221490557790926,0.21470666505089214,0.598539518559004,0
West Kameng,52.44733603140999,439.6634955978587,54.65065566844766,50.0,0.6621387974524267,0.21317011854846518,0.33418673131433047,0.8830293673846354,0
Aizawl,22.725986063187488,101.36340683690679,48.59620678388947,2043.5220970048251,0.292919105453484,0.20674168800338846,0.10126399032099662,0.810141157143621,0
Churachandpur,48.416949530961965,104.85944189466213,9.886492035060108,1239.8435082877147,0.41289058357741815,0.16368488402653025,9.4796718567566,0.44514496671140985,0
Churachandpur,47.59444120546136,157.53116638322348,46.57168170377073,118.86528332340822,0.05877836579921877,1.0279327011429826,0.6793551098331838,0.5052401328943593,1
West Garo Hills,56.55732618863064,141.59878890517973,54.694676133777755,903.3264336376753,0.3490047047621832,0.15423709484429182,5.290705831848204,0.8522291354767432,0
Gangtok,26.82801477986598,250.78386180956457,46.53758095776743,1026.115529004193,0.5265479376844884,2.016063370769101,3.835086908251326,0.5337350152359899,0
Aizawl,16.749301801781346,160.281794948637,33.84898752758985,1583.438515991283,0.49190766733502095,0.09395192871483027,3.0594604543045634,0.6023765267514365,0
Dima Hasao,23.82365797603865,198.3818675240135,24.56794473830988,1766.9844337783393,0.3956929418142354,0.8242479532090444,2.681747101685933,0.8636152549497739,0
Dima Hasao,158.50460367581877,161.6483560514399,14.006405950356253,1275.2473119979672,0.9099483793266305,0.5272108276924472,1.725969343106146,0.8218730170565769,1
Churachandpur,68.51592081671211,152.75536155356,49.88701421825564,1096.5073120696359,0.6365726331129598,0.4420192663395244,2.0743019290601628,0.380594811417549,1
Dima Hasao,43.67749982811546,79.08104265231296,36.936120045211084,915.3028855042107,0.5166277901517611,0.23576592510959016,5.533195254623667,0.1138525066557567,0
West Kameng,13.477025439289772,140.7348418720164,41.39742996469029,2044.7259985397116,0.8077835784598727,0.6784061985268313,3.757350806238375,0.7756043129771609,0
Upper Subansiri,58.194438634414446,116.05498437136079,45.97539197411527,946.6138158437495,0.5365755989181712,0.2710819328421145,0.6560999585361793,0.2964144895532526,0
Kohima,131.05088027217667,460.40673757454397,27.8374408391239,1510.1249462140913,0.12889870710251003,0.05826024762085084,0.27518118717055207,0.5854361158408868,0
Darjeeling-adjacent-NER,48.92137786283692,416.23609119093874,45.15358340712667,555.8759587339789,0.43270649845367315,0.1316779902619144,0.8694121338068364,0.7216696725422138,0
West Garo Hills,61.35961189711835,193.38327078622487,44.594492170599715,439.9110105637676,0.16035573308880477,0.08056721502546281,0.355426133861988,0.37468899334142897,0
Gangtok,18.558724426076047,192.64913468057398,5.026837008472892,1314.493306521404,0.696690254344649,0.33722856991872724,7.723065631650692,0.5241233137018783,0
Darjeeling-adjacent-NER,43.721883763266256,158.5545623787191,52.95617174474826,972.3029114230462,0.408170795059729,0.42615475574248046,1.2061352049382075,0.6266936229924162,0
Gangtok,127.26703053513387,162.98836264796898,45.35398751861812,375.0883428474532,0.6750195316881606,0.16374989409679916,0.47556745766865793,0.6927828764851222,0
East Khasi Hills,33.67489599385843,200.43346470632935,15.919288995126198,1006.8570476703683,0.7266277875099426,0.01612710073675642,2.4345874777080896,0.7785865606140595,0
Darjeeling-adjacent-NER,94.06965445039887,292.78974553865146,47.17800330957913,2692.6474130610823,0.4210562117075157,0.4300414517556183,1.269702379848752,0.608857088555288,1
Kohima,17.635304298676566,313.5126988069685,18.009881595314997,1177.5522546078041,0.22181053753380006,0.025584975199805484,0.6146317295814562,0.5989819403710827,0
Churachandpur,54.3635519558648,156.57822879331675,31.044145583302157,1020.0764829039431,0.3082420930638702,1.3487350315691633,0.1485030280708481,0.566077803435201,0
West Kameng,35.898739298630105,300.65110984078785,40.085844513652404,1021.0848132335927,0.16987834056287293,0.873131353554649,0.24256565223515864,0.6248634359849452,1
Upper Subansiri,91.56422353843824,53.52104444375201,28.990986385539152,1919.20603723903,0.6173958581135504,0.7108625099501328,2.0713730717648247,0.7879514556763483,0
Upper Subansiri,105.70367136031106,58.264661119574164,59.39029597253073,1112.8872492970622,0.6597511476940064,0.1832571924137336,3.469199611292784,0.8719801904459487,1
West Kameng,49.61215164914189,154.19995719439075,48.32428703840422,1348.9924756470466,0.5464191952465504,0.5465855571953829,6.501966616248503,0.81401858237687,0
Aizawl,52.03632283263014,76.73000008807388,55.79142218502034,1630.04974358773,0.11680861138026773,0.018774866744079455,2.2013078784923996,0.5822422677836241,0
East Khasi Hills,153.0359011724024,205.31825128481074,17.76648620161577,1982.4981806752216,0.3387478785907031,0.03756372863092501,2.6440164140207925,0.8087473925219267,1
Gangtok,85.14376882374714,211.57982278479724,47.6341832501937,763.4963531551871,0.6759394497336593,0.27291941813771853,0.6926337771392754,0.3283749094394717,0
Kohima,19.952898376298702,81.99696501068902,17.05538242143043,622.5843810533928,0.8381902673707728,0.35349588296367473,0.8017640170893553,0.4726892974904064,0
Dima Hasao,33.94193480334747,515.957841402717,16.06411655668275,771.623519450722,0.8834946066007817,0.5826021240263344,1.351341248444102,0.3300698225723094,1
Darjeeling-adjacent-NER,35.18634376515147,313.12028510100964,26.518972417049266,1591.8353848013971,0.3874786786698059,0.14136596241946423,5.076342332749556,0.48085464719506565,0
East Khasi Hills,70.37946873195216,103.42265565001952,35.73164123827541,1660.6075261131305,0.20287409413069885,0.31288313129778983,1.4288713592782405,0.7499331477469293,0
Darjeeling-adjacent-NER,76.24425836653866,51.826098167534376,41.4036268179413,1317.5905632879358,0.5165160568842864,0.025833574573379176,0.6848901370406453,0.6080038644391288,0
Kohima,79.63648786853483,121.94246802150404,31.823877497893573,1787.469796553643,0.4177369715904412,0.2546067484408366,6.298670820202386,0.5284504741896517,0
West Garo Hills,6.757134277277074,211.2348302910428,17.31192025341091,1661.2024198394995,0.41782905732224107,0.4449957907334583,1.32517243375396,0.5233362342134039,0
West Garo Hills,99.45962952533796,133.2128112344439,29.621605259290764,826.916884803815,0.6919304959679848,1.8279827128530717,0.20712364383043863,0.4123898111186243,1
East Khasi Hills,27.11840492946728,25.733371320870226,46.9107206434693,300.2594950109892,0.7732032882316668,0.5843388724021856,1.9712563651024317,0.6778334221255986,0
Churachandpur,18.904077301368652,122.08420985729832,10.499212268048629,936.4354144495214,0.3747574443314129,2.159849913470321,2.4616623687410706,0.810500524887479,1
Kohima,75.5416903019198,398.88670294931694,36.619591373972334,1522.4120877717114,0.2195799116680309,0.2755948415414855,7.774160887586639,0.49213183138217326,0
Kohima,114.11946815301437,196.44372675458723,24.346645046641378,1496.2717354378128,0.215405961303921,0.22692474624467793,4.107469568084373,0.5858808260878561,0
West Kameng,88.12869466284539,80.1083425583563,46.49860185625808,118.10981604849098,0.7043350408031367,0.7188045620909853,0.26649522741535836,0.38714762011193027,1
Churachandpur,55.286606172509636,54.10892048936345,26.804530056153833,50.0,0.48197188335540697,0.24824510724230078,1.7932156003327704,0.8399193664468578,0
Gangtok,68.09392581264098,46.513005148598026,51.18252813610262,1614.3122885526911,0.5739676329198605,0.5644613066672964,1.4234058685903384,0.5946650378697169,0
Gangtok,15.265022950062152,76.01907168456023,25.968659864124174,1628.9791762946688,0.42080364060914743,2.0814255405129165,1.249894088464068,0.7435887606066557,0
Dima Hasao,15.179315055123102,83.35960831679006,8.590519463251194,1415.680916891193,0.7470652930381168,0.5158063379255138,0.37651420616353687,0.7056787871306119,0
Upper Subansiri,142.5438589825098,202.22642413267855,29.153436929530077,1743.2517631623382,0.3273607855990669,0.005762450955045603,1.1763600242359293,0.635344409651039,1
West Garo Hills,41.63676708841793,62.703161675697714,23.77050844992923,1326.184712313597,0.4796945736865254,0.0795186164372856,1.5876189646998287,0.39720797970502253,0
Gangtok,27.00184075469129,519.231730368814,42.1658932122519,402.706488284241,0.4111977628807498,0.12933367380112493,0.6175444792661666,0.7227954885126172,1
Churachandpur,18.319059132293436,89.28684141847594,8.704244881399516,1013.6994370081305,0.9394139518617851,0.6906932413971051,2.1442041107574727,0.5121382067733501,0
Kohima,71.39145330055572,270.1745289237127,17.361810357942318,1153.6710025910486,0.2611819495005402,1.0760838399556323,0.6252645748966362,0.5908918281001136,1
Gangtok,68.79803677223389,479.1196855130458,22.353963984399673,857.9217239737079,0.6760268305965071,0.41958342983333935,0.3233312790567478,0.810855627098451,1
Kohima,54.0691417843917,63.12495756998179,49.05870494095899,847.37746303646,0.4451818324453237,0.03686241876272316,10.335603423625361,0.6989747872156362,0
Gangtok,72.78309667007728,273.5946375446539,7.214746948420022,1144.4448147677151,0.6183436102061407,0.27687857170519603,2.9150954714040402,0.842564677671355,0
West Garo Hills,58.14118085142006,173.37009838632747,42.79351648646146,702.9311363729144,0.7288155250603039,0.7837184146271995,2.258424545101853,0.7462714787669809,0
Darjeeling-adjacent-NER,33.60002806000865,78.64020303314005,46.81766989925519,50.0,0.6638750368000238,0.17988320859193135,0.9918970807623478,0.3646896487677124,1
Gangtok,9.880082532266394,120.10273061188701,32.54902470667631,1264.21783765379,0.8921666096660323,0.027000608893635526,0.5840583723481186,0.6202890744710947,0
Churachandpur,96.52738193203929,181.1029182227123,50.333992364138126,1947.078926659415,0.576688949577488,0.6048894112431534,0.35245786101934995,0.8756916465329819,1
Gangtok,70.38691556101213,240.69302083505815,46.55851129600157,50.0,0.06725004791577584,0.4281495430638336,0.16167684930765935,0.6753605356957156,0
Upper Subansiri,75.26746458091644,153.92555863190273,39.199073049686014,1299.5493029703086,0.7826427397424774,0.25167203837824004,3.007538469200772,0.19810179053094978,0
West Garo Hills,79.25025830829581,206.19922679355886,28.89112742352925,593.3877426885006,0.39901629626135154,0.7583313387042374,0.8081092208588656,0.9430988250711043,0
Churachandpur,55.89683448445414,327.52968821223845,18.329895738462824,1607.9901090521794,0.4682242417242256,0.7580814968373984,0.9572736011429597,0.8464114536117623,0
West Kameng,39.144319917391655,78.91256589527403,25.346850723831007,1428.537900593842,0.524209009342154,0.4828704636276171,0.43883264508094144,0.790443535989498,0
Churachandpur,96.81509301465245,211.77265132690957,27.649234553375994,1831.6091397608761,0.7348987353029865,1.1411261418603382,0.31153921493104886,0.7785930115835487,0
Upper Subansiri,40.75807171015439,81.35298115784012,52.322953507421744,693.4395041327273,0.7187473907479337,0.24201352720918262,1.7079664806845511,0.9039437328430033,0
Darjeeling-adjacent-NER,47.41881305129086,247.34221854361348,46.22259892229136,1239.4366290481075,0.530159016872668,0.5221496515187399,3.2504269625377797,0.5367720279322283,0
West Garo Hills,31.104619006768747,120.82908995454504,47.82075086268567,2693.768162108265,0.6541421518943615,0.7103901362064916,11.757618561728878,0.650808452575811,0
West Kameng,80.93278960626358,236.60844405149123,10.714857972145511,1321.7411554576731,0.24820116669074105,0.403795111490443,1.0368853612688105,0.29821458871611345,0
Upper Subansiri,37.36885228723171,148.8724226066934,39.197413403986346,1625.6192759978421,0.20178483181959045,0.3221774026752151,2.7254103340199043,0.5011919150585087,0
Upper Subansiri,62.02147432181941,111.55871610018943,18.815558793876214,2041.9085685015048,0.14581914826664097,0.5267047428271898,0.30843247698870907,0.5793619215440887,0
East Khasi Hills,42.60445063325632,115.59759580192403,28.856265965972742,670.4562500315313,0.5157769886745914,0.17509530244703853,2.0280060493974497,0.5237673656343983,0
West Garo Hills,12.54960213359232,22.787772253860755,23.264689254859192,50.0,0.179379113600152,0.18255409229659902,1.8249555240282203,0.3211327311744713,0
Churachandpur,80.38891949049857,145.97090671631753,49.682040577168195,182.24555940535095,0.5705404198019572,1.5022354525463733,0.08145720577305976,0.7115791823049812,1
Kohima,64.85915862128812,206.87807822352727,18.894203542777962,504.1142713844745,0.8952278845393794,0.050605386895812315,1.649215437384715,0.5494085072280842,1
Darjeeling-adjacent-NER,34.96638140399519,283.08753184022305,21.520619725696577,948.5176182879529,0.3467136447337197,0.7380571700660191,1.7101387127908074,0.8315688604004648,0
Kohima,54.61121493436202,305.0139551231128,8.776035923685168,1497.969250213418,0.30079351403314214,0.6218774780882148,1.1631142810710025,0.9045522915341941,0
Churachandpur,82.63099550415814,135.61093951191788,32.895390881418216,1771.9078870830776,0.3288671689649453,0.022272864603318104,2.1306300307955146,0.4900201793919593,0
Churachandpur,123.63363957968738,307.19911764731717,48.706322437136066,554.7374937781578,0.10529292194419539,0.4862864299526615,0.11659068520422855,0.46017274096432526,0
West Garo Hills,50.80204521402037,412.93668493335406,34.79916669031812,2486.8416437924866,0.2531524504800345,0.03943492936507569,4.6519114139129165,0.41053183511899183,0
Churachandpur,44.59572215520363,64.21113061058749,23.483266557054886,1980.0083390339205,0.36334619262307416,0.09454284984205304,1.8375937248090382,0.40132353627953027,0
East Khasi Hills,49.59488135332876,107.84585424073656,4.5261782567770465,896.4564413926471,0.29215252356929905,1.2700794619963938,0.08169387922388671,0.776273163009514,0
West Kameng,31.658582734672724,454.6282134919651,28.184885335971067,2628.696642045924,0.7023158463185724,0.17986119694177308,10.301931995372467,0.5674555624269483,0
Churachandpur,48.10431841779285,253.82175872748968,21.843299416060713,1556.140414132979,0.3566368804435589,0.02339154258138152,1.2021663961945015,0.475448878860547,0
Kohima,29.528242136982985,130.57682458566438,39.79856561659044,1159.918958505162,0.9388569618269907,0.2945873471494013,10.80520546450057,0.4533443355605211,0
Churachandpur,32.9327530933558,148.33234681562016,20.04568133854827,637.7886015048873,0.07806783989202233,0.09247705354892362,0.49714022690884774,0.3398999367721065,0
East Khasi Hills,22.404577321617836,270.66193024701954,45.43876091335069,531.0087449499961,0.6987131538975232,0.22227982327838958,0.07607631041625729,0.8553402388067515,0
Gangtok,41.64980456295361,91.32448672639624,16.577780585999577,1762.3642734013938,0.20006460331222778,0.04288176099806945,3.124028460538584,0.9147798917377231,0
Gangtok,43.539809979513386,151.12063776473852,31.654180692853412,1257.7770667650414,0.4907642109091767,0.04035660201793617,7.270462754936299,0.8003060269563711,0
Upper Subansiri,58.20375275034073,211.24232498326316,35.23499037460508,1454.6893754238893,0.7026014827106276,0.28058708008366173,0.20191860340405904,0.5692118923605869,0
Darjeeling-adjacent-NER,14.514282899901298,185.99576684782488,26.39541025262072,517.9689390674,0.2981296278903636,0.16371532903603958,3.3250337222817006,0.6967903216282519,0
Dima Hasao,71.38214288426335,197.0112333998503,47.73301151425998,1526.5583473216539,0.5980601500547642,0.06749544333279663,0.17929210795601006,0.564994458877628,1
West Kameng,36.187253259634886,53.00439176653333,28.150588417763824,1244.575655917361,0.15915190882422908,0.3473537464656432,3.948578083076127,0.3904812807564105,0
Aizawl,4.7516223939190745,189.35405442360107,18.702776386243,548.9269347702071,0.95548911015502,0.025684069301839425,2.176293509847053,0.79010227906689,0
Upper Subansiri,65.43295693583083,89.83201052323506,18.438590116531326,346.5667772710849,0.3393932008044314,0.5589240633575158,3.8061255243068883,0.8245372050978408,0
Darjeeling-adjacent-NER,31.164113463602362,84.59156721728706,53.05854427918096,1223.1472241839317,0.46886273120335165,0.02108113741127604,1.16098178850129,0.8251561606788508,0
Gangtok,122.39160341144297,306.55566989259466,14.698528510233961,1610.8236046579934,0.5278933636224975,1.4076013264104164,5.89483110184331,0.5178745448842114,1
Kohima,18.534140652336482,219.0886135292484,14.918313148573318,1836.6942249756255,0.8275362354651462,0.5321542669684093,0.9012116312710382,0.6680599571299627,0
Aizawl,53.16979608804404,128.26419885418048,49.21521889616249,1339.7418147344886,0.16469940655634777,0.9100373221609372,0.8324083607905222,0.950970808471494,0
Darjeeling-adjacent-NER,20.699039741669004,178.45692999331686,39.025681161759586,716.1728887344302,0.733735070733379,0.23189103065484662,8.087151013049553,0.8707011702481303,0
Darjeeling-adjacent-NER,5.122096396107388,204.0779805369787,47.19959814702129,1212.402944902768,0.859165407939948,0.023934415030463403,0.32759688005520804,0.6459047476535925,0
Upper Subansiri,147.80896072130574,201.7086362085743,11.893282572061088,1413.1575064445494,0.9456652820437399,0.10425515743379593,2.2446356003131323,0.5026811109954954,1
Aizawl,36.64575695903542,244.33830310066742,35.649686801194406,741.4019415806276,0.6815785960221601,1.4174957947014297,2.133327747918412,0.6055436616327716,1
West Garo Hills,25.68404274748855,301.83877447754094,16.14522024318091,917.152346365542,0.7029817877933596,0.38586855330749326,0.675384732721641,0.6222022784185768,0
Dima Hasao,66.17750662161743,205.7866816773132,54.85625795142005,1217.3469690515092,0.391303159632638,0.103441801163668,0.9534429285645245,0.38962694811239723,0
West Garo Hills,50.40393792905111,246.2338932307419,44.43763944690539,1333.0987376746878,0.421341086302905,0.2637438540305326,0.8442414854921161,0.3249907322164605,0
Aizawl,5.297867340045137,43.55732109776857,40.667930004387884,445.20280886832757,0.2947660200314224,0.15276273525151965,4.678103001233432,0.3548334708779157,0
West Garo Hills,21.86784919618456,239.95408213960346,30.45449990298573,868.9453009246336,0.25360192306268164,0.26911650574467433,1.2339099028746934,0.572064045415142,0
East Khasi Hills,22.07513759428589,190.29509192633094,39.5024192275524,1284.107031468942,0.5146293377274308,0.7246807727109715,1.1106497828475552,0.8297428181780896,0
Gangtok,12.418102325701563,246.34139458375603,37.12652946744912,1498.081591846986,0.5540290227226733,0.10069720332629693,2.531458957556738,0.3355428727721861,0
East Khasi Hills,31.341151011085504,139.62800951978787,29.693348452039984,1283.757764361167,0.19959654873896723,0.2037227331320938,1.710501896098497,0.6889760531777767,0
Churachandpur,37.87826543162414,341.82343329425544,36.424190148050826,1375.186613857506,0.6418660713096217,0.23630121285189887,1.3876985594600868,0.7857589646372393,0
West Garo Hills,78.3544948659798,64.74124369059336,26.53792420567339,1353.879949110687,0.20628093906045078,0.3537748270055622,3.0896950518401836,0.5767238642600986,0
Churachandpur,45.0992181866277,213.06973651169005,32.054806410365366,706.9105505867253,0.59295714346107,0.03236625537365178,1.3302052614746742,0.6540086742374837,0
Kohima,9.829997151114203,213.25191880034225,52.87036302735304,2026.8158023653864,0.240359719781456,0.09277866722018296,0.6280802654288093,0.564588353503206,0
West Kameng,24.38740090747985,122.01191843310134,33.206855867420245,969.2598530659194,0.6485547344450678,0.20288797645723664,3.385501574064202,0.65205198344389,0
Kohima,63.589075901821715,123.30436838828545,21.859735238479434,747.0374608105893,0.9272902097105282,0.6629069183512163,0.17555755262896688,0.39394532697641776,0
Aizawl,47.15893956167813,252.74588847962067,54.66639356851814,325.07991140935326,0.6833177310223097,0.0827319852179679,20.0,0.8833507699066804,0
Darjeeling-adjacent-NER,29.57344768076432,75.4562416780734,34.816133270685164,889.956597223559,0.4944532596226898,0.8532172410090815,2.269758833884489,0.39411600220920306,0
Gangtok,8.868035678192895,137.86854064407527,36.608771540954535,783.3575358271853,0.7588498896587781,0.16569983729671417,0.6093298032388266,0.4612492045208672,0
West Garo Hills,132.3699757044361,27.96286224453818,7.916751580713463,974.0650609796496,0.660255991820092,0.11712574019589342,0.5521818396260502,0.5991090295976109,0
Upper Subansiri,156.21417725135623,141.51135754605448,33.034528551281305,1391.0498291132128,0.23621536121791967,0.21063453493651052,0.7995347631091433,0.42433226346579184,1
West Kameng,53.854854823572666,54.14130378087866,40.894386391995475,1913.7591202948283,0.8371415343247555,0.32271250152186387,5.285536159817572,0.6407027679210446,0
Dima Hasao,35.365706330508495,555.9255205836726,54.97976958872529,1687.8467384182657,0.5355309471043429,0.529664723837303,4.381661955180557,0.2775822799892492,1
Dima Hasao,25.788251758681614,334.3531883974346,33.29439650955602,50.0,0.07852261216094635,0.25922519048467363,0.3902551788011329,0.82921114314859,1
Dima Hasao,48.59602966756826,108.8981773360157,16.6792587928586,1804.93575382592,0.8158328646934161,0.681505964209934,2.290980890417492,0.5073635562132724,0
West Garo Hills,100.02852806868721,54.821041576119555,34.16012602872136,1512.7068933272385,0.2694552648383818,0.683135553866663,6.0450722282177685,0.8315098101845751,0
Dima Hasao,39.24778920037081,210.005241191844,39.23515551656117,2280.825396725475,0.765252419391969,0.0006965859029611334,3.3025249999679125,0.927855838114249,0
East Khasi Hills,21.73266329251845,142.56837178434733,48.73867672076485,817.3398576768288,0.5312666735634239,0.6272859442943473,2.2135397481093664,0.8389207214536373,0
West Kameng,123.74697456223794,107.44698607557896,41.0232917826853,595.417886363383,0.5254108550028851,0.23389908425277217,0.5849750732963315,0.39610980769085424,0
East Khasi Hills,19.1144605912982,160.77598010265936,37.897433771855034,1718.9470387625804,0.6112259745001924,1.3655577374019108,7.18504301466894,0.5855097259937374,1
Darjeeling-adjacent-NER,26.181883139042426,148.675762848465,33.06951161322463,1652.247015763357,0.5804816704297302,0.6864229848737903,5.55953052755057,0.64486845581785,0
West Kameng,50.92633610168028,288.354666800831,46.40463783273902,793.8975803762949,0.8283386677521647,0.19380796542332404,0.9686636907412115,0.6804295295752053,0
East Khasi Hills,20.076063426906416,92.54286269474173,32.3688891177248,1047.567641173851,0.43874509522301636,0.40274100736647567,1.7213196306602585,0.8099241887475874,0
West Kameng,64.39160289009837,41.650996717666196,50.91468634553088,1487.2473793741178,0.3264949602160818,0.08638961294362837,0.21346079560329326,0.6865205253876819,0
Darjeeling-adjacent-NER,33.27845405462072,260.5532388355179,41.03734603238156,1409.2400991169748,0.4902543012843745,0.13719304619069667,2.4954847864262897,0.7858472917466808,0
Churachandpur,11.349753486612794,189.9939030286257,24.061812738315613,1178.2594550023362,0.34569253474495487,0.09031152375688001,0.13978426735753283,0.44559796516476163,0
West Garo Hills,65.61579935969309,79.97164221398026,40.46786679891521,1255.4110331761594,0.6486171761228294,0.5563721375030931,5.9115967876785085,0.6208400848523329,0
West Garo Hills,190.7346114621218,80.67947063926323,38.323145205918046,709.0103695761788,0.5299400296583187,0.003299982601569014,5.308853240615374,0.7948626164938609,1
Dima Hasao,57.35165248772625,78.23429538041664,30.172148835032807,1078.9222173668095,0.14983408423390748,0.20920861446742467,0.8263105163995698,0.6399864274437103,0
Kohima,122.28230703305796,137.95255031932712,10.868895835166823,368.8632790171065,0.24580828043909875,0.7269934012031849,3.38746278803627,0.4059010201885995,1
Dima Hasao,97.29937935996479,453.75911109549605,42.207977556183174,1196.7261021681825,0.5223711932649104,0.4938828231260291,1.4466788846337448,0.12429954991357678,1
Aizawl,28.050735166876777,334.18902770918214,45.44563490556805,378.10601548205943,0.26224561723773127,0.2191026433532237,4.666664730096549,0.8472380042755508,0
East Khasi Hills,36.67755867248374,116.74415269753119,29.0057046026032,537.9027933358884,0.7320468600151048,0.40100462161375294,0.15860062053319676,0.40948950270737267,0
West Kameng,66.86483787295356,373.8281981999967,44.462553464839175,3112.1912742936197,0.5164091673331365,0.2261112428453449,1.7615679477731288,0.742027668181309,0
Kohima,76.75544662983657,81.21750791201863,21.165621901429198,60.21051386105819,0.8020590891950012,0.7431789808871367,1.266202928843589,0.7150242064289551,0
Darjeeling-adjacent-NER,53.744900099646806,130.27130467017795,39.93042170425247,1784.951646028308,0.3093699236320599,0.34001547491745043,0.7540068294494978,0.7418317629941047,0
Aizawl,140.85170834782437,142.67809443167545,31.49791934114305,1363.3430214515674,0.22538973056307446,0.40054139319653903,0.5870303762423277,0.5645770991200364,1
Darjeeling-adjacent-NER,98.55891381349463,516.1357133411253,54.6810879780276,1380.1696743483512,0.6474280363223381,1.7904024895850563,2.8216420734417125,0.7536341979662938,1
West Garo Hills,54.08225038223379,60.669067233232084,21.404478174631823,559.8182442799183,0.5098429089845016,0.588057039681025,0.5637965904862734,0.8034528869356796,0
West Garo Hills,60.962006057839844,235.37705755032948,22.269119181212865,1637.9170686524044,0.5573507304687816,0.1347262352934386,2.500513526576217,0.7583199317287882,0
Dima Hasao,2.265596261670642,117.63048644708772,13.324624406746247,109.42951752386966,0.4748445884347623,0.5930765156726407,1.2345551306073586,0.40700075641155714,0
East Khasi Hills,69.39088798571811,156.22982058835032,50.68257109365038,903.7730787440328,0.45280845149671145,1.055149003579911,0.6946997565281637,0.5947613370806281,0
Kohima,64.40926751240262,84.06584217682529,39.97454741102927,1211.173718916651,0.33870175891656834,0.1398662707363185,3.8278959094321636,0.897728005074388,0
Gangtok,25.342642129472665,147.25815549768774,15.383797974294742,2197.944898156947,0.2506996183842631,0.6799625053756051,1.1309753066339676,0.4282135895588837,0
Aizawl,17.174794299506793,320.6153005467541,40.625895171513825,1593.3542083928064,0.3739833204993678,0.10862976569449499,0.0376522060572915,0.8126461244551396,0
Aizawl,17.147755246040145,26.95193080388413,28.18259956369523,940.9835599163689,0.48310867511846795,0.22768808879278152,4.761960221576184,0.46473899043066147,0
Dima Hasao,96.23695575781493,154.6488626565648,27.83181885257896,1032.6506818575504,0.243229781576745,0.4686963860113926,0.9441182258303025,0.7424662628460493,0
West Garo Hills,8.436920246472678,38.456760119728,25.337856865629483,1544.0225489841935,0.45857769207114113,0.11163565413244647,4.319319864290283,0.5902151935482566,0
Dima Hasao,27.97924584336592,293.4798790639774,48.96042273482784,472.7899111847104,0.30578323040679595,0.08295498132462464,1.9759837126338788,0.8985804847070423,0
West Kameng,10.803954839146893,33.3471321516254,35.61588741784765,1865.9651825756216,0.2842769213414399,0.24836309873909854,5.328447663575253,0.524155195083283,0
Kohima,18.88177908409779,74.94251127250631,41.01751080994173,1143.1079703447008,0.42514717088889764,0.6115148308797682,1.3535034766492102,0.5301397932143996,0
East Khasi Hills,20.437278060502138,318.23123389627307,27.444188591369574,674.878029186721,0.1970330375494546,0.3624007522630495,0.4642446006244721,0.7935818142216425,0
Churachandpur,0.6697350994177562,122.1572389594196,27.28165716112043,363.042520541617,0.573061876367692,0.4832118741314839,0.04542772278753213,0.7902632742488751,0
Upper Subansiri,38.981826946026096,129.31214431840314,16.20258728969771,50.0,0.7776370679745833,0.46754153209487914,3.768677602533878,0.4889041679079042,0
Upper Subansiri,16.79915092845527,137.29277559164348,56.278504183169346,2251.0849437522547,0.6194028753145895,0.3145428788831535,3.7771277323254764,0.38526674539195194,0
Dima Hasao,73.68144167889895,139.31102549087407,27.04790482857973,68.017780665288,0.26077550756820417,0.15169104201633224,0.5442112233194807,0.6651767796798795,0
West Kameng,105.13467744786318,110.27506443029662,25.12629361758855,1487.7146161811092,0.6564218877006808,0.21907276991205604,7.778269036403693,0.55283831149579,0
Kohima,54.65585721408965,386.22310590838805,21.497781243977016,1460.2774012334141,0.5572078498382292,0.19161482593481402,7.444250272875609,0.6865095986163321,0
Gangtok,39.03814913832826,359.29875675018013,49.74226432252119,913.9679858960357,0.7268039221304169,0.03294837501801986,1.1372951041848196,0.36868501519367286,1
Upper Subansiri,90.87217260142872,130.47806172189078,31.938419188542703,1131.9846177620109,0.40440317046038693,0.9149298951113911,0.39921630688778187,0.8010970881282181,0
Kohima,14.671596002165927,57.29261419420809,11.398750819423936,959.5065038965531,0.3859181299131492,0.410726876525773,0.8348371988916785,0.20271731221028796,0
East Khasi Hills,33.40618475737266,219.0984004018519,7.361578068464935,1333.7217593338357,0.2733522900847713,0.7784932764260807,6.623576480316813,0.9126273592207697,0
Darjeeling-adjacent-NER,14.922384273817713,151.21718441803915,23.05921524743373,966.5395262021028,0.6525707320470135,0.5985516808939895,2.350414311108518,0.3399327989925779,0
West Kameng,36.04700464124349,120.88268785776565,25.77733956722601,1026.469565912205,0.6227396468262961,0.02829573820131443,6.144658043476959,0.48802812401139056,0
West Garo Hills,81.72809560253668,118.239198500876,54.473907964643686,1150.3403603709228,0.52300927836782,0.09749518936147535,0.05770593312250538,0.9278431417367989,0
Kohima,55.34077268733396,141.93621667042183,37.748724380675704,1575.0003604540993,0.8542643939487955,1.2042136200627471,11.752510778334615,0.4764338443854842,1
East Khasi Hills,29.48164724492796,66.11971967299371,37.02158370475348,1559.6176393980195,0.306628140656514,0.24790704844678702,2.472118421290917,0.49027746749348877,0
Gangtok,43.24146326771294,100.19082669410611,21.54020527061426,1125.110496243661,0.945569826043113,0.6683983175742805,0.5136600507427779,0.8139376590113678,0
Churachandpur,16.74345809482209,41.23336390050147,34.08177071132795,1048.2096343215826,0.49812635958224777,0.34271538688723924,1.766977615363137,0.7597739602292314,0
West Garo Hills,22.3916394163463,228.16909406236135,25.695952287828458,1537.9086404381771,0.7989857382813839,0.6939140301613432,4.288337204377513,0.5607772173049714,1
Churachandpur,39.83246440398965,508.73757659472017,24.21905189891628,684.1459658086775,0.7656395084779966,0.5306192406703003,0.3802188276705146,0.5083349810884683,1
Gangtok,162.55729535860496,537.4459574047473,37.32986425786666,500.6495982370134,0.315278516236547,0.1312524573473203,2.3450136525197522,0.7770913281733308,1
East Khasi Hills,120.02093631207474,188.35420248490277,27.823655409926754,395.04002620472033,0.29381976466827214,1.8938627318243944,2.9568227169722494,0.30445830352744635,1
Upper Subansiri,18.78905261706613,92.28434319590973,47.18105720434301,1343.5063061354667,0.13212794632707345,0.26974662641066294,1.3310718739664669,0.8747576545937316,0
Churachandpur,17.000948620089325,184.49985198323225,35.35118883699633,1856.5736532742721,0.4046654136162032,0.3517850677905384,1.950038342239547,0.3204020430090916,0
West Garo Hills,45.87155936846126,401.66401377627693,14.237573394391445,1242.5189325982885,0.10690245997245831,0.31098998439965,4.540255736886553,0.830438422593233,0
Dima Hasao,26.33907525303246,259.69943400303316,52.77710454411052,1358.482430186105,0.5370938430067024,0.8657629502517905,7.5788919551549405,0.6076312818741251,0
Aizawl,16.04588969405881,122.11223962772948,45.916875422792764,888.3331991841559,0.23001767192916883,0.13134048791313557,2.0196533174294498,0.18949168216924037,0
Kohima,50.528970744461844,126.3026790160711,40.77954183479094,1356.1867711045995,0.8208130351274648,0.025479520449188265,3.0318903872914467,0.625334730737381,1
Upper Subansiri,9.091885232910887,40.04858345701156,24.9252721453265,1282.1403430599955,0.43286511823602275,0.22351141729157514,0.9744942112793149,0.2555669081008056,0
Churachandpur,67.49680159954934,203.0193142397758,42.09351143264792,1489.7250986613726,0.26230180906569295,1.0019726651632808,1.0163804930157452,0.7029704181423362,0
Darjeeling-adjacent-NER,4.725817051108432,294.1234886422496,32.349920676883045,50.0,0.05983900746311754,0.2314365645384342,5.482189658248917,0.48936566010514837,0
Kohima,107.07431916288492,139.64056744100796,39.101012851247454,1457.1115804834099,0.8387350133176595,0.13004917773283373,0.2596755852683511,0.23865852107912283,0
Dima Hasao,52.83533458571392,87.75378858653525,51.63853007250363,1578.3932651306206,0.5025786066453768,0.38545353158439505,0.5750672327589107,0.41294438402777217,0
Gangtok,23.646447715854652,324.93964039645124,18.07354339220656,1564.193501366498,0.5748027793740492,0.5350744186811347,0.7864141225410697,0.7080877613755705,0
Aizawl,134.99667377946454,316.29348106352035,38.944606433609984,1127.2582829353942,0.5734553242727196,0.24852168931638935,0.24777330953976617,0.3891813028669718,1
East Khasi Hills,91.4172843445254,90.07446022228888,37.652051306674515,2253.051675128503,0.7475322950524105,0.19123218243567544,2.7536669134867715,0.11517298380190483,0
Dima Hasao,63.25224546446062,91.97443733207513,17.80001803208922,1762.4646640788765,0.540363647929432,0.18134006155002244,5.9184191071772165,0.6445709080476569,0
Dima Hasao,60.97834805383005,284.870842086001,30.740498534426933,2070.9729560657997,0.07514924694721752,0.21879712964454942,0.06841505461932644,0.45071606526348673,0
Gangtok,12.531087033415108,141.25563108799582,44.87004863603105,1472.0420299011566,0.8924470064191012,0.7397677214502842,0.726864612277824,0.7485905816517551,0
West Kameng,50.58667725574833,152.3377305106613,35.09670128954841,1200.7018527594537,0.5510320982955824,0.2635450373070547,6.333520763502279,0.5230684595195232,0
Gangtok,85.65089464584668,194.89386242871032,30.664371807416394,1554.9833622452768,0.22531944603953646,0.15095871938807803,1.5666720374598384,0.41792405670837846,0
West Kameng,62.87673343617383,180.81612567507986,17.271181883154174,824.3795974408038,0.4164644507645488,0.08051121687256724,5.420796260918928,0.531924878480374,0
West Kameng,69.96343222047045,71.67801803876807,22.98391513141369,1696.964087722044,0.790629615786829,0.13285768683282054,7.2077557451444925,0.7706290128558846,0
Upper Subansiri,43.61507807008642,76.44696348912193,48.95538813096275,927.5998316771538,0.47768438703211274,0.2485016585572188,11.758699918934095,0.5449205762983852,0
Upper Subansiri,70.99737364571413,259.19540889577627,44.553380538671746,846.4807961507966,0.5350233217213481,0.3174646319449925,1.2592752691643265,0.45820475461676174,1
West Garo Hills,74.1972319757165,108.77458291626128,41.187992544778716,410.24728297065974,0.3930542217837589,0.3886043764767019,1.0500853225541653,0.825821080751456,0
Churachandpur,15.850919375784454,295.36190317609015,15.31119032402345,1803.605489444775,0.3661345819711971,0.02962201520022194,3.4521561537802983,0.8023618905320796,0
Churachandpur,43.30087029571236,293.54789139753836,46.567131652372964,2408.5158891948367,0.6337504287288283,0.3799089481671558,2.256951388115041,0.6025641405747405,1
East Khasi Hills,31.83413761976664,117.68649831894886,27.411478420095236,2020.8439488793738,0.22698478145166331,0.17354162092300693,2.691175695602308,0.6225615628702499,0
Churachandpur,85.2525294435992,153.39230712096554,38.394406441813125,1740.6203388088923,0.26726590809427025,0.11880742809289718,1.900156337736851,0.8243034923812881,0
Upper Subansiri,12.477295320045128,213.42128185491663,3.7082245658621185,1757.575993038617,0.6485185798348458,0.1608242570081085,1.8045945924697846,0.837666047509734,0
West Garo Hills,8.456907561745302,154.40433330588533,43.140886858899904,1736.950433446943,0.5656639066926906,0.6138537703362298,0.9457240596528738,0.6177722029378994,0
West Garo Hills,67.07550311265312,170.33645015642074,26.35405163973861,1124.1174712968639,0.3710265688902274,0.6504059376690994,2.263379289472931,0.8473367401064612,0
West Kameng,7.951970776436124,265.0082133830939,46.81578630792601,971.1475950386385,0.2711808009329437,0.04381789420533668,0.780671708466562,0.6214727708031629,0
Gangtok,44.95053219214598,189.41482227840436,29.04018318551112,615.8139275354943,0.6821218327397672,0.2730204532928727,1.0988172970679535,0.10881761521168028,0
East Khasi Hills,123.01228794240406,75.69071352302856,43.366399539578644,2317.1681051527457,0.3925783809556342,0.30158237029265295,2.4896506887756,0.7845055550333347,1
West Kameng,44.220916838709165,409.3696439040995,14.488433180008279,1079.6902862617271,0.5427211300765491,0.012272049932638935,2.530805327585944,0.8200529836444463,0
Gangtok,4.987363990553397,97.42755800346906,35.95143074362,1285.4780286486107,0.2743375462809765,0.5050127330550288,2.151649277690232,0.7058348243758755,0
Churachandpur,4.886533788426651,120.4691960013442,29.070794640842898,526.0678435614927,0.8878383441734788,0.18278380163760197,2.807743498382979,0.7452893609357242,0
West Kameng,13.978580014211495,216.97580452306727,36.74044566649714,735.6019592291811,0.5169316806797263,0.21651236752233546,1.327202744223037,0.22431239182983234,0
Kohima,42.329380248749175,173.12540049267795,32.439000975697084,609.2861206561666,0.46915517573237947,0.37656995124395753,2.2556776648136805,0.5465283184503786,0
Churachandpur,17.328680753378034,33.928572474868346,30.620238359021492,984.4491067874426,0.5985085685822823,0.25315243752282857,0.25034111522067815,0.4888802128126957,0
Gangtok,10.576389004483836,211.44230834294342,41.91321608755679,1582.6087213689552,0.2265709511433419,0.5512509681888863,1.6527862850819255,0.5842987510109832,0
East Khasi Hills,106.0296065503902,95.60880947056772,27.478457214399366,1479.7882400760127,0.39532653259310274,0.3623961998350823,2.204990919663624,0.6978629646123296,0
Gangtok,25.885261019167398,118.09811534099138,22.248222444528857,1561.0976655872003,0.6259883624042094,0.10249140321738864,1.37134577823247,0.7579769020680363,0
West Kameng,67.32865219004003,81.69301580632667,29.800173837381845,1190.4708653196105,0.22992164715903587,0.8175921849992197,0.042776301778433085,0.885560838538713,0
West Kameng,14.60263758711806,177.91458200261457,50.14544229303682,1649.2787748733226,0.5623015174247549,0.09723279136150476,3.018291327590779,0.6807189586290436,0
Dima Hasao,15.427395739352939,93.41957737337343,38.4293608513477,1111.5415061308775,0.6341079309048612,0.5000524213896961,1.519670994579335,0.7660997708096122,0
East Khasi Hills,118.74739274096294,421.0956705670823,36.07140436381241,1473.654588035991,0.19655512090924565,0.6284896407540358,0.42309940999515044,0.537348035907171,1
Darjeeling-adjacent-NER,27.430473167819823,272.2626206049938,48.66685553512434,964.3870034437074,0.41593603389167083,0.4662627903492318,8.98552826969189,0.43244317186107223,0
Churachandpur,36.006589173793905,288.1864989198614,26.55306157801235,1862.5530203044593,0.5161453804696722,0.2191372934937253,7.136184749409594,0.332188289863346,0
West Garo Hills,6.186705173547165,120.20086747668918,29.86934108975208,662.9981959266969,0.7469131571032744,0.8413395344660298,0.4319769460459265,0.4176693143170364,0
East Khasi Hills,91.36262458016333,465.3754844795653,23.163359369453666,1875.9294315510303,0.4817250693297159,0.1588200741212548,3.0707220506415305,0.8645862277168911,1
West Garo Hills,45.54305935398571,152.29259417706135,47.39848835724558,1417.1567393505934,0.4178844638863911,0.46471831005072667,1.8220147824770203,0.7915525795223285,0
East Khasi Hills,154.45557754427097,173.79544690013614,8.182344591559634,2110.2922451122317,0.7701910331723997,0.8403904968450062,0.8537507777642223,0.8475048915389722,1
East Khasi Hills,34.72696398205182,144.60811399199943,44.407387378954546,803.6029337120661,0.23731946519261335,0.06757008072215903,2.8829767570019955,0.6272680604791914,0
Gangtok,60.05624829486044,184.82578123479558,24.938692466625724,1061.5507283640754,0.13260076025186296,0.42295191540451926,1.4847299506328127,0.535447274217097,0
East Khasi Hills,66.66765670124244,405.78528273761134,43.586692466724166,1044.9951795813013,0.6410590606775018,0.9248894966708809,5.71941013265271,0.4484611512838353,1
Dima Hasao,47.97904561121607,191.34064088749295,37.52522269884413,682.0320923005935,0.6693186667244987,0.04351600820855578,3.04039246306153,0.5973376790230207,0
Darjeeling-adjacent-NER,34.45271410997246,62.694555886341526,26.86421929552653,2383.624030356701,0.6931175902333854,0.06301407977202475,1.771087624328323,0.5266759219142758,0
West Kameng,74.88349155938398,272.74933389475814,35.50006650040826,772.5693197385635,0.5992148202220684,0.19009049506324072,1.5031719513407882,0.6274660815837612,0
Aizawl,56.76840890299775,194.97875968298578,42.198929487630835,645.3540727709309,0.5840119443774615,2.0676719536387167,0.0802124372932943,0.630689259226357,1
West Garo Hills,23.408990384026744,100.91890325431488,47.31707734766784,2071.343283473555,0.4388063935988457,0.1014080045111123,0.4384285902113456,0.6808639463172799,0
West Kameng,96.4196279718405,212.46581487060845,41.66790510562439,1659.771038051456,0.9201267506024869,0.15705128837853516,0.11531025814507206,0.4698852928751179,1
Aizawl,72.7189436179448,152.21768452934296,41.81774623664153,1085.735355336968,0.13737739870782256,0.7209584807701601,0.16382645887477743,0.7992348968623431,0
Darjeeling-adjacent-NER,34.374599448889086,135.2067598864399,48.96263489964793,88.49054424031601,0.37694020022307845,0.05604674658157008,0.1736225245164151,0.6014319714468989,0
Darjeeling-adjacent-NER,48.763963440105904,157.03886211748926,56.453865890214175,2228.4147277849406,0.4292310322254598,2.2297737565671034,0.03545607748803916,0.8016707634860435,1
West Garo Hills,64.17145669745865,216.00723248348905,50.356698889440366,2367.5811076294035,0.44803190501420903,0.5370819954997516,3.917699024083535,0.48662247925377544,0
West Garo Hills,54.59061413945492,163.87768446534255,37.69748438625839,1566.2346001220915,0.4692117894097231,1.2793387467590607,1.6279584553837085,0.72733393609528,1
Darjeeling-adjacent-NER,146.4577226694343,180.56208772368902,25.818325131025446,1512.4546639403663,0.6845997446933813,0.06237998314296888,3.457227123149803,0.5819118439354611,0
Aizawl,36.23911755382565,204.55498768430976,14.640597613924497,1322.6625632330804,0.2633116463061735,0.10581405810865119,0.4589791285854333,0.6412113829773668,0
East Khasi Hills,48.337910592636696,150.53183840527555,39.153003565818224,942.2080631898717,0.41604888537558543,0.18530644627516413,4.600499352904312,0.3694501182997677,0
Churachandpur,146.3461487731224,104.39975195828072,21.931733680616976,1926.093422417765,0.24394733628503243,0.020943376892288992,0.2470857263640882,0.6830601123138274,0
Kohima,65.8134432904664,60.74900908692535,29.385034365868563,969.9430071612063,0.4515170938308237,0.025044586504620964,0.9717529374045026,0.8721047271397426,0
West Kameng,68.12058470026618,301.3002605124838,16.164351944099046,1534.7330480153705,0.6170339897018479,0.9366194479662371,1.1578805063674087,0.7294967145203937,1
Gangtok,56.8644869951339,210.49669059064982,56.03627917272735,1330.8903578084,0.38368368991357665,0.017475549562589354,0.6720885785396817,0.2584339134777403,1
West Kameng,24.74591084861586,294.206363426577,31.9052139736116,1192.9229295619293,0.7743567452883949,0.5544532682833722,0.36923129709082486,0.9304996853401402,0
Gangtok,39.31082044772526,178.26022525098384,31.39028860538691,688.591925949072,0.3057689311733099,0.5058322775306204,2.4727238078402105,0.5495108445132573,0
Aizawl,20.836223159618722,340.0545566374533,33.39422944493386,483.0311165532206,0.8401726592132213,0.030240696895812675,0.021313719517858813,0.39465412669185884,0
Gangtok,85.94574306402835,224.70505604872392,38.46521577044478,1496.6860719298018,0.9288088382011179,0.08312258969826969,3.921186598469994,0.3104480815218573,1
West Garo Hills,66.33124406142996,114.87842839470007,17.17369223268118,940.9686399174898,0.36699950068577314,0.24265372866976653,0.10810612653099869,0.7349819859626008,0
Churachandpur,31.198284519740184,99.37015393059427,56.52266105396303,1286.7030297316976,0.10842453561134574,0.4105060683219275,8.313880220084068,0.6988925753938908,0
Churachandpur,52.839694543831015,110.80771117658436,40.88805543121766,1320.26401877466,0.35903313293729516,0.9046803382567342,5.06767366875839,0.3965926175675258,0
West Garo Hills,35.51309887518105,191.72223301305925,22.366606064451556,1385.7525346334955,0.31569625526996853,0.2993218216274716,1.3384748249267067,0.3952349874581845,1
Dima Hasao,52.13520493034586,183.76357258619143,51.15935095760411,1128.0452336369137,0.3055937686491752,1.1018478102991691,0.3849389884622489,0.47950077942251995,1
Aizawl,74.33147235042536,133.22769948134828,27.7562043836784,1589.01985106393,0.5212012691529888,0.08441459963601347,5.112814441506476,0.30685826442713127,0
Dima Hasao,47.32910147687874,85.24097509880579,36.6757023214633,1150.9574702039774,0.13396813925189285,0.3899707032675208,2.5831026969241826,0.4908402257755255,0
Dima Hasao,126.85117941934591,179.3816425449878,49.16192557791015,1055.843937676641,0.7773254440572143,0.7448052297935321,1.7568673775503496,0.701867993348013,1
West Kameng,22.67174472032485,188.7652723986705,57.511927744455555,1643.2356229083973,0.9848244090271417,0.10627673764648914,0.9619785804938065,0.7427006433207609,0
Darjeeling-adjacent-NER,18.13134167971112,278.9899221512081,18.182432889673592,1216.0176610778515,0.7001316089883487,0.6214978688240786,2.0597511077944715,0.8550703485405058,0
West Kameng,35.32658714686767,40.38367236518931,36.413038881703336,1339.3589277975825,0.7099827572129565,0.20452311410664703,1.3409740594756123,0.5216748770226199,0
Darjeeling-adjacent-NER,81.99536907369792,176.0109208162324,8.883757217559097,1767.4786666238842,0.43880479849911885,3.1545541831447066,1.5654344471430945,0.30421728872444287,1
Kohima,55.94431847317585,79.49812611091363,53.561187079726814,1453.2902920279148,0.4198824494466542,0.03840681093073886,4.66812786903084,0.2079987029035641,0
Gangtok,9.382009588035324,89.16230396324008,16.458515595333534,1759.1347758006436,0.4705707081985249,0.3223224246177446,7.6160538816279235,0.6776166544259611,0
Darjeeling-adjacent-NER,12.893710891991924,96.31136215838865,28.11770770897538,251.39865732442274,0.5147044242587521,0.6112076746264403,8.220893038224448,0.33116262753398823,0
West Garo Hills,131.24114522238577,49.04130281281854,30.190552183193123,2785.8757892393774,0.3654360359860498,0.451047547376104,5.963128828873443,0.8541060426347556,0
West Kameng,43.997876485170906,189.3961185224807,56.64743415081211,1632.325584962508,0.41713950928714416,0.2817519555768749,4.052037360425446,0.05590492886301517,0
Aizawl,85.72799604361308,170.48978320389088,36.27872176418752,1559.2896846457168,0.6312722071083023,0.28788598288814765,1.5112711439255613,0.888283771667367,0
Gangtok,39.24566558774668,118.23162367785461,41.293520683998445,1117.2084608613968,0.5626920635671441,0.20796643120455985,0.23095591993608347,0.7595332544564098,0
Kohima,82.58374208619072,169.19733797332898,21.875147141336935,300.0273568997453,0.1735001290637177,0.16760281004303293,2.4897662555318534,0.7666855734020693,0
Darjeeling-adjacent-NER,30.922292052121204,181.42657855700077,15.422639362966015,1631.2059375063834,0.26595818136308497,0.3602324553159932,1.2855123833903181,0.13007100532997043,0
Kohima,19.645228881848027,135.18539048518488,44.11061783272962,1865.4391579548655,0.6324767588828041,0.5519141670794704,2.9043190457970396,0.2763182527459834,0
Aizawl,59.527829570957245,64.85848264236779,14.816211461055468,176.88993513196522,0.3893272264140394,0.1309965754384419,0.6236708726775217,0.7961828543246939,0
Dima Hasao,132.22836026147792,143.17779268549413,12.111070144829359,1731.5216490121327,0.4952019755218936,1.1721193511635366,3.6175530721676035,0.9221635602450184,1
Churachandpur,30.24761943540745,48.36835425383857,55.9012903079436,2126.4055046965987,0.7858524561544215,0.18153773398721923,0.4678087448926469,0.4910880325752043,0
Aizawl,15.592721661965944,169.85811602167973,47.761038602418054,2102.2361450883473,0.692939796649227,0.22764660797669278,4.133142351838451,0.5376318589634551,0
Upper Subansiri,118.64189832941582,205.11063903042475,49.38779014119124,1518.737367959983,0.6907007145113775,0.2118267477067357,6.067773901355026,0.5563244061020988,1
Aizawl,8.611480525901097,91.98928134869149,21.17417849128895,1153.2129297218185,0.41998473812827297,0.04721612646021836,5.764195557218247,0.5987900156386249,0
Kohima,14.31251819382009,114.77939164748815,46.46879271895955,1768.7292819320378,0.5191394384331709,0.04927905073218634,1.0639113946480159,0.5653642936963346,0
West Garo Hills,14.554606289702097,296.8834983638046,51.493277305394955,1448.3186391341553,0.6852424922002512,0.6344271399187843,1.2349682428070956,0.7568607240514015,1
West Kameng,73.26985690835659,232.22003071500887,7.91355541274439,1418.7698091705918,0.4748750301671777,0.19206898982694182,4.552021110850825,0.5695660602563776,0
West Garo Hills,114.3318769525749,187.88926453949395,45.00797708111338,883.8816172413867,0.4949718431639646,0.09733217480551981,2.9454195797678544,0.5765494974839165,1
Kohima,72.7241623078064,136.54708673136832,21.00972335158122,232.11345533352915,0.46717986021473973,0.4919904411390407,1.8699557524933037,0.6366047728081968,0
West Kameng,34.49903498203841,54.9746361722344,37.236659128818594,1714.273877894389,0.7984808885850952,1.284965882261608,8.083539419803104,0.7971667657226655,0
Upper Subansiri,53.727116092204085,46.47575250273975,45.20560670565523,1005.36257066349,0.7969810705150332,1.1045955998616854,1.8155401164288778,0.5994151092718488,1
Churachandpur,57.22358407496198,69.49170664201014,46.95852326837928,611.9162018881586,0.8942461816830344,0.5140833621900555,0.6986803526706793,0.7434644906394615,1
Gangtok,71.93500516378263,71.58110678940626,47.209092246300656,532.6783778431095,0.33198178927294064,0.08509045018558241,2.847850924375419,0.7166883230626293,0
Kohima,69.72279303692406,345.85359097946946,36.42411805149487,1091.1018481082406,0.49401785709366947,0.06693822085671072,1.794806037840766,0.5252635557196653,1
Darjeeling-adjacent-NER,107.77757415160802,281.48475986412774,24.33330527029772,466.22523447220544,0.494675572328878,0.8191972065244854,0.5701790807252586,0.9677232016208486,1
Kohima,24.96059717675655,40.637829238701514,41.298228887589396,1847.1802149189125,0.2893864770590961,1.3167319956162133,0.413457105099157,0.7750744438485756,0
Kohima,72.27246984994737,67.49211677443836,2.4471217550963114,1524.9367394060762,0.7365236297861162,0.3894818300127744,1.0965249413736384,0.6221410641629647,0
West Kameng,29.661055790014956,170.04911535869073,35.38931204790914,1870.3355622010254,0.3454825456646491,0.926084226488034,8.820342298809674,0.6957800598550288,0
East Khasi Hills,66.07765191406307,171.6459806545604,33.37785029440452,581.4975743576645,0.8216019752859496,0.674721896361843,0.39386950805037835,0.588628382893231,0
Aizawl,49.535880615120846,146.64043083375753,24.65147394416683,362.7061548323942,0.8345659486377283,0.06690040992871156,1.5939241356853695,0.7147625287716985,0
East Khasi Hills,27.155996664492072,187.46074524599857,29.48803543198819,2254.207561612011,0.8206902201453988,0.10091035123336052,0.9897547519979919,0.4408040104130051,0
Upper Subansiri,36.78818776193699,282.50767395143146,45.05384825968333,719.7073085450527,0.262034415047211,0.028065645236393957,7.162658650738292,0.47974803324992354,0
Darjeeling-adjacent-NER,15.37979650019479,166.17423032276747,27.220008075850625,1257.285422082795,0.7355163139867057,0.25702490736887745,1.1849999378062814,0.2922753434643963,0
Churachandpur,6.887415503312725,187.5170846856529,57.357097301097696,741.8529672474857,0.5806980013581288,0.1565942345367855,0.6412851590816059,0.7691936738734272,0
Dima Hasao,34.16279694353019,214.60408648417962,35.00417255707895,706.804188279976,0.7982691137127861,0.22208242753807098,1.6262720515142604,0.8538365757471468,0
Upper Subansiri,158.5644160338468,304.83903535121595,40.80115884889586,1556.9293544156444,0.12245159441864721,0.0034806810316123094,0.41716293254356096,0.8890476458823654,1
Dima Hasao,6.9146574652889,215.854838070622,30.297259342874977,1122.758973267659,0.2836084503103419,0.5109673932912427,1.19283025437077,0.3313596929894496,0
Dima Hasao,144.81972493394483,98.69907173690363,52.86730100729001,1988.1996106127963,0.630026308597348,0.08954336569656092,3.2962430923965753,0.33431432672117295,0
Churachandpur,18.003767421262165,204.194944683987,34.905413844368255,129.79444612997418,0.6471539390118236,0.18371468662573728,2.286613770418636,0.5879332782243631,0
West Garo Hills,10.942043727199847,98.32709299452934,42.38654335783767,1189.3375854138617,0.5427525083951292,0.2059172540235991,0.02751466608973565,0.593863377813456,0
East Khasi Hills,25.036702631200768,243.7580692924504,43.07657857197495,893.2656843039099,0.5049522479599159,0.02741619585398497,1.7224769747831767,0.17772745984191046,0
Kohima,36.27967244821785,251.9483142066391,40.94654554878657,1052.579051574592,0.20836541139879422,0.18197650771050444,4.193551189334828,0.605801535100581,0
Gangtok,42.48826224212387,68.32335192957453,19.639877716802943,1094.3539546359539,0.6057809134505663,0.9204220959457301,2.0684092280127353,0.5895522927721278,0
Dima Hasao,5.968361403501738,89.98621437399773,46.39232143115058,1585.9029469501374,0.8503240249415506,0.8947319204332793,1.5890790351159423,0.502799255750982,1
Darjeeling-adjacent-NER,30.97529194861898,362.9074749215258,17.118585313487642,1088.7386612855835,0.27909464400474204,0.0099589167201364,1.3406810641045839,0.9668289788001131,0
Upper Subansiri,6.303242363244646,134.1963774362708,21.994233414658282,1094.921754398675,0.4881989100644776,0.012096986246043957,1.9232052836429308,0.748593541390699,0
West Garo Hills,48.510702472150804,200.7494648794043,47.46806853064249,2245.1577827433457,0.7213752496623953,0.3605270336374647,0.19213320452490332,0.824234478404508,0
Dima Hasao,119.4763315130405,338.5619820001926,19.46206595969574,468.00714176189,0.6699623470340306,0.09167620717847186,4.019441621571201,0.401221012585177,0
West Garo Hills,38.07491743990817,134.2802264912158,42.52961801106491,548.4873156795603,0.45929771566919175,0.9151231709939682,4.854372616297756,0.24590584984847533,0
West Garo Hills,15.220683707979157,165.82950353456698,30.47250057590861,2314.362988181947,0.6957470163048607,0.26377218363620014,2.243191980134973,0.4864595783621708,0
Dima Hasao,14.181184574163655,33.76986112090995,21.501338290140556,2225.3567086166668,0.4300586063449599,0.15768724212265,9.657565947526448,0.3019685934309343,0
West Kameng,37.097120968572845,159.45855604044178,31.138937580712582,123.95822124114034,0.8113267126850114,1.2254068009210064,2.025465628714032,0.6668436747999789,1
Aizawl,4.913336713962707,109.21097192625,33.93734159584473,2485.82187955538,0.6977042850664641,0.1530480993405611,0.06885129596719486,0.6666002787466944,0
Darjeeling-adjacent-NER,34.28020072682404,110.43636848356503,34.26556699983014,1547.3632264273722,0.6450515385088823,0.15475266042587232,1.5583724580134959,0.8954850713831776,0
Kohima,36.18626051261194,219.99394735543075,19.72463366827704,774.8796587777491,0.4947426735098751,0.05713133927991224,1.2765786483450936,0.2820177950159647,0
Kohima,23.545927601422843,317.9859204860004,33.52280022705661,1203.2875570359063,0.4716277229229776,0.1005411156926507,0.5394672526635071,0.9181820514128312,0
Darjeeling-adjacent-NER,84.09553547092062,111.03142747723207,36.190421412807645,942.3145999610797,0.7944769457304646,0.5716651962637419,1.9113241263108314,0.6396191043100665,1
West Kameng,23.842842307263563,214.23720497477308,14.639366234176746,1200.3930862905684,0.5730625018841125,0.5704230939495724,1.5164425060816966,0.32857020453194935,0
Kohima,53.70008812420197,41.48694290526785,17.569423690735526,951.0029403304461,0.8196747951906371,0.19549447806831158,0.46931421880887697,0.9584526194784366,0
West Garo Hills,56.329078488885465,48.695513015481765,48.155000656132536,493.54151495460826,0.5786153724501054,0.17192881311929822,1.7635605339127864,0.4146165070721305,1
Churachandpur,104.37747581470124,254.55303006606374,20.375390007755808,406.9051189099217,0.5873409144453985,0.21678524330207602,4.495883834422918,0.9318942392388329,1
Upper Subansiri,40.44617938645887,75.86910835218053,35.88261640479554,1329.107544763018,0.7595495930444299,0.14314848352695209,1.779579340851454,0.5471289941856139,0
East Khasi Hills,21.399241142662547,122.0928028397848,36.652886061135675,719.6697895480163,0.6138817572150966,0.37438755620170805,0.6129036038347078,0.28042320722733416,0
Kohima,45.40281537874371,90.50252903679716,26.323541660934964,345.7953639163793,0.4448378850175731,0.7245787236624748,2.8950193028360998,0.7122058820519718,0
Darjeeling-adjacent-NER,75.81154343924096,99.819698149138,42.09314182080448,1518.9054533055764,0.6194028673436239,0.0037671281336433718,5.096690230690247,0.14793198169878988,0
Churachandpur,76.10076659454799,220.42632490148068,29.390160230068282,1512.522626137138,0.5905096975683681,1.0995930788459443,1.0583020536879897,0.11734696818352294,1
Dima Hasao,70.49050045883811,168.33483046866309,38.28451240864209,1512.8583158661786,0.5290878800565252,0.05020414615448543,0.1842948820312905,0.5894096943025019,1
Aizawl,25.698419491636066,466.48361879711666,15.593749844129386,1246.7016700513761,0.8485208291788291,0.9198602550385259,6.158136026979852,0.7737645488013709,1
Darjeeling-adjacent-NER,44.67304616029606,219.71521058027167,27.329710659207304,674.0536653021351,0.6465349001086751,0.10639813538396709,2.8659845100385137,0.7047231078602683,0
West Garo Hills,42.13056658047734,136.89631076194294,29.813128827694953,1922.1150557936767,0.6361166721424215,0.9957229694166261,11.901390996974591,0.7141621396488382,0
Aizawl,82.5034037751455,167.60131857510035,46.757803758310146,1728.8631299924925,0.6149446946358956,0.6192074834819015,2.964872586977829,0.8431111540018449,1
Upper Subansiri,13.501808134281662,149.9520125917477,56.59674992570632,2537.606700887348,0.33588463005007685,0.1254293964025813,0.3315783447396373,0.8295314321962716,0
Upper Subansiri,69.66859254250839,323.63530737940596,12.559408140026312,1956.198705970905,0.27858283860003363,0.011473514476153895,1.4191277951817551,0.7742124118934307,0
West Kameng,50.93235938716337,98.35525885160688,44.42082055845926,1391.0897315118752,0.6242247460809209,0.5032916433742581,0.10952218414687243,0.5912117623695834,0
Gangtok,199.15356724209408,134.26622115265846,52.42797173352237,2259.960010412318,0.08447021192848696,0.6898558888236795,1.0444552128224582,0.552220365647072,1
West Kameng,83.07192779966338,275.6170874932835,52.277277743536004,1244.3280758872395,0.3930921297193403,0.4554789330552327,3.846205528154512,0.6937522712283811,1
Churachandpur,18.906183553699645,75.34609476929559,45.065559696532766,1249.254171399139,0.1437028148053304,0.1922908047412896,2.027737127878222,0.33108381037593915,0
Aizawl,41.01133360569222,52.510911250908826,12.906721136719181,1171.5685469082653,0.3361112492263899,0.054507607046468724,1.5355674125619667,0.6653826592265935,0
Gangtok,55.06626828831206,133.5453873735172,45.087331591784704,897.5762000920305,0.6662728885434849,0.1705011060498997,4.70710419843766,0.880210655831454,0
Dima Hasao,26.51398993193675,153.1402762860149,52.4484417154434,2535.290069131077,0.7936562985173363,0.12510914160547432,0.4873134228809127,0.7877546012192258,0
West Garo Hills,27.18998481373903,123.22855307506329,37.65977538382867,701.3907006856248,0.7357957171870703,0.5136246725664664,1.9338525210874566,0.43161467302062917,0
Aizawl,86.20044848737228,53.062900701024546,19.437928087907128,205.4009629729435,0.33340162383180866,0.06943714532828686,2.605928782790591,0.6376824285417374,0
West Kameng,25.327370284138567,167.0131076298678,53.13782393184405,920.2012001161165,0.8714710484380542,0.6849041848279127,6.501324731665388,0.3654142491532684,1
East Khasi Hills,149.6718230916605,74.14126504368447,38.89732091819569,1419.1595241658397,0.6274662651851032,0.37864071779200426,0.4467969166489232,0.21913635502383652,1
Gangtok,36.850664159039745,98.88961410729439,14.57454730789168,875.4410251159663,0.5326629656141364,0.2635513841176427,3.06628829546862,0.5534580516003675,0
Gangtok,4.833992534566621,65.2999689464209,44.89799790150771,986.6752661648659,0.48022529672099884,0.17865995521466674,0.11726122658528133,0.8081495062691029,0
West Garo Hills,32.93262245756264,66.35816504510055,26.301225804812653,50.0,0.5289716512884393,0.28329917826123213,2.0940595186957283,0.6142661056534511,0
Kohima,33.637816124033435,151.19819728884823,20.374983457107177,450.3840066238421,0.7989365913774042,0.3107410264543567,2.5890129811680387,0.828459467739062,0
Upper Subansiri,52.10037469364763,212.5877866234259,14.748081700736378,409.0689891513349,0.6422415371810805,0.10819098738321348,4.5802490070275494,0.1901861591589541,0
Upper Subansiri,28.759666937612145,135.83083858021251,36.10190958081002,1702.3944324699198,0.7677712961394582,1.7951171096962968,0.9782846413921646,0.7275983376622942,1
East Khasi Hills,31.987100790419632,65.15514364841347,26.48487327144328,359.4753837243261,0.10787220149626166,0.9611728708091237,2.98252783945006,0.8261444660122869,0
Churachandpur,61.345654568807895,78.19615193852064,35.768102060640615,810.0940972160123,0.5253531647119905,0.1982421238950892,0.24319231065309668,0.40179780929937015,0
Churachandpur,78.20751726885845,60.44656263579347,26.58147703913211,1086.5497689574752,0.2612662517475897,0.11722344522185708,0.6293544487543384,0.7768002798185827,0
Dima Hasao,18.717110224089097,94.68933605830966,25.570595715592205,552.8121100994762,0.16272454699170608,0.14671630531928231,3.7124456254578324,0.45053502908979987,0
Aizawl,38.99782130148782,92.22378324055155,39.80989751735941,1365.5847663921388,0.060290426211059754,1.56817942122865,5.579219593490783,0.8434466270137817,0
Darjeeling-adjacent-NER,5.703309249924379,79.99606876159731,18.59301437767879,1469.9534598120931,0.7774809327257516,0.20906789786640687,0.04095606445738237,0.5307187117775998,0
Kohima,65.68597365794463,168.3897866527213,32.68694717988402,2077.129083316915,0.31424500355546303,0.9718497858376202,0.45508654652020997,0.9547452643766673,0
West Kameng,38.09535662408247,354.1596339268302,55.58134530830115,1201.6284373289554,0.7522666697980492,0.02433492385917511,0.5898184827823391,0.6430557468962306,1
Darjeeling-adjacent-NER,33.50576169586413,110.63410054954363,32.87595393698979,50.0,0.06064739025229011,0.5998682771361317,1.8317394491227574,0.6556646748463442,0
Darjeeling-adjacent-NER,48.204444157378326,97.06705286610111,31.917688481394524,853.7161105771012,0.7730339587680876,0.5744055554471055,0.4186167768600748,0.6027343383811734,0
Gangtok,42.53018093576685,144.8799992746043,55.81790898742481,1029.3970780005654,0.23876026146107737,0.42105798405268546,9.330912878930016,0.583558870940477,0
East Khasi Hills,33.629903774045005,166.1582553138409,49.523764764484085,1973.277376191401,0.5951407056974013,0.051641970962263264,1.2269942950813166,0.6211054068668703,0
Upper Subansiri,59.887395353306,98.78771968348418,14.540421795203633,1062.9622350586317,0.47811418030073277,1.5938219298707264,0.38526154452886296,0.6922929423504793,1
Dima Hasao,43.081738546855334,220.02648115391364,26.503666281000587,1444.3543688518482,0.2203603430013235,0.09569878920945198,3.72063648203424,0.7165865555709496,0
Churachandpur,162.62462036222968,209.65157039674932,51.517760038762624,1018.4664978267192,0.42870877764162924,0.4947528091668296,2.0627649884740102,0.6877629074664007,1
East Khasi Hills,110.35679265715682,240.10365494009844,10.514487174952201,1524.8619290667757,0.930136803554364,0.5568866608382109,6.136499059445847,0.45420852369600506,1
Gangtok,64.44597224232486,165.42993974032095,28.68943519801858,821.3057190469335,0.7630048369856417,0.5707114289705966,6.856472966287611,0.7860557145081916,0
West Kameng,31.718761219258045,100.63917948691466,38.529908359185455,196.53641830763775,0.7416141869197737,0.6994915092725097,4.842887811645657,0.26214255741016157,0
Dima Hasao,19.464790386716693,78.50371987960186,18.885940327919105,50.0,0.46206504394439696,1.808481673733554,2.0772362375316265,0.8101183993232476,0
Gangtok,60.257439539652054,126.44969626110483,20.088419915747526,1504.9839895621153,0.7545950816935318,0.0403659880500474,0.6295030334536571,0.5383662475450354,0
Upper Subansiri,118.61133655653866,251.63655812537507,50.20152461814016,1396.8491674612835,0.9664099143395113,0.2556069173622371,1.3990864418223294,0.12293786791846585,1
Upper Subansiri,74.41689925617226,67.3821410499421,55.61196568094701,1441.1914812649652,0.52860553358616,1.4730084593781472,1.6470923076597634,0.4202171627942884,1
Upper Subansiri,209.543655674574,141.94160649436267,34.48623483472646,1271.2917703464955,0.9379803435322372,0.8551175651062449,9.27517672879062,0.5646468545351403,1
East Khasi Hills,8.94875238131695,351.48048882855824,46.853372350058194,50.0,0.637238767077799,1.8676865454654785,0.7279239320555743,0.5235753247905647,1
East Khasi Hills,95.27150636045819,51.07772954733609,26.624872783394363,812.0931289680275,0.2502942912476793,0.34932559769872124,1.4261146868211552,0.7783863540096547,0
Churachandpur,34.94609392936695,61.93437897774464,40.253293064797916,1139.7337379028368,0.5997101892922518,0.446933822356809,2.065805068129816,0.36744051155341684,0
Churachandpur,24.657951339370555,256.3051777479222,14.076699090367628,762.0583583153857,0.6664256416988403,0.12250320569107383,1.2404004884140756,0.8189890518065969,0
West Kameng,82.85246758299579,206.03425277004268,53.48731992280009,1541.3838864170002,0.4217464454924228,0.2452394569964841,0.32134764535298643,0.20858770850563318,1
Dima Hasao,26.362454849222477,337.2219999689848,12.267544954601567,1107.0350113267884,0.7545937251781955,0.008468537315076982,5.528245880940816,0.36273373806916037,0
West Garo Hills,33.09349102094008,247.93034050044787,46.51809683776986,1594.8282998040968,0.5262754193160829,0.5087876060953412,4.038795005830423,0.7249954997335106,0
West Garo Hills,47.28390763266341,562.357230762767,36.92562730901981,1893.0912622427074,0.29480026563491674,1.0408137968543436,0.7409514909318677,0.7448115034423984,1
Gangtok,79.92986508341225,96.4017301253368,32.55418006440269,1466.2146417102306,0.18526109411389774,0.04758066683556678,1.4831485835067062,0.7539078501844402,0
Upper Subansiri,37.63850706562343,142.83563128822166,37.18437666158082,1301.4679282530167,0.6314033288386823,0.24233148558150264,3.3225018531583483,0.43795562616371736,0
Dima Hasao,48.797059842075505,269.44781745772707,37.03329079167901,411.4121267027664,0.027023352121038426,0.3903816332312502,9.083193888839528,0.5330836488754845,0
Darjeeling-adjacent-NER,26.057552438505933,178.89498551329012,26.613183165323456,1235.4255706143524,0.31076381146912463,0.4000627165225874,0.458340901298788,0.2514624927699614,0
East Khasi Hills,44.12415931406861,328.04651728300576,30.64195736636964,238.12513910490975,0.3635397012537179,0.14641987852467717,2.5401835567510767,0.27829299140404856,0
Aizawl,84.79318779207273,89.56074933537815,37.45472528630525,476.09349695902506,0.7887914447981335,0.00799319856935605,4.2532154642031355,0.7289173670239777,0
Kohima,67.72074928429903,342.6934573376719,25.174019776097797,1373.8029386304145,0.5271589359758285,0.8750431472138498,0.0656123714447039,0.8027576469223591,1
West Kameng,47.86397838958089,99.59001974903907,46.49321262495407,440.6142119583593,0.3975274650601951,0.038506162945021065,4.164844006521379,0.46585726505347447,0
Upper Subansiri,26.10002299437139,214.87092705066206,44.57572167178024,2561.0504614780716,0.5841428425484281,0.07825013801986953,3.9004508547477474,0.7762326609438663,0
Upper Subansiri,12.368758539986368,173.23171290639215,28.10091603256428,1748.221574230833,0.7732932784952405,1.316441724605627,6.425585221310906,0.44080136674892967,0
Upper Subansiri,99.77425727191829,173.47667732349106,33.14334897995933,1229.781878189772,0.3976924032966017,0.2775575996887039,0.2205034598981051,0.4995723560671656,0
East Khasi Hills,10.450994138962704,202.87819791559548,52.73699405435002,50.0,0.5010758256594648,0.8287066093828085,0.3317928067841161,0.4506543896393562,0
East Khasi Hills,78.03245231246964,23.96758918405541,13.358434587445712,61.287257620149376,0.610475677831397,0.908999132404429,1.8280754306278466,0.43071835707870865,1
Kohima,37.82880726245653,147.80896321776717,32.48041540154704,2567.3639222864776,0.7286754782707155,1.8203973025880373,5.132002323798361,0.7463859790663784,1
Darjeeling-adjacent-NER,35.0783579785021,99.38147695752338,32.24701704922665,871.2092789383122,0.7439792055719434,0.016621151589439012,5.1888343698230175,0.8343341352944922,0
Dima Hasao,15.380576924005263,153.74922368366228,58.476123986110835,1910.197295641326,0.8358382003586741,0.021782555381785418,3.0104633630800763,0.7957871946694192,0
Upper Subansiri,32.53478778705376,173.066668801162,35.54347699739227,887.7859893303931,0.32409451890550595,0.08464515564848124,1.488880952716202,0.9055431202769836,0
West Garo Hills,18.1741470909971,246.87932754255849,22.18967321034621,600.5533766150701,0.6222613993536807,0.427308857634129,0.6570969138695189,0.5871278325357799,0
Churachandpur,50.744951148525985,58.20175072829519,27.783633893303946,560.1940315446467,0.5791486180790748,0.12150610051821183,1.6093708873634436,0.5797938443311665,0
West Garo Hills,62.24205874233133,199.2502120971618,46.72694003975604,279.03781753688725,0.44935585222584307,0.2737740888719178,0.61176167507922,0.6416803653612272,0
Gangtok,11.157780715857415,58.3927541625533,34.282181329496346,1540.4081138893187,0.18092041418695157,0.617380425170539,3.707230037236671,0.8959187545530529,0
West Garo Hills,63.75771644298308,240.7287174715649,20.059599235500702,1428.3127187279515,0.5821391693604914,0.08221566901822751,1.368322502633417,0.4106473062533945,0
Gangtok,71.39294212676052,78.69123351226301,42.50695032859519,875.6876993112662,0.6370954804534859,0.13468426047737353,1.9378575518368126,0.9070879539148701,0
Aizawl,47.275007503729846,146.07250789552745,48.47744662380256,50.0,0.45558736106270975,0.5200843042354402,2.8558888538484517,0.4172869305444671,0
Churachandpur,19.244690508457637,104.63667717633221,30.780114675149278,1050.1667097913516,0.317851900083084,0.003086224251786641,1.8686175970218664,0.5422538842707487,0
West Garo Hills,98.68333472447226,50.36804464208838,27.099054443685656,1536.34581966999,0.5654564485117298,0.5665042570256101,3.5193856416703713,0.5746108054369449,0
Aizawl,42.823695697674765,236.20132604414044,37.60970689419723,2525.5776803696162,0.7704780264068317,0.4511482660926814,3.8551770227274824,0.297163897107646,0
West Kameng,113.0915021534322,168.14816580308732,15.764772778635068,1814.8294802446976,0.33366542876201777,0.0555145582286706,0.6951031313674337,0.7724255636663836,0
Dima Hasao,85.14877810121028,186.59030705896376,46.032890625710166,1315.3300343627163,0.2778379977099562,0.11181052717617355,0.8850536130742668,0.7003466393579808,0
Aizawl,49.31950829468111,95.71533878311601,15.866962432907485,692.5920659556232,0.23200791745935304,0.006209677021090608,0.15288382544725448,0.4000232776304612,0
Dima Hasao,26.77011941379721,132.55919827941722,36.09949967399572,1947.9766871987385,0.31735897864354046,0.34834844532363346,0.23356635518033628,0.8436522731922766,0
West Garo Hills,17.085330903350524,164.75768810509774,16.960018555207316,1268.7494541324056,0.8562709626065667,0.20239716641680838,4.42219952333196,0.6196193860681453,0
Darjeeling-adjacent-NER,71.86114717939495,51.39722107004063,22.599354582084324,1294.9630518788817,0.2197038042306336,0.22026560600862224,0.6019951903461561,0.397843848569711,0
Aizawl,13.139530622749174,50.48896204032369,21.403271494871543,1908.5214357057575,0.44564931189372126,0.04356224680744689,4.4994316375238155,0.7008642731477125,0
Churachandpur,28.89010315114197,208.88538264059025,42.545939089183605,1053.899220886047,0.8869735964513322,0.17373676799120638,10.650094293980935,0.48875520197870714,0
West Garo Hills,43.236787969050525,25.410321610220375,10.60138757342261,1738.2155798060276,0.16617353869017162,1.0053136388938404,0.6953583648304709,0.8333102094815202,0
Upper Subansiri,91.70601229716561,188.28314117155597,34.91490688135039,479.63681920008526,0.11517265014118191,0.026770709791910263,1.5421942137562086,0.6097371507770231,0
East Khasi Hills,5.582993995315201,32.51024780649023,37.63411146609635,771.5402535114429,0.521275108551585,1.4748823558189073,1.9254021781764254,0.3886812586729668,0
Aizawl,47.731099084302045,216.67659042361075,36.97790418392113,1482.9405885858885,0.5366187995244277,0.7535752693697794,7.153811557152836,0.6531621920238581,0
Churachandpur,22.444149937819706,184.9319776621288,26.039238790717484,1164.0874203888866,0.6474522161054903,0.0907551660490678,0.49195449382117185,0.6789484629475167,0
West Kameng,27.31714089814633,58.50136625572345,42.1695651665383,1043.9137619998783,0.2360964837845093,0.4888844449708991,4.519421878803549,0.5939299116464724,0
Upper Subansiri,90.67224374334691,165.04802905953315,39.50471261138321,486.78859923609355,0.16898548762959345,0.03814055865854545,7.912288152565693,0.4251626801807894,0
West Kameng,90.52294947272546,211.62247374305784,40.83038454387935,1776.457988694583,0.7594785479534437,0.06958220919859746,2.020926953555211,0.3473969449245574,1
West Garo Hills,51.04753399381511,101.25755607716928,21.36714094774435,209.6482401017273,0.223573895771633,0.2677419440675381,0.4133457836415316,0.4006596573173718,0
East Khasi Hills,91.47167192846445,118.1602211841857,36.81858954637833,1726.0033816759735,0.8939696900283459,0.2046344100544295,1.0154304504128675,0.7769833410251749,0
Aizawl,99.41811531467776,110.5794337333999,28.92074612190662,1230.5682504464714,0.3128285960645454,0.6750218928065079,7.991140846943086,0.4147318187335635,0
Aizawl,19.057168643233137,95.74837287579078,19.186965947810307,1239.9157220657917,0.48694015071827446,1.1204279926127405,0.4604778247637739,0.4354158217369246,0
Darjeeling-adjacent-NER,104.11765003316498,216.08039051047484,8.101090421650467,1170.3215146902837,0.7098721866882004,1.144588303507467,1.6717840845042304,0.32516785412605836,0
Darjeeling-adjacent-NER,149.61309670803323,215.84764478090474,39.98748762764791,681.2592987640721,0.5438423439370212,0.06359965704481997,0.5263691251765104,0.45692505414192225,1
West Garo Hills,14.968166502284271,60.690650364333926,50.95914024941857,1178.9863916721988,0.48608588740223463,0.4636355715806946,5.861781999075819,0.8068194348952725,0
West Garo Hills,86.57838178248849,299.15847375630204,31.669017791819766,1419.376145627775,0.031125978136886633,0.3383207297413043,2.231654827514162,0.8114816063625742,0
East Khasi Hills,58.79560310642383,140.68626694795248,14.560823591495158,1447.2714937818082,0.41025368069680773,0.1849604459955492,6.421174955584714,0.29004961083056013,0
Darjeeling-adjacent-NER,4.052625525275079,192.0405115262856,21.365286836895713,1140.044475802588,0.5625933693234183,2.1058379380728143,7.304817405363363,0.8543570918495434,1
Churachandpur,39.951400671038634,475.15279976127,45.86771240772306,1132.100112566831,0.509545562426833,0.2435556047714239,1.678310712693908,0.38272556818226894,0
Churachandpur,5.123083096120685,135.14524099710937,51.28541773352221,1127.6693049641876,0.528145982716261,0.43784572929997617,6.915625205859937,0.6796708350114856,0
East Khasi Hills,18.958074900774456,147.905386050805,25.34268694099613,1046.2685434492291,0.8795851493630253,0.27953872057836543,0.0017711424917875545,0.5634556840380758,0
Churachandpur,72.88703625525082,118.93004315592152,37.628790842287735,141.1754147689037,0.27833460183880143,0.043436931636362655,0.5333111410680303,0.8122081651611235,0
Gangtok,56.33930905391647,55.82843879648938,29.808299161390615,887.706433733382,0.39822300430498325,0.060841221526589606,3.310632467588355,0.8491584985609684,0
Dima Hasao,51.08647647096408,108.7988895538379,51.56061241974199,576.7208163385753,0.3851236272712395,0.5547470274188292,1.8689461897770605,0.7080401482695236,1
East Khasi Hills,18.866909462254366,112.18731306992856,29.515462217551438,1102.797136294038,0.26501257859600347,0.6471571407531758,11.763017709942078,0.6689468545010412,0
East Khasi Hills,18.00891340741797,20.141137925069305,39.525538871605136,649.5640172782751,0.3075100034904579,0.18090830900418628,3.8344693782484107,0.758990621905379,0
Kohima,56.411137749273756,87.08919394279019,42.06420587484921,1406.9448952405862,0.8420404273508737,0.02772251873969407,2.7275419310812534,0.8135122842149689,0
Upper Subansiri,53.5578511370586,69.83301667477309,29.180562859166425,1912.9666282440412,0.5684766142312175,1.258672543947811,6.080842571443911,0.37598373868863966,1
Upper Subansiri,66.18598954037701,107.6786177051001,30.34677159027179,1008.17030547279,0.7417449353707289,0.2749236197550313,1.0282087806323874,0.4234744924275438,0
Gangtok,98.36786982120155,70.87009576652171,36.52817234663397,1363.3263934114034,0.6653566277916813,0.05761666441527356,0.45854198053419293,0.42442456845509613,1
Darjeeling-adjacent-NER,33.36940102217481,255.21626318674885,49.271607599653485,916.1095144021855,0.635788369356691,0.08848806512412928,1.9800986511483012,0.6152692338898292,0
West Garo Hills,33.58419717226088,122.90483620237396,23.87797810972504,1138.0276520827135,0.8299141760492607,0.01856846679453174,0.6810775360798504,0.8069400305983023,0
West Garo Hills,111.2756910747186,83.16587972416235,21.799717625096285,2016.4616305184488,0.37395047562799966,0.49495100992225194,0.6611699490001501,0.7751719388348531,0
West Kameng,63.03241709552447,267.1653339237064,47.79765181794679,272.8452505267446,0.6862393121696753,0.48708550087173097,0.9142920622116262,0.9809930842694204,1
Gangtok,58.16054551402504,199.33156471850205,17.671367164936328,795.4395127011423,0.28717848581422656,0.3690285686056896,2.810892656035546,0.6031851767996382,0
East Khasi Hills,29.29662656575589,105.17641171252784,45.46671348946383,1263.3686553967607,0.4786919312912734,0.3161278862195127,0.05968206854994596,0.7020830338316211,0
Gangtok,58.72716119854091,66.00717663958632,42.16793861656933,1099.8205546301226,0.85276589558734,0.1921773423677313,4.742607511877188,0.42319450320965885,0
Gangtok,40.649645201154016,335.03972107303787,27.001781742422413,974.9342139302557,0.30229191976300246,1.2033940156515575,2.367176138224286,0.5343637494701795,1
Gangtok,148.11521666214992,124.0463964550442,32.30147681326339,491.96414797476916,0.5708562003995364,0.644818987798708,0.9076465053439526,0.5000519539020389,1
Upper Subansiri,53.865468494763036,205.9009593393319,45.42000523035517,1459.5039563482642,0.3006522293076804,0.9527454098779876,0.30007039670147995,0.517254050160389,0
Gangtok,87.03467926345073,241.18594621532625,47.98787166674917,1139.4130827544723,0.24508458439365058,0.14938854050633718,3.9019118055076296,0.862185578304442,0
Dima Hasao,86.62540339915947,513.7544078310257,25.041450239186197,1585.7547829439122,0.3635870584223816,1.5318766281297138,1.4336752786570566,0.24039767756534516,1
West Garo Hills,47.28464238063315,119.35700004775681,22.06598989145195,1823.450428863097,0.42681288617596086,0.07229726452650378,1.4286779794911828,0.8396976423045325,0
West Kameng,15.66205807084865,109.77727481672532,25.721169536671034,1174.8314901092526,0.47476010886653286,0.023167141803619416,1.588283895027908,0.4210117171265701,0
Dima Hasao,84.22815555663614,115.30813917000626,37.917298154764815,1995.4068618928163,0.6723024208576984,0.15417115517259108,1.33587331210125,0.24026958973892962,0
West Kameng,43.46801085348198,170.5033259266406,38.72572743701938,1827.2552494606539,0.5297432350130581,0.08990139487294266,1.8002425714404122,0.6070485221244488,0
Kohima,32.172352604968744,234.356329519745,32.51369641613099,938.1321336275255,0.6178881283225999,0.29152924563771304,2.490042285098563,0.2152687797966474,1
West Kameng,46.28815395045135,72.96350812031558,45.61769991590186,2078.727091589742,0.31394650752414477,0.17243580931031108,1.4097419538517628,0.2785333018111332,0
West Garo Hills,14.874451306486375,202.24852443994018,15.232138472815505,1593.6398388656833,0.31734239829018873,0.075374217172331,9.011610815540338,0.7315114088196032,0
West Garo Hills,42.52978246303582,116.06832840018848,47.54325833177251,1966.809648279225,0.145357318334451,0.7438226128105851,1.2670707389373437,0.5620025637165843,0
Gangtok,39.99474122309316,161.80931460504465,36.91493881550559,102.78650165168551,0.6101336602314579,0.2836866591840802,0.6033947995114275,0.8522234393695637,0
Aizawl,60.92084321157295,338.51937931862795,30.372617030084132,1602.232786082494,0.5151126004875567,0.04640231862094324,9.793318552803784,0.9589712679024224,0
Kohima,31.452475332043363,234.71514986475205,37.413208903317276,1386.9833524380156,0.3247552667484239,0.03132869596459212,0.8778333329538128,0.5803958072036052,0
East Khasi Hills,57.10740255197441,324.02259331240435,24.093288559716356,709.8225713025677,0.5403375592407769,0.1932715052736236,2.4242862015733726,0.7923819232872285,0
Churachandpur,73.0015564591355,118.28630107493825,40.95886997852004,300.8196658067295,0.6006366518173328,0.9543123799310289,4.409385529783595,0.2980293694034697,0
West Kameng,59.00988840177859,354.2325360536463,34.256783916222204,1109.7200969127923,0.507615876977925,0.2837105433659956,0.009906472641145116,0.966296066487616,0
Aizawl,11.918853611087304,264.265771385562,52.01992990556264,1229.9638091616282,0.2140738364391943,0.059927214184815336,0.8311174442843273,0.20703898417927039,1
Gangtok,38.071516988217,158.82825428058075,43.9813831361534,847.0420693941237,0.2763539163212853,0.1132807300517998,1.897247894804174,0.5161859088358226,0
Upper Subansiri,61.8904524419429,335.01028707286633,37.60102517602268,749.8988252264639,0.7678989213705838,0.02029838232074478,1.5214725383115877,0.8430410432393968,0
East Khasi Hills,76.94340901101917,199.9730747597728,27.329758468874374,870.4972389338838,0.34364419652164824,0.7131364254998459,0.1889578762649658,0.692062529037877,0
Darjeeling-adjacent-NER,23.51494967665289,125.81328851962715,39.010077470119924,795.9526800086908,0.30189526209539574,1.1678958809542213,1.4812480328704343,0.39565501815867665,0
Aizawl,60.41631542217285,120.44090142626229,57.032955255126424,1758.6038174989258,0.1888102411993944,0.03240325304398924,0.27998309396946,0.30573217693611787,0
Upper Subansiri,31.955162757978993,183.9307133352918,20.70806561328847,718.0395246311343,0.38088332098810807,0.07597103891520963,0.7187709369311555,0.5708116343306081,0
Kohima,40.56540364281291,214.3222062499728,24.13119413574891,212.94050017421762,0.8631238662074199,0.07504729727951581,3.4536459347297765,0.48515992685805504,0
Gangtok,9.075358740135183,244.15178386103145,32.5038668946507,1671.4587340954529,0.3496989386499765,0.6512571136093992,0.49177653720656356,0.8423668914742499,0
East Khasi Hills,3.9055730255227648,79.57811990300723,27.867417043761755,1748.5074524332808,0.22675611807002408,0.7312174638760114,2.736154497977554,0.09645500888940292,0
East Khasi Hills,36.94304299158332,181.3928761411567,30.997177066395402,1127.789064957068,0.5202949029216454,0.217390279264106,9.023341762888368,0.7260112622703448,0
East Khasi Hills,23.605104326417468,122.81662361017354,16.52638648793556,523.3826697553181,0.6033750194764318,1.3937922266739609,0.7091692806674774,0.6237140220752624,0
Kohima,87.24572514239398,127.27098836948446,49.43502312809439,50.0,0.20591533599423986,0.12015930412689602,0.7512335865977432,0.6840690389541086,0
West Kameng,67.86642360679215,79.69222765880227,45.15515496691865,1220.8914696678232,0.8546737503528582,0.2978774350269543,7.6489407559020295,0.43380687349686,0
Darjeeling-adjacent-NER,77.2978978276669,79.28224316371983,51.711843584236284,1507.5892121337001,0.7450156341042773,2.2385254558037206,2.7350995629842156,0.17966355307027843,1
Kohima,8.014823618156314,55.11924296488031,53.04607027690552,712.3028240472709,0.41711226416854585,0.7020256307721428,3.675319720726033,0.8578762531671055,0
Churachandpur,27.00876948982975,167.10917586469742,41.893457699170455,1681.214178653826,0.16789545842560735,0.26713578585705483,3.919702935527156,0.4238458419529711,0
Darjeeling-adjacent-NER,37.14610807728836,312.1746017147793,51.72255377078468,341.0470325969907,0.5234595436752246,0.04595142402850491,3.272019408351049,0.5505469501092375,1
West Garo Hills,14.230236897203913,40.30231855856699,47.295827854362244,1242.8986818510957,0.8085216719356549,0.9388323143441695,9.408748306560788,0.5395575206090852,0
Gangtok,59.671565792632975,256.7137718665466,56.34853902146942,50.0,0.864559656707903,0.31246433435443566,0.8030812639436026,0.4559786530721283,1
Kohima,28.54732659576994,231.01074828959875,17.956887777372767,630.6866166802273,0.05195986807155685,0.1474686231092825,1.8264447946253395,0.2508980313252868,0
Upper Subansiri,53.070932687690544,152.16110626181347,27.15102013434157,148.70326743517376,0.6342881788629862,0.24002215919802944,2.7271939112630053,0.5960241443314764,0
Darjeeling-adjacent-NER,57.88984626609178,248.93880872008657,9.359471177014939,1538.4693693054398,0.49142531585900845,0.14896393496718982,3.071185767713998,0.4795451820944442,0
Churachandpur,40.10451925542995,258.00816470591633,51.6365184404231,1404.6438547975808,0.5066967574350685,0.32034239453518804,0.5334625273831957,0.3936545262609194,1
West Garo Hills,62.10683149996525,210.56814012786887,35.73829026727728,2669.3397356621754,0.43512938702428267,0.12749619741905946,5.208770919809584,0.6846823525412941,0
West Kameng,19.393513113591982,237.0763278518282,40.982845234723364,1316.5562320684471,0.3877688200316978,0.23622436777569972,4.215053428124977,0.6148381654666684,0
Upper Subansiri,49.50503205932068,181.0482000591029,13.833269937253018,942.1413442242609,0.3961882086162845,0.22223176217537965,0.7668853842978295,0.5852351370160893,0
Darjeeling-adjacent-NER,44.97377136580449,343.865434249483,46.525155195159094,581.1928879024572,0.4807861681155283,0.38291718406346065,1.9629710649249472,0.8645170903892618,0
Gangtok,91.2716515133124,149.35474426009424,5.340041051730395,1791.4841294945782,0.4765746856573298,0.0057069259426662435,0.8728617608511275,0.4957464871722673,0
Upper Subansiri,9.004293890796825,226.89241734157628,26.161128519284915,2785.7270249343433,0.4418117821722199,0.3652694374277319,1.1388224084625966,0.9481606096173756,0
West Garo Hills,50.158307086815825,190.9082238984985,27.721581616740764,1805.4006936253963,0.3496341983591478,0.3596886723750377,1.9066139201456407,0.6448905371627005,0
Upper Subansiri,44.26376272046939,104.39155402353681,55.17132498721693,1327.031223059411,0.4001117413583354,0.19922186265074426,1.9385149417533216,0.3563594136036799,0
Dima Hasao,33.15390903962132,111.50673623847811,53.0816163850353,1241.8657691343733,0.6045054230219129,0.11342257943279783,1.898531798565633,0.680964060079563,0
Aizawl,8.17687083790713,129.50432379691944,34.80176597892597,221.03613286180462,0.81358070670949,0.7311652696382875,1.9645770884105813,0.7234002955625869,1
West Kameng,15.24268326235671,337.14587413435686,37.43339620527685,1727.8645729340328,0.528720264667166,0.169115777620416,2.5274012525350606,0.45564018980531146,0
West Garo Hills,28.889658993299594,138.9016760770415,17.714134628211056,769.0997005284311,0.2606591789664107,0.14942929575764727,0.03957888290906133,0.2824071656254683,0
Upper Subansiri,50.47347152024676,311.14545229885505,19.443022861195068,479.0480101047019,0.8181512172508525,0.2488272616298254,0.376540998427945,0.534241144338541,0
Aizawl,16.39707403029807,181.94652107652703,44.11093505887249,1087.6846054460154,0.8410525408284066,0.13028643740685616,1.5885036928484875,0.9230165382097163,0
Aizawl,86.05336288559047,187.2651009840436,19.37710023420524,732.5955358813711,0.44942013779819673,0.7105828813029939,3.080849232364282,0.5768823892063356,0
Upper Subansiri,40.99558294643615,152.9224744396246,26.36718058746914,645.6865880611589,0.26208430873312255,0.33291597097876824,1.7796390382270144,0.4768064601615733,0
Gangtok,71.33042643759165,388.7173369689968,45.18552094066525,906.6610476240421,0.08650567914970193,0.5615864171122036,2.478494947657122,0.7018435184590918,0
Dima Hasao,106.10793524930591,143.73957937016476,30.959031240296543,65.63741683669673,0.5336467882849941,0.5471967743973507,8.824940017296546,0.543760224684129,0
Kohima,20.22569167563174,403.29905521097066,40.49748965012456,1043.7044481960886,0.3907218247169647,0.620858944036399,3.273942673086653,0.18030649099473614,0
Dima Hasao,2.3095959420450676,33.83333745745722,46.26196015241576,1344.61088751631,0.6631072501270888,0.8136522245386548,7.027977052018643,0.6169024686974679,0
Upper Subansiri,34.948565750389506,92.04024811136576,48.46535699559067,606.2309498210325,0.5612898852024171,1.0076202087148358,0.04797104803171994,0.6828978359598682,1
West Kameng,15.528757852201199,233.75462657789694,41.93697976353939,2008.3295600960525,0.3761748840803499,0.19354955061200824,1.4817101522957539,0.6966175528592154,0
Kohima,153.9267678674952,287.35585674874454,53.92413137210511,856.6651351904864,0.19653635490906468,0.2345916161977828,1.0943857568967883,0.4960487245028029,1
West Garo Hills,45.354203377590075,233.68479072665627,21.66826199617783,553.2529173519322,0.8768626332815115,0.020542116460334093,3.056396046868666,0.37050807927187696,0
Dima Hasao,46.29521827974941,85.4627836511505,15.369491051134117,1690.1587296127368,0.5018186355600784,1.0398920667528184,6.628103200446099,0.7268529799719395,0
Upper Subansiri,18.8875349241452,141.47054580978204,16.531108771621728,1238.7042007844648,0.28242373021971623,0.35386373798046356,0.1027898511979105,0.3567908419687023,0
Dima Hasao,87.09292550789088,87.44573324089208,47.98586029036636,2005.123273543149,0.3723093843343154,0.4983549336083913,0.147530896175667,0.7942488829067332,1
Kohima,62.5010313940763,340.7894855356856,23.53869083850448,2164.4281379547756,0.5734024156752109,0.22908413777503497,2.793230950063399,0.4631624501052078,0
Churachandpur,34.00825638586905,84.47806322194228,31.158903980411033,371.1292602362446,0.32270944960138515,0.256865992636961,1.0618282258294918,0.7874908607128925,0
Darjeeling-adjacent-NER,56.75584244432611,247.4729380047572,30.257051846155633,2535.7935895562405,0.7442050613166953,0.3133832292111926,0.5673169300381499,0.2269015746622309,0
Dima Hasao,52.105449124913015,49.95168859187716,58.15517857529846,50.0,0.559501545803726,0.6345948823701084,7.736915236563984,0.7957801251334183,1
West Garo Hills,65.94859039056202,164.53074009264125,57.16252858313391,439.0331524454614,0.5572626637885757,0.37969977161144675,0.03534598725519092,0.4825962402268396,0
West Garo Hills,31.711639725681668,302.0801260053946,45.143633798937294,397.95169510041273,0.846707543289058,0.6668486834502646,0.8004432702697527,0.20894187901449954,1
East Khasi Hills,45.40142828762558,87.4732422826336,24.07461138451075,2009.163903294762,0.1905105169039768,0.0976886758564248,1.0075285058121717,0.3982469586385312,0
Dima Hasao,30.72349641545058,149.23495411815088,27.7418685498954,1511.442899092498,0.794449622169256,0.09218755401016548,3.8171327047402324,0.9246562445381579,0
Darjeeling-adjacent-NER,24.43591526823669,122.64762074542642,18.742474241812747,1365.8140594401766,0.7754978130872153,0.09267880999565646,2.0623634557877453,0.7705831609393896,0
Gangtok,51.114781070901735,140.39881396003796,49.779217551392854,50.0,0.1984256713729539,0.0019422466146656729,0.9951322007534358,0.4096019615722404,0
Aizawl,16.34507369076515,101.30766532280344,21.003644255359415,1186.3825316350217,0.3816807622397404,0.07892387785955295,0.4650814015064756,0.6250203912583081,0
Darjeeling-adjacent-NER,109.8927794139564,173.6199995923376,34.11246431492371,2662.9188672545233,0.24753174673910278,0.05056416880080239,0.614370014502303,0.7971679017361812,0
Aizawl,48.0753718676494,317.7299009149844,42.14130424263033,1509.3430421289609,0.2714636157882659,0.24187460588769927,0.09860474764265334,0.5674223644518542,0
Aizawl,17.85564409724763,174.07090047194438,30.89772555900797,1003.1129773857398,0.843123980358938,0.054438197116534096,4.532933984015885,0.5814721733373474,0
Churachandpur,80.21721245270408,233.5345425905437,39.53664538490909,1848.7658710678588,0.6879847775003046,0.21504014393932536,0.3116002627936066,0.2208828132462052,0
East Khasi Hills,46.23791261107639,167.62533547618602,43.539332621349004,1287.4178421012118,0.30205718554036287,3.042860976348209,4.329671291427535,0.6840452185337925,1
Darjeeling-adjacent-NER,13.875019688716625,171.61984758166076,9.396175347702236,900.0554881387573,0.5141220210978036,0.2799616263038785,0.37466391338111077,0.7571570059143854,0
Darjeeling-adjacent-NER,25.215198603572215,377.73178805220243,31.845649211146092,792.4199545354204,0.49870918607936915,1.034229518798671,5.908702823408679,0.5676481586801304,0
Churachandpur,40.22244371259828,247.87537495797537,18.85215186618963,1525.3806204302123,0.34498072470976815,0.48414161610649425,2.8369782876915712,0.8202103926497387,0
Dima Hasao,16.231564935773946,732.4663071385037,41.29683063333677,1031.2410714386906,0.3919867465536234,0.8989386112974357,1.0847880026650536,0.6467929214882615,1
Dima Hasao,99.6600613055093,173.4784099431364,37.89418383614341,1300.2493836108424,0.26543356050482275,0.3929515705392458,1.2468058681074385,0.36605675206044863,1
Dima Hasao,51.75250025056859,142.49666794377373,30.581273921881333,50.0,0.6979581832101687,0.6644915717596929,0.8371441671006044,0.8349768605744778,0
West Kameng,53.1112441984927,95.17324118163455,49.221416543967905,1134.3165869335796,0.8534182277846059,0.14427339418664403,0.5933915788523618,0.8559311112459209,0
Aizawl,25.730435810109764,147.44564217637114,58.80686785584363,563.9134948006617,0.388210234276741,0.18602802935783025,6.049713725223893,0.6699283802142175,0
West Kameng,70.56614130786399,219.00858257479052,32.145119572057396,1822.308041675842,0.2306968038808853,1.29015689689135,0.5096417070763862,0.31337424953041404,1
East Khasi Hills,59.648799243049446,132.72870043662516,11.262617397712956,564.5417533573803,0.31097629429504364,0.12453522948032243,0.48380558919217675,0.6299715934230768,0
Churachandpur,38.83472099250353,208.42048825577393,23.508537989170406,740.8610930258102,0.30316505646152303,0.2188382102660258,1.1167488755513069,0.6815508307847514,0
Darjeeling-adjacent-NER,42.73490578025417,60.89556569166557,21.45542416535606,388.6035730218621,0.6595159095700445,0.42125538490155895,10.388210815957502,0.5277338718000429,0
Aizawl,108.70296907352312,293.36042667211535,47.60587988318521,1697.3593745740395,0.8097581226122762,0.19929750632772783,1.5633345662155267,0.23359258648396225,1
West Kameng,28.333839044585496,89.26242689395237,15.205870044006357,1510.2025267454192,0.3719252873443061,0.008466997941857955,1.0976076937238497,0.6082271460650592,0
West Kameng,70.83562897378411,142.47225424733716,26.31933376336086,542.0873255505712,0.37063402545806556,0.6285302023995961,16.34136534897986,0.2513423702015957,0
Upper Subansiri,42.37266574799375,104.69642910716658,20.119912959204367,644.4397562547578,0.2821236496069176,0.16357790646997858,3.368086079034857,0.9143230602726947,0
West Kameng,50.85381231496551,232.66046164026395,51.91443311084338,1675.6428591521399,0.2631077227548245,0.10333464068775707,7.234081705104839,0.8974415556784295,0
Gangtok,37.1793656661922,164.33827137912292,25.817825407674214,2425.754627801828,0.64847261562837,0.28173640596744176,0.7156178367738026,0.5562968367880746,0
Darjeeling-adjacent-NER,120.24187557514459,263.2273119162852,18.13806539336638,1468.7218894670982,0.13211708263248584,0.003387317401863372,3.508055602751919,0.7719498848755116,0
Gangtok,55.18389970334952,216.25349249279716,34.42629472256362,1888.9332688571533,0.5928059535995545,0.7977260990511662,5.532913541936596,0.4759757069179281,0
Darjeeling-adjacent-NER,56.22027031363663,197.58204529281383,17.742623966932868,1041.6024366325782,0.7484542997249016,0.12117241234647205,1.8841670934817838,0.7435355999551297,0
Churachandpur,15.080068655287565,104.13973773615713,15.378198162379304,562.5719803464604,0.46294426412542666,1.0242668307908762,1.3786106018761286,0.7723197056891111,0
Darjeeling-adjacent-NER,24.137948806882516,268.3787401528171,49.46285718784952,1099.5172629853334,0.17836552454665713,0.45297942580627915,0.8772909380649897,0.8963687393388289,0
Gangtok,57.08053546059438,134.55953354847983,31.114726827819574,1851.5282726564496,0.1670990390785216,0.3182038351417791,2.09413658940594,0.4829317412181009,0
Darjeeling-adjacent-NER,38.2516058512779,162.49593436728904,19.094321389982785,860.2579867561335,0.6647048141238948,0.6564858535565861,0.5334163702625656,0.4096023508725093,0
Churachandpur,15.850344556624757,281.38214921439106,46.80672071413186,992.1468932212892,0.07442963818792547,1.9996688877964592,1.4134081097948776,0.5825331150481262,1
Churachandpur,78.19207834199214,97.32702726495592,20.287617604721706,2534.9002393476785,0.28842341146529843,0.11571815595199211,2.868522051692843,0.39778845933993284,0
East Khasi Hills,16.879298226850338,169.9730849813142,36.50710293238497,2258.3235097814168,0.8938635660022517,0.17546159386263804,2.6414411237992845,0.6387658329820705,0
Darjeeling-adjacent-NER,131.55881488447164,187.5086872209798,21.61806356793238,1285.966273989108,0.9315186915831998,0.2649886499021792,3.009045172463006,0.9760918319063541,0
Upper Subansiri,62.51241343373874,330.8007218871876,47.05819475341348,1907.6365098520992,0.6832741604714844,0.3101575563896737,2.2080470914751174,0.57820322252725,0
Dima Hasao,41.37079496498033,128.05733922446717,11.589345169957873,486.6870222611875,0.46659274915560667,0.32205238684373044,0.006584559183718778,0.5378025465783562,0
West Garo Hills,34.92155217094478,75.4960007978755,50.01008442676063,1598.9666443401968,0.643732882033731,0.3184907905895793,0.06774830586963942,0.5779314447822669,0
Churachandpur,23.328511886550203,360.3276665919066,35.46411990296904,1264.0976978580163,0.6717507062644898,0.7046666159175331,2.1703005637069377,0.7110477215615744,0
Kohima,5.693152108083624,206.82767855722952,37.49846635269333,1452.9085709929006,0.5321065949746902,0.20740916096961795,8.450690092945448,0.141989228297922,0
Dima Hasao,20.94944207082473,259.8955154245458,26.636374544058775,393.3145368090828,0.7286357279585621,0.004412734018543155,0.5405733855108973,0.7553801979769903,0
Aizawl,57.25611442929045,197.57966606195015,24.47490575998129,270.0075616751004,0.41884408034472936,0.8340024885338466,3.1591550420805383,0.8139211579455745,0
Darjeeling-adjacent-NER,13.488013966625125,207.3243011130539,26.878468661364685,863.7583732520059,0.45023096197154244,0.4341823099796794,1.4193978487999124,0.735907373610293,0
Gangtok,31.401708401134638,199.37915539061083,59.78734884910459,379.8269892996617,0.8223074094412206,0.08403245835674439,0.37443077543465264,0.33619636998144065,0
West Garo Hills,123.23190884678377,321.5988650858881,32.51315374215248,630.3410187237052,0.3440685371225281,0.012019137812545655,0.08461203389992143,0.4208069423689796,1
Kohima,24.294055247979,410.95800841778293,30.271677948534027,2751.5859236999977,0.4754250679316365,0.15179022681612667,3.123952638162277,0.6001303142070803,0
Dima Hasao,8.777814640508465,133.53969424073242,29.947502839169,1938.9492733286456,0.5762145523853183,0.053160172187065584,0.3885261046279874,0.3951670591972761,0
Darjeeling-adjacent-NER,14.690597255806138,191.38177681967838,24.79921025596771,1407.8581521784924,0.4206125848659259,0.9085334290843635,0.8860848046289673,0.7923391465735339,0
East Khasi Hills,128.86254892564574,139.51611579106486,33.40871621828763,1470.0992287449785,0.763962783382448,0.13021801611391196,1.2828131427840144,0.6581758177441277,1
Aizawl,45.943420532151094,44.32494060483544,37.318089733882104,1450.2049871292625,0.1719378991003406,0.4892161636020227,3.0593597966147246,0.6864051228067812,0
West Garo Hills,20.304760533783643,189.062998514861,53.47745334846459,1085.4422022459594,0.7344955601406378,0.4291651419505052,1.226012315192413,0.9150435998819212,0
Upper Subansiri,55.64964838189403,318.82872142393796,27.368004118447974,1394.1396460960818,0.311519285670871,0.5006703297444173,1.2205831348469813,0.6551264065977116,0
East Khasi Hills,18.0686403544022,161.8489277202293,51.25421095863485,1768.172521309934,0.7549539749689067,0.3020450002136532,3.9525369253653424,0.3523760166450728,0
Kohima,4.068250940821281,110.45705789164485,36.247939827663885,1061.5485265816496,0.5231840328062519,0.5232606877960705,0.017514053637147742,0.7399891839909101,0
West Garo Hills,100.25672807030412,189.378937727222,43.776850437585445,2066.2925598848105,0.3735885131396775,0.287297477520325,3.5046062741243897,0.5219162110679564,0
East Khasi Hills,34.77797768437726,203.91074876516348,21.236947256496684,1053.9642550955793,0.7288259776271339,0.18967352633446505,1.8436862027587586,0.5820268738455988,0
Aizawl,69.49592824074274,185.06194536856373,29.922526538966764,604.57380826124,0.17530671227825775,0.7820159240682906,1.9504775586832377,0.755263756251598,0
Upper Subansiri,32.85835475296376,178.7315738945092,28.46312957941481,1357.3993432822847,0.17311082053182483,0.24553201301065655,1.0599272258913786,0.2137301389418666,0
East Khasi Hills,42.843155739062944,168.2035153711722,46.85300015549475,1084.4879644394186,0.16657944816536627,0.3357662166185349,0.24261813252731854,0.42669365680147286,0
West Kameng,42.35378405940138,117.58043728466706,33.943547244342646,1046.7877434306772,0.5136238341388077,0.2501994002318218,0.23806752837962325,0.7885035282957495,0
Upper Subansiri,54.67334171332122,80.46640197361253,43.86429613304655,1728.070752795952,0.527936404365305,0.5975494439533607,1.0419733676394851,0.5573418677864415,0
Kohima,11.669444216757185,145.1948126087008,47.95932611379638,982.0078414455579,0.09430104513102736,0.31039769348446455,3.186094286419136,0.7967148095089602,0
Aizawl,95.26537989778937,388.6960538252314,49.670054697285586,640.0647145209697,0.8408297301047368,0.25453972612026277,5.555889497690015,0.6071920709154908,0
Darjeeling-adjacent-NER,58.165000972247746,138.0940069306695,43.83562489180967,965.7924939937317,0.6514390057636792,0.11926827832140474,4.181272503803966,0.21044708964006661,0
Gangtok,35.06093635348732,60.167347715509,20.752967516768734,756.2637935855045,0.11719178568475454,0.970089808160417,3.997707835234385,0.45468432541441217,0
Gangtok,101.74796100732462,154.90104711465017,39.415770263963694,749.4934694592862,0.798144309925122,0.7956070059147057,0.014374322408300083,0.5068197579533376,1
Gangtok,68.6877903264372,206.92555264930752,37.80792337398545,1787.2000081922884,0.18785466179590707,0.2258971258682072,0.5317972933768735,0.7295397566857472,0
West Garo Hills,10.6819467000469,225.17960566945382,36.630611747043204,586.61157572706,0.11607437367844471,0.4311938897055848,7.255054260475685,0.5907485274467771,0
Kohima,77.20205801017418,330.8913156464692,21.576799133129033,1271.1389788277695,0.7235440286854969,0.2838026169020551,5.103753811417482,0.637515621358631,0
Aizawl,21.384382788397115,170.72208544399675,21.828419569398587,1000.6676206150968,0.3659074455750755,0.07752292526763943,0.3387780402354878,0.3626176302331009,0
Upper Subansiri,8.567287197107436,201.38388022009758,19.553813336252553,1134.0233094462922,0.6291422669279474,0.1886606368942425,2.5276468728962436,0.9878821674981941,0
West Garo Hills,17.626134720315058,181.00988706502685,51.14997130063171,50.0,0.1633553553708283,0.7675219222023572,1.4190489798203452,0.4307053385764313,1
Kohima,117.51530027687578,412.9560327328629,55.4964713346307,1586.2901627728681,0.8168391099948162,0.63868380489049,0.019283066204991754,0.47342135890097126,1
Darjeeling-adjacent-NER,66.66026882258119,516.9534565622685,47.39491234544677,1031.6377916001402,0.793482002540506,0.04325298238117845,4.025501580602439,0.7897040073124336,0
West Kameng,46.9336008879507,125.82692753655222,46.03702289348975,1782.902895425067,0.569909624437504,0.03132360245197657,7.167681375581144,0.5054205802891195,0
Aizawl,57.14937681282366,241.0492390334255,49.65642189292414,1439.874280480972,0.14317613754740927,0.7683376537212787,6.338751498263071,0.6570714337469176,0
Gangtok,75.37173013360422,389.31770951088845,46.721553045187726,1229.075707451999,0.7042830885655437,0.9182763853626548,1.2123934287015334,0.4132853822676324,1
East Khasi Hills,35.13943973639527,296.236446497638,22.08887144913306,1204.4441736332537,0.5426810040343496,0.13938813180487034,3.8757404795791843,0.6685929499050128,0
Aizawl,104.77214810844295,77.03394966004399,18.296020200039486,2543.680046957339,0.5345491165350471,0.17187434479365254,1.7227807583618557,0.3000714770650726,0
Churachandpur,43.04619310486611,203.38942190561104,50.98835946306289,718.148156365548,0.907186954128292,0.1636704782660002,9.778675596946693,0.4463093937010671,0
Kohima,7.849718887192057,167.7462847183963,34.09976765059493,1375.2539862113317,0.7505886183692666,0.05431340224987235,8.261484345551604,0.597053101786455,0
Dima Hasao,131.0698878993378,754.8725022893174,49.97599336724706,1343.306546767064,0.5562381953481956,0.5466133327643076,3.7109045568610606,0.683687760796596,1
Darjeeling-adjacent-NER,11.831172692819191,244.5888327119522,22.197050520443472,231.87959169288615,0.4752478407857784,0.1848687924871339,1.5934813720306527,0.5977409802168266,0
West Kameng,89.83534582269087,27.583305699419732,55.3558492076346,1164.675310385236,0.6293576525540978,0.7237099492427587,5.805356910524071,0.8272755527510723,1
Darjeeling-adjacent-NER,6.447134954169874,152.78756942304997,30.956013274557055,265.4873905869665,0.844727622943276,0.8431997920927634,0.6338682196644376,0.5090940675603168,1
Aizawl,48.14145891755162,119.3050187609148,23.465178724081383,1159.2522439971585,0.44282355075191937,0.9757903005352061,0.602698947228983,0.5512983082409076,1
Dima Hasao,24.544006684686746,123.28221325127562,34.74837561988103,226.41669404824802,0.8601668954259026,0.68137223295397,2.042448701863788,0.25890933804478883,0
Churachandpur,58.284723062240715,111.04722588672966,44.582414235740195,1428.7875197472792,0.7520894489840245,0.622189660243771,4.27378505725984,0.5108497794221533,0
Upper Subansiri,126.81016340108957,284.05188859035536,46.32786643675998,444.0681689427032,0.31330636009896295,0.23876256488894787,0.16028560158064556,0.7831340203378709,1
East Khasi Hills,33.82305281501809,59.48419214857333,14.063993833868667,1192.8711594043157,0.38365285957868855,0.010926884620567389,3.839277105874954,0.5784785410334794,0
Dima Hasao,12.204946169045659,231.9971905977678,13.508789525626272,225.31430746667831,0.984198338910011,0.04754162073001835,7.455725860491342,0.8136999888904032,0
Kohima,48.32801019554178,205.40914149320525,45.89212885885346,1485.3516217569504,0.5488839001930521,0.30275471249877595,1.9741340301634707,0.4961341820078534,0
Gangtok,34.55095527522094,275.4328133327316,47.96127372728367,1152.8629212816213,0.7142001600130502,0.1785307998053591,0.6005881836210317,0.4147217525449538,0
Churachandpur,15.125438944837544,192.04497448252638,15.178071483764198,1089.6154210179006,0.8175961486010607,0.7066280345215745,2.496950696589031,0.838064927216678,0
East Khasi Hills,64.8056348748618,57.054424262997905,28.250534736845754,1284.0235678982144,0.37279268729318377,0.331256900233408,0.5479659261140357,0.579633759269693,0
West Kameng,2.0101791843374106,167.86586565527114,29.433299769115678,1514.2577449111411,0.5122870132249419,0.04162614710465517,1.2376706509382958,0.5738485190053194,0
Gangtok,20.780491971888413,139.0215654922272,50.76188337977689,684.4290306219226,0.1823979719572426,0.2604422540132617,3.006853575719333,0.6674202683540771,0
Aizawl,55.629445494647314,267.2482398905064,34.49164366025111,1189.787809829291,0.0751998375417485,0.690305734745169,1.2005727175036967,0.5689577476503986,0
Dima Hasao,20.807630814765844,109.78499257685453,42.093964636058125,920.2371530338241,0.8144061629011513,0.7953467750228981,1.655897441661838,0.48023924395709283,0
East Khasi Hills,12.535213901821876,161.03862142377125,44.950641685940106,1981.21537083449,0.3307351782532375,0.0726362348866738,1.9700345278773026,0.3793056272535227,0
West Garo Hills,70.64598430356077,205.18726651390025,22.114061821829598,955.0470769819972,0.21670186202391287,0.04227745217152082,1.036602685795757,0.6395040364896201,0
Upper Subansiri,48.75219969938343,326.9963013785672,17.46882854569578,717.3743395617485,0.15154725192002205,0.19574999434656512,0.19847686682280316,0.6549597651328104,0
Upper Subansiri,15.80345446174715,98.41847757643514,13.144907481891691,297.2892373472862,0.3002300175949436,0.027104072155077614,1.7879580341866943,0.6963604798620427,0
Churachandpur,34.756827941820106,311.00248370687433,34.74038115896352,1039.5308260095414,0.6156916720792217,0.5183760470694226,1.6726632809062913,0.6533981465211394,0
West Kameng,80.83493112524721,244.24883649491395,20.586266699930825,785.4799116926185,0.1535692576043891,0.23734440720496824,1.3899599024277987,0.6845177349649324,0
Churachandpur,5.678192268947351,183.9298343282282,39.29347782539366,1416.8277395009195,0.6076877069814646,0.08836978375586656,0.5098381379312742,0.7666444362524457,0
West Garo Hills,107.54396794296616,87.56770266237673,58.604255105595115,1333.238351174777,0.45912509478886826,0.04324301694584182,0.13428783042451192,0.4080779266799392,1
Kohima,51.702125913116895,179.25114787286896,18.51992806165471,1518.6770840397064,0.7244187358504325,1.048852150321993,4.380940763630279,0.581343592984842,0
West Kameng,40.33505874107923,63.129050482427154,38.805291889235406,444.50522044217007,0.18553414539402088,0.017605765613094616,1.8999090442066844,0.6909593115645176,0
Darjeeling-adjacent-NER,69.83103539109347,211.07150827836847,57.06792164631529,50.0,0.5983552849623125,0.041202379250555816,9.816736331805009,0.41874054338296945,0
Kohima,73.5279182732279,220.63733466309503,35.39880404812864,1199.411237443442,0.5783241178985583,0.10675260430024403,9.521841716567815,0.7904735665376232,0
West Kameng,9.965092506918001,403.4396960368657,44.94293883033552,1693.9104926743853,0.7078883960174239,0.03978247685081282,2.1691943455564653,0.9332659469793472,1
West Kameng,31.56459784988227,196.696524172417,24.883809763857315,963.8243607729029,0.1380376145641573,0.4134492577191889,1.683962151827768,0.5806927014534976,0
West Garo Hills,30.422978088019164,70.3830176783042,31.813951989361243,2271.040085678751,0.5692800617581896,0.09847221437193716,0.5158705791293978,0.8778441322610852,0
Aizawl,49.68778967740729,120.23073697042864,29.08020588689871,1125.9237369019452,0.6354132115925805,0.26151677637842763,1.1924123700154663,0.7217557240364662,0
West Garo Hills,127.66684611773191,85.78515134197316,34.29119849928673,758.4684069756998,0.37489000160358815,0.7871404157765053,3.8478089804209956,0.7375826670645477,1
West Kameng,40.25787907442578,221.79929042806253,37.09029315987971,1449.866233462329,0.319657393064727,0.6966670126975198,8.25727558019654,0.4680181493778691,0
East Khasi Hills,202.1109677791116,267.00070218657424,44.48439940472658,2028.615651605786,0.5165247176208366,0.06324389461794142,2.2896519333291634,0.5486989928793249,1
Kohima,23.225148623163555,61.75109907678832,38.82006694241683,1174.1330460950144,0.7006136953237134,0.03716698575789477,2.3985627235135927,0.7227011079614587,0
West Garo Hills,48.72793946851905,116.7363818965921,31.99970415407177,1652.208393374334,0.44054918301735246,0.4365568840371344,7.138066379687482,0.8134051220725143,0
Aizawl,29.42144251137671,652.8880799681856,26.561087796203218,946.3773088120709,0.7270156491822657,0.09444348863410645,0.33938258372094354,0.8712054416090751,1
Dima Hasao,40.13040138363157,115.24414354984896,24.57299872538658,959.9380182919434,0.15314833567478423,0.6083005048248414,2.3658479385062483,0.75896740855895,0
Churachandpur,49.56053983246,166.233873902822,47.997229776024845,1871.1601400996087,0.7216839527163974,0.22800993181775284,2.201269106712385,0.7492724424647363,0
West Kameng,87.51149515119255,162.91589226251207,53.05997994852896,137.1362121133584,0.7060290633448233,0.06714021847278227,0.5738343379778779,0.7941060707225007,0
Darjeeling-adjacent-NER,23.414291332457882,142.46606489669503,30.12060678551801,570.5690908074974,0.4006561760157124,1.4632037670537918,3.7160177662528806,0.3886045762040701,0
Dima Hasao,38.89460924311036,200.31613124348692,32.96175901320273,1548.3489186732352,0.6588994400221487,0.022888203453871665,0.31731708282975446,0.532484122375527,0
Upper Subansiri,35.2472396655242,198.50796512844946,26.57984276653178,993.839745864904,0.1405230706382459,0.05309007434170964,0.16332590208310319,0.6885155720385435,0
Gangtok,93.7981494143887,176.4071171989048,28.855347711306674,1379.1080144543325,0.36461032979217606,0.668604006488406,1.6644882469567412,0.6870037557322515,1
Aizawl,76.79492472921926,325.53729321012656,43.678483252249144,1519.766761415558,0.8132500117468486,0.24109247658967203,0.8906917408112831,0.6946798062022251,1
Darjeeling-adjacent-NER,103.1894471722685,346.1817958676205,30.489504708776604,409.1138442423339,0.2562227599103451,1.1125822860420815,1.4323580595809644,0.5584516927816622,1
Gangtok,62.23040703676198,244.05980740293856,34.20332927379594,404.1827269396937,0.5703171028641535,0.04795912526118972,0.29862073631687147,0.7361238717654406,0
Aizawl,20.853011544895395,161.8969657149369,35.558435370721085,1891.7643386700724,0.7295103757714698,0.0683076050430976,1.5055364456481768,0.5320746396690812,0
East Khasi Hills,51.83229913247682,126.67371791313997,45.182954222132786,968.3209817898958,0.29669283883234093,0.0007304485932015772,1.447776303121104,0.8575992606776729,0
Churachandpur,40.06959926619453,151.18447398730473,33.95019438242048,794.5048224401195,0.8408015704434612,0.09790816426406465,8.494142045919288,0.7491980227137008,0
Dima Hasao,37.731095801148136,220.3381484309563,32.93869385350466,1422.1201679928745,0.6395267872150994,0.42831390488786875,3.2054584570904723,0.5861032648590109,0
Kohima,50.9393637892864,148.66804271540337,27.21436632493623,1787.621132556213,0.3334416037710232,0.513972567175759,6.329145559527744,0.9591269854894395,0
Aizawl,20.354035076034,342.36154927568384,22.004040750610514,1667.1666004329513,0.8275383849845191,0.22480511148299753,3.799385073509156,0.8943522871909295,0
Kohima,18.72231627262115,83.10191123967986,52.85320405587194,1477.0930626077045,0.21620449910908612,0.11901659982044765,3.876059089628614,0.5775352809213821,0
Churachandpur,92.32582129583639,196.63605699689734,14.508107234626095,1894.5893115271028,0.6062719871530263,0.503977134747802,5.019731374241228,0.4794731771214681,0
West Kameng,17.30689992177668,81.57275577444527,21.28597887806442,1505.7558393110949,0.6159341408558571,0.07579152121239585,0.738921575437182,0.9014020229247729,0
Upper Subansiri,37.32399837482412,89.9589767880754,50.31108960783462,867.5297955438714,0.5073768199050066,0.5828342284063418,1.390926136027897,0.6016225159156484,0
Dima Hasao,142.22915560881097,136.54474360870387,27.008853110184052,1357.2940562176257,0.4420041251959071,0.6178154324764397,5.20279507276613,0.6403265140267369,0
Churachandpur,74.99077863761394,100.55773287571925,22.896677441094152,1670.0036732320864,0.7374312522893856,0.2326953960968132,0.17316161033913838,0.5110590987076512,1
Churachandpur,13.283523173207579,253.4018279409049,25.2019734037392,714.4396721647757,0.35917160448020125,0.08607387084815579,0.1417581098038709,0.5224032897343011,0
East Khasi Hills,99.32020631354656,31.825032325973243,23.439896570251587,859.4495864159076,0.5946472449769453,0.3975646041030021,2.6099528273437334,0.8947354224717265,1
Gangtok,83.57343256440808,116.74076838173947,28.32401689520147,1318.2839037714343,0.8605608254621732,0.7681675536453616,6.007644494192121,0.958690098288076,0
Upper Subansiri,67.98733153077828,96.84367151813059,47.971315942812204,1612.3495855279994,0.3570789458831142,0.3015899467026371,3.952153348948152,0.8052799742753353,0
Dima Hasao,73.03840110463304,93.74006749998885,59.27909171735622,1186.0461445789606,0.416065329715089,0.24726630393100257,4.01129675097416,0.5815270790400615,0
West Kameng,21.334821829689606,241.8913385664133,30.798035202760893,1354.7528117088448,0.6738158743251748,1.5495806176761944,1.1156201271751756,0.4746672548736596,1
West Kameng,77.42737122840325,236.29758215276846,51.61756549555159,50.0,0.7152240389246977,0.3083791142623734,2.2393852179309848,0.6346629362980878,1
West Garo Hills,118.03224964860128,273.3629901743499,28.0772066163341,2159.5775393883123,0.7397782836644741,0.013926200838824735,3.6904128211931644,0.32206834282595725,0
Churachandpur,35.51345571913629,299.31045113824774,29.26100125560092,1665.3664373205465,0.6872069960155032,0.27890223779953455,3.946545920588958,0.441354218238752,0
Aizawl,31.44738528065493,180.95122488728109,21.230261224256658,1636.663465232493,0.9010990336236759,0.23571049852817555,2.172226058014889,0.7984806600913491,0
East Khasi Hills,34.41179871254333,66.97296919433509,35.95168463800333,1585.343340643477,0.6911487843130263,0.138183235788082,4.028368271107469,0.2698188600335625,0
Upper Subansiri,67.28040676318248,113.51705294066602,17.060834442488638,1638.4310591591648,0.6743132788661741,0.15271122021845643,0.06827562143158769,0.7816086461072065,0
West Kameng,74.65585019976014,151.585527258451,28.150962720006348,2034.6337917715014,0.4199336072735382,1.0684485913068253,7.1439367192256364,0.8842442673063635,0
Dima Hasao,24.55600967063537,142.12324761330981,34.63034948165279,1871.3768631082685,0.7544123546315897,0.05736201973477224,5.111677761559976,0.933456670364896,0
West Garo Hills,5.870992559148564,243.13402966464537,41.34185869756602,1456.8686111590036,0.2580969288833765,0.5776323463206351,0.1333629736021692,0.3319880990792201,1
Dima Hasao,27.14876320184187,150.27131521950906,33.10961213650577,1683.4066842846537,0.45650207769886086,0.9308319572512405,1.358914930919769,0.8124695963200692,0
East Khasi Hills,27.564280932196066,41.78424037172705,27.56622412479715,1366.6265472301345,0.37399823037893254,0.12016333046194604,6.2980196338293375,0.25483664183547317,0
Aizawl,74.8370102477685,232.50025286194528,17.422326378730567,743.4767237774731,0.57983893186177,0.027660559824497458,1.7976725990761295,0.5871485540039607,0
West Garo Hills,62.85472765913445,65.03354039871238,53.46657202805593,895.073895586679,0.261113774324952,0.1467745059896691,0.2397656781729293,0.3323004970456098,0
West Garo Hills,50.53104031053536,106.41279467268743,10.69882818649053,947.8029956588616,0.3073336694033532,0.22687466847935425,8.49206820545115,0.7053331318721343,0
Gangtok,45.38500839466258,114.05668451600116,43.5757302518586,1097.9503010511623,0.5628838858156036,1.2098525704093481,1.1098365845043892,0.9053024975705076,0
Upper Subansiri,56.159574691598856,152.01195671364653,28.181534067605963,1057.529381562978,0.5224416622130039,0.22494637954291324,1.8154545615596762,0.4470963676683282,0
West Garo Hills,84.7325722154101,132.78835885323554,34.207730501847394,507.0811002129145,0.450667509171916,0.038629405245825345,2.498874888021124,0.6214246891726342,0
Gangtok,78.06169522332743,131.2537997212045,28.95216493690651,1326.3833009955106,0.751325694896157,0.06354609259424897,4.465983184796148,0.3925155718087109,0
Gangtok,24.040118146469737,186.0227251683982,45.97211261483549,1642.7327654209817,0.46824092660731925,0.17399843983940344,5.1613131489821775,0.28531971263506845,0
East Khasi Hills,37.268250006953004,358.4148585398175,30.206037049576363,920.6747557697884,0.2899852129077934,0.08142845163649115,2.646729098213591,0.7402907097526518,0
Kohima,29.80792260255593,54.100167468190364,49.75801747771873,1005.3097869826097,0.573379407704828,0.02499161119552849,7.411457938172813,0.5084277385685048,0
Dima Hasao,47.06493647135782,47.37388536718074,51.27713742236716,1652.622584505824,0.41351161447334206,0.07707477032191633,0.6180085805188412,0.8994939681336217,0
Aizawl,61.47563168988137,350.80947002017854,47.03007359387681,1313.6427861558072,0.6476608028336774,0.04459203096016116,5.880331198016277,0.7830572074596023,0
Darjeeling-adjacent-NER,2.05988909879576,269.6868045825865,33.22857695247128,1728.859138474724,0.36944546916067333,0.09060884785166498,0.52708886913974,0.5957663307691154,0
Dima Hasao,24.430142495144167,226.8401689990859,45.43098769564797,1641.0925099859621,0.6584917190436821,2.2568092987720427,5.621203452642015,0.7502061353696946,1
West Garo Hills,75.07442074585437,79.66451855925423,26.456217467261645,725.3638322430872,0.7766777540019029,0.2358094308339691,0.6079976479557856,0.5565522329982094,0
Aizawl,21.11699436368377,142.61298777267544,31.958239265913207,1335.8376360758302,0.5206688076114182,0.4298795623704586,3.1757189069832,0.6896177525938866,0
West Kameng,13.6838886613551,203.8704156072604,20.484285996509254,1560.0714216986653,0.7907444240093764,0.07226449340098659,4.245098272490109,0.5585485473076881,0
Kohima,20.663607428113988,131.75061189940277,32.87701474677315,782.1424828015788,0.9227863178464336,0.7569636476654299,1.237907194526531,0.6430133302977079,0
West Kameng,68.18366964998717,31.594865484160366,39.15258178004987,499.85636458485,0.24223510590295685,0.12419260901134462,0.3011810602361848,0.6325295025630372,0
West Kameng,8.895775229075856,78.58675825187589,21.680370856554603,1188.9886527725632,0.6247883176025144,1.618004930193238,1.1255469977713202,0.25402809418053535,0
Upper Subansiri,106.28936117694509,77.70856960868912,51.15565597682199,50.0,0.2727865048369095,0.7248856900795279,0.159009530371724,0.24240739081928198,1
Dima Hasao,56.50082360894746,114.59472138218582,26.529208565679593,50.0,0.6926512216128585,1.2053259389294573,2.6919394671289085,0.4905569117181191,1
Darjeeling-adjacent-NER,60.97000774457866,120.24253055244016,30.369172184855394,1560.4746116378465,0.5390803735591396,0.44141217873775906,2.98646735443545,0.9458648957049791,0
East Khasi Hills,23.842669964722457,148.4924340602039,28.4890548006254,744.0983341375509,0.3416821782482188,0.4292851866461213,0.781052307330123,0.9500799389375448,0
Darjeeling-adjacent-NER,43.2756376260398,208.15716400599194,30.772099010173267,1018.905203950847,0.5231084877333108,0.7357848610418236,2.6359660810777923,0.3413793983859447,0
West Kameng,71.96771002900965,78.57457655156581,57.30029407806244,1344.6992025780426,0.8677182785974622,0.5026151966380054,0.15073108259038998,0.33105777910041956,0
West Garo Hills,64.95743261514342,146.94779251280644,55.01256822136014,1175.6684993556769,0.7803520871101155,0.37275340988060407,0.08010406619850931,0.7368894010157608,0
Kohima,27.436645162317607,144.93371465468675,19.664741833577224,739.8060299990531,0.6304982419163044,0.17743432067884096,1.3106574177862882,0.2556577534960471,0
Churachandpur,127.02296962988599,286.8767662557568,23.977365772868584,2375.841405853804,0.8549276087538346,0.10085743840200273,1.6562660350735514,0.5858651296124765,1
Darjeeling-adjacent-NER,50.29125772695403,99.53353741392193,45.273637518919095,1152.8886165134074,0.6163882129297508,0.6097529239186835,0.04696613879776223,0.3664806370328151,1
West Kameng,67.54284755367138,107.4402279536653,34.983694706402346,2854.0366840330353,0.21614435533974516,0.1951366398285232,2.228479231630505,0.6212352675867112,0
Kohima,59.800247390227156,94.74477327549924,46.62374747904702,636.133167874417,0.35186477852506065,0.025263210726418368,4.470746932124718,0.6614504734077171,0
Aizawl,15.294543387401536,171.52315982962494,25.564275192344123,973.9481807571311,0.3620647326652292,0.26127998252184886,1.3212441058400772,0.5243725337664621,0
Dima Hasao,36.14853210469685,140.2241627007553,52.59686638629906,1214.7607283573068,0.6019439425078779,0.42860707398727166,3.4364175134391672,0.7706079887031585,1
Gangtok,16.725891351575463,256.1585877537007,40.452339552713354,1244.6959293388206,0.24173789824732897,0.009323199926067756,0.40960752521915494,0.8555819945320731,0
Upper Subansiri,67.41434461169247,111.88170740722201,41.8087101886382,1794.0286559014467,0.47162257940361707,0.4884761736284574,1.8853522737920465,0.7533630723671387,0
Kohima,26.29366524391302,188.43747672889026,37.27210524128779,50.0,0.5084650015251082,0.10179332953277545,3.891573530340302,0.6335595746055839,0
West Garo Hills,55.800112240570556,197.05865438752753,41.5758968528633,2116.264392749964,0.24843406373644897,0.10059521633409725,2.86458033679182,0.5361507656341056,0
West Garo Hills,23.33990465495076,108.30028640160903,46.169905148362304,75.12365088899128,0.35641793856273,0.331020389063718,3.781359504548835,0.5966227486376365,0
Kohima,57.54539367002839,103.86485260312125,53.54020511309674,733.6152379608882,0.29009443155201337,0.16456965667761803,3.192571263416718,0.4435233937927293,0
West Garo Hills,7.006167243123175,118.21145240005274,10.210212527238282,1231.1068096511592,0.5109915737418187,0.23955956214789148,0.32250539019947394,0.277695876133143,0
Dima Hasao,95.64493776856699,88.58342566268203,26.827125416523213,1446.1275329976606,0.34695754667175094,0.28783141185145555,0.27082495648557126,0.9928820593788387,0
West Garo Hills,24.76493488277965,259.544861192752,26.950971837843742,1080.356240511313,0.35676053892845505,1.0154403113519828,9.277103982383817,0.4555996017973269,0
Darjeeling-adjacent-NER,109.35913785294812,133.36450560372276,38.357934604626315,912.8598226098576,0.45050124544708453,0.0917152402382506,1.645930726731203,0.724323361162626,0
Gangtok,21.987844073058348,204.35905917279717,26.200551712880294,1204.3569488769967,0.5317250921844313,0.2496777122995976,3.2956143902006136,0.3706860693501177,0
West Garo Hills,21.391111260605367,168.7598494876587,34.67936942121805,961.3609944894426,0.26581925079659524,0.6166875401718538,2.860609509443639,0.9570791889820418,0
Gangtok,15.630791207112052,29.709795394231218,18.011936800797905,1850.1546473518642,0.731667345192517,0.09184940568164893,0.11326250993741346,0.9838174469120889,0
West Kameng,47.75800071855648,224.14873678688048,46.28632400193062,1615.0146606888936,0.36997497042113964,0.03438950276030557,1.716158834774372,0.37722424299423624,0
East Khasi Hills,111.23238062613888,66.20599786255406,23.757683984927215,1468.0416196756855,0.6057035050577315,0.007169675396522889,1.8420786122959063,0.5084525919916766,0
Dima Hasao,26.354525609412562,159.6634745264435,22.703054369519972,1813.6831849397531,0.5035847498156685,0.0438067671382773,4.1333526263673726,0.2986350305534197,0
East Khasi Hills,64.12706435889717,317.97489313253925,22.99511530396796,1408.889123326513,0.1381886583410687,0.12840760376074467,8.187234780287673,0.8505072838411109,0
West Kameng,68.56922020957637,217.38515645408742,20.95895275018529,1056.8619905849512,0.41523461001990597,0.2105493092687529,0.8542201889867783,0.45309666586949665,0
Dima Hasao,11.647385647361935,302.42342888419284,49.427924446648376,234.79268296530188,0.3797142523056147,0.3603381610189711,0.15163304272952027,0.8688011278294678,0
Kohima,32.183739830324946,299.7964646439843,36.58600122443652,2318.0234579952103,0.18390576497730507,0.08930267838434652,1.6123416332366154,0.4991395149689737,0
Kohima,51.8958848549985,189.95999105685146,31.239794956216663,1873.7747010588619,0.3915784327354182,0.12571760743513957,0.07575508314487864,0.46013544564840697,0
Gangtok,30.449469977469512,139.4113756119645,51.58683193864659,474.41794510029763,0.3025062956513836,0.48036491645724183,1.217036292977973,0.907798694214761,0
West Kameng,93.25163094198847,103.13238997115971,36.59431380927324,1639.3980565600032,0.577440035162244,0.9587932263915171,0.7979689616986106,0.6168799548619581,1
Gangtok,20.031137829529374,276.35425870705717,21.87717694217905,1476.5691047175255,0.6880073368871912,0.05824841331067274,0.695898196230663,0.9266091874386918,0
Upper Subansiri,57.01436531920252,257.76842172756443,56.44860169331088,634.0327655519624,0.5718361809421868,0.25585403224579856,0.004030806629679018,0.37806137386801575,0
West Garo Hills,21.858301966221376,86.47718186037267,40.4525193931888,2031.1830710964098,0.21470499184259878,0.14006016170892982,0.7212981853372145,0.6985702638387711,0
Churachandpur,32.45971137539072,88.2104200443771,36.12994522513978,1299.2020468414353,0.750980038184843,0.30028531093934535,0.9638522426212349,0.6391678692929748,0
Upper Subansiri,42.3852099733859,143.81006467131934,15.655325712775902,511.2201812612052,0.3678005318671614,0.05073860459855925,6.048818445874719,0.5476086528442786,0
West Garo Hills,27.207265407898706,11.994945629819735,34.03528829973086,469.38803610667867,0.5884303802111387,0.1264540598637875,0.2309929524401041,0.767271349450821,0
Dima Hasao,108.97466217273258,59.71266099570435,23.507999290106113,1449.582902116563,0.7439283405030296,0.4935828382872061,3.6416897569948956,0.4692691562523915,0
Gangtok,37.780041686025,227.153343041372,32.30746758977125,627.0833283171976,0.796895764567747,0.6843888781603519,3.2262145168993674,0.5879459735932859,0
Dima Hasao,113.4832244341561,46.525811659981436,31.473343288833377,758.9955452318247,0.77280188983222,0.38876941871120757,0.9872458915499034,0.5747375239939256,0
Dima Hasao,79.50261522821032,203.5627099463115,48.62734217018971,1454.7817140801108,0.4409045326592272,1.156253327349279,5.93744626975243,0.6427357325868093,1
West Garo Hills,6.786344097202217,130.15802963351865,47.07290144207015,803.6382118706779,0.45782893575958744,0.4232575371216477,2.662781745782723,0.18950472582624517,0
West Kameng,9.248998522897088,85.87753603704245,39.47361552447264,918.1025440680027,0.48446813408701367,0.5491034973593139,0.2550759286198335,0.3849122534611373,0
West Garo Hills,24.287807663078198,234.3684724934467,30.869245028798467,726.0797981165616,0.5594637031746392,0.17691006828044814,0.5704330452772086,0.32353892445630994,0
Aizawl,53.828500493650225,364.9959427350133,29.371588956574918,1603.5002280069962,0.16138486568045862,0.07446835424434277,1.2817885855587874,0.39385498550210246,0
Kohima,12.137216915977183,102.37841622742981,32.54420588962235,1943.0908091455901,0.8208658606419716,0.42903434472523155,8.550500853716004,0.5347552848386863,0
Kohima,23.40309511317991,313.19532661448767,9.748668331916988,176.15981701398198,0.3764085912038123,1.0057516442097918,0.7677444831885833,0.4091025771815826,0
Upper Subansiri,41.53419782718849,185.57238145198414,39.33908278085495,609.5192406278451,0.42897584453568866,1.6047594259924196,1.3974787545951373,0.054605592089479044,1
Kohima,136.59726739521304,172.34685100670427,50.09648777262013,50.0,0.40389944314811976,0.23916904783878512,2.0562724507527044,0.8825470234190882,0
West Garo Hills,70.16096251650826,350.8977395817975,12.818320007995924,1275.903382321494,0.9319235702253061,0.31035667696115943,1.0982647165724742,0.5505063164231269,1
Darjeeling-adjacent-NER,131.9060695700237,502.27021182210717,41.94077929622571,1322.920437297257,0.5798597335427772,0.14913047324765039,3.01806362204968,0.6378970785443837,1
Gangtok,50.011533675221244,94.17893877116131,24.932327927715356,630.1700729912812,0.24754433103102172,0.44652495540166237,2.7035908324710767,0.9241169678791726,0
West Garo Hills,45.77145157388479,207.52533503135788,49.942657261212524,937.9715259287821,0.6902869245044725,0.5796438807493268,0.1557697571791095,0.21014255704264864,0
West Garo Hills,37.828092259707866,190.3737587490492,36.5727669751732,1474.7950906574674,0.3737188026169849,0.016827667540536818,1.3998109640175,0.9363189698646421,0
Churachandpur,44.83559832414069,122.76892128452724,21.931182017756306,2131.2819225952762,0.16798650243379304,0.7499577127399036,3.797651215647066,0.428410799352603,0
Gangtok,14.898954224775604,138.62900573084403,29.976387778731237,756.1806618953046,0.5992570113914583,0.28845270805360196,2.553514521762606,0.5957471860588018,0
Aizawl,62.61437857468515,464.7159830823625,38.005446542166965,1265.6743642101771,0.7338991440347696,0.3467288173082695,1.5413281964498162,0.47976509914600773,1
Kohima,31.26353700248715,113.00756510231611,8.524178239303124,1527.5530095582938,0.7133856763379696,0.09238266671029799,3.272119869731187,0.542007093757908,0
Gangtok,32.93884062641595,74.89028040951659,7.722132736816011,2278.3263326917076,0.8529408834270737,0.004141563346763291,2.7753563434611506,0.7869416638256937,0
Kohima,23.549734621431533,264.12806891728314,23.763799047244866,1441.2267191581302,0.023935478747062148,1.2163196129790455,4.544385204348786,0.830548591950895,0
Upper Subansiri,14.30404702708593,90.79774736668153,41.2189779984176,2345.4496269045903,0.36153620994452995,1.0546663134085978,0.13085610324719849,0.42016912180074356,0
Gangtok,24.912867874361144,359.5971451689383,47.986332202142144,335.16901031380223,0.6204583718210618,0.5954906542206392,1.9157983430234562,0.7409929095545779,1
Kohima,15.445943762767886,268.2393272579636,23.688173755648815,1447.1586030881422,0.8651267760375038,0.25667553131298354,2.6993902898843904,0.8392844310241965,0
Aizawl,56.37162182097133,44.163233926494584,24.51711576766592,1038.459010720512,0.4522861957999239,0.1528680245866896,2.8132163884867363,0.6373403782390163,0
East Khasi Hills,21.48398298006228,313.3784147942397,14.385276179973747,1185.2986865867786,0.799146814764311,0.06787813327450956,6.3917013364383015,0.9137029870322062,0
Dima Hasao,96.18976567080439,495.4306104081864,27.452363013674997,470.95279408876274,0.25246703692085015,0.03375302142549526,1.3259410517288743,0.342062318237479,1
Dima Hasao,22.45048183308555,149.83612293316008,9.350994639957474,1933.5520111453764,0.8279067833107917,0.2444831792729643,3.963267860112572,0.6486291089105721,0
Aizawl,132.39673112208513,41.49810765539621,11.823381525766317,1549.1799284372664,0.8288862784947876,0.6285626059281042,3.8548489241877073,0.5158719926400467,0
Churachandpur,67.00957516204244,209.5268143537135,33.93250730166171,1327.9956916596996,0.7000922713315505,0.517737305370787,0.7828857962423287,0.8148761320768979,1
East Khasi Hills,34.93191362388933,298.681242012461,15.28461584702552,171.9286131471274,0.3062586685127194,0.5641266191314311,0.7809500908781426,0.4589008990112759,1
Upper Subansiri,18.518096578907087,150.79595421211164,22.552154332638413,1748.0375237457788,0.3124494674161672,0.05052025582600217,7.154980828597424,0.7131570212796094,0
Aizawl,40.13852084620003,389.1814256195293,37.84368335044194,801.1551915958598,0.06367045047970094,0.7943778435423092,0.9803949242282156,0.20539895966559535,1
Dima Hasao,66.84492900718234,86.84223398007532,35.04116165091481,729.5922037831981,0.9240085231383995,0.6517998626267011,1.337804785240254,0.7947718252641952,0
Dima Hasao,51.676108523996646,256.6176667720672,42.628387090920924,295.4442135327945,0.6290774570626068,0.039525593438272014,2.315547674438319,0.4394136454592779,0
Dima Hasao,59.7856074340672,58.63763857385518,31.193387315055002,1000.0932648853451,0.3484156416852241,0.176353695308197,0.9515780827518977,0.5235679499722415,0
West Kameng,52.46822605049767,313.39897569551965,6.498561868718938,868.1654867116711,0.7351978972458395,0.18814496748782536,2.7102997800562303,0.5193747192442022,0
Aizawl,47.16906204772162,88.28920604470416,43.946580164851724,2004.9959447582844,0.6556916887562428,0.5313786594525083,0.8542599373511944,0.9647824100044974,0
West Garo Hills,21.404785589397367,123.68976463958589,51.30364181207327,597.7391328807379,0.47578937785605047,0.7878286751757902,1.8733941216112346,0.5977342151455503,0
Upper Subansiri,13.346834355688111,76.19801212281376,30.616141442586496,768.6867154911488,0.42974473330611196,0.18846612986228692,2.050107361523754,0.5623817072748146,0
Dima Hasao,51.37730742987932,189.85004468191912,35.828455690599895,845.7860392196001,0.7309960206020867,0.056090706880431045,4.030661648174888,0.8349163497742342,0
Kohima,5.062943100058613,111.18291251132352,29.19554490495531,708.6385988340553,0.5843530112115122,0.03446797255893735,4.91655077527723,0.4968176607950051,0
Aizawl,8.348948061789317,218.6950549615556,28.038944016499702,403.3072062634923,0.18425651900955717,0.40737598436275635,2.8610752544409035,0.8572652929345367,0
West Kameng,30.758970488265142,115.84779633880004,33.543932968826184,1589.547585239243,0.4047239658076695,0.2756446499282343,0.7868155055686643,0.983540354776792,0
Aizawl,92.80879060825804,168.98808557666814,43.366359513818736,1096.1769263996791,0.5964541953130151,0.929311866951088,1.5583913136504213,0.7089580766466256,1
Upper Subansiri,12.644786489891615,71.65864818990933,31.545156726644407,876.3974498505471,0.5497907016332323,1.227563061099745,2.0686878528781185,0.30832124355823187,1
West Kameng,15.932765918186126,155.73761422674798,17.479123395281423,809.1163046560993,0.42909549238724054,0.9133388516044368,0.8839373122955447,0.7397486462504584,0
Upper Subansiri,104.98682826521718,210.1300369995682,27.06100939820111,1275.4174373221658,0.7081847182943973,0.03145869328427846,7.033533921678443,0.7792183390983272,0
Aizawl,98.7934225080382,59.687983353115634,17.453917005952295,813.5128984581675,0.03754812004739706,0.13377745801530766,0.2874729050754527,0.692549333145746,0
West Garo Hills,27.889325190463992,202.94603993781243,36.25091391032606,1159.1036515480343,0.34288458246224607,0.109147553492428,4.481214634983176,0.14689284986168108,0
Upper Subansiri,23.99368494403245,431.173604860305,57.051056260652075,1486.526016667306,0.32619277497499777,0.02845371210578449,1.3896293321407724,0.3892192286050328,0
West Kameng,21.60645678105321,399.59643229483413,26.66254096355465,1406.625544839816,0.4965876105408913,1.0017460854099145,7.274328993665204,0.6599711407781472,0
West Kameng,34.715459905414605,59.64139402525643,49.7675205667621,2062.660655074138,0.4550647075500496,0.900703781881704,1.9011156561939888,0.8066873156824171,0
Upper Subansiri,35.617276164421796,285.5259487167521,28.326027123941326,1787.0180891966834,0.3243093437402821,0.1982219021129716,3.270638207899297,0.6670808804242805,0
Darjeeling-adjacent-NER,31.782425215718526,29.520821420388643,25.162653694026424,1398.3068603017666,0.6017045784440194,1.274853590790862,3.3151765354813305,0.39292540415622074,1
Aizawl,77.71243271094441,192.30024545732041,33.38871153178036,1429.0160195350122,0.6768457728806752,0.3314453238535179,2.993349965351309,0.521947527559782,0
Darjeeling-adjacent-NER,7.702685151202797,156.7064870774772,35.29969670928755,2376.3097285795866,0.1597864617331608,0.22768682745583463,0.1265954302799229,0.30228770525399096,0
Churachandpur,40.94277752393648,200.88211967706934,27.066970361804266,721.1112525998698,0.4732654150521291,0.3190921072433175,2.4332946858850697,0.6499089127904819,0
Aizawl,102.58918031954698,228.96020968323054,23.936319986427428,1498.3877142687566,0.8400262380074923,0.21931101928569638,5.629953741407411,0.6408464722430068,1
Upper Subansiri,16.79718172351396,204.2655345109455,39.08480316242792,682.4752531823418,0.8726007447968263,0.13806076552636828,4.636875503584845,0.235015313269678,0
East Khasi Hills,57.895711214679665,98.55701089769325,29.76409526143013,1700.2051853099629,0.6260320012297381,0.07991836779990774,6.161207062702997,0.5811828848468013,0
Upper Subansiri,13.972664649236716,42.76529593350486,26.17143772932942,1583.1026287518177,0.38963071459607873,0.24693782269727158,1.4692114962007972,0.5289249143121152,0
Darjeeling-adjacent-NER,55.99768117599048,198.96903035696306,35.88912181935524,1052.7013625678007,0.43579774750493383,0.3026706986972346,1.515587542984083,0.14842416820178617,0
West Garo Hills,75.19015005005201,247.55658747881034,20.662100644908634,1978.6268918503715,0.3221646768036807,0.6895395081043157,4.1280921776979955,0.8129187869479094,0
Upper Subansiri,64.40094856160094,106.96057007501479,1.9763549292170204,1236.1300986288,0.24579383640248767,0.2565092962993966,0.9041101331058399,0.47541942661500974,0
Upper Subansiri,51.53958260409305,158.2959168235393,14.224201526630754,1401.393172530358,0.48492438587299486,0.7074008954994322,3.6212115328392076,0.7969146382629878,0
West Garo Hills,67.0694381568036,225.83000676129078,46.24569164837341,230.5093349112467,0.8197476615657053,1.2373574546427029,1.754970497931045,0.5442394220275703,1
Upper Subansiri,107.23675489152546,24.250459623654777,8.778591111066977,2551.620423340118,0.3997764610761047,0.5113170721526997,0.767432796663206,0.9305595208761331,0
Dima Hasao,32.22650145619092,18.314048083411937,38.4245586687201,580.5015543864715,0.09390067191254302,0.05100358492751575,2.5798244192734243,0.7934733929903987,0
East Khasi Hills,53.64147025913073,116.15970985467662,39.27610868753185,453.936503463986,0.9196223076083488,0.247412829136222,0.8767125502134077,0.8405324896792473,1
Kohima,53.88553854552549,425.80960729809544,15.12474995569853,1572.772790968838,0.7707045942626465,0.7771531380277613,2.78516540256136,0.6285571973964893,1
East Khasi Hills,139.5627161045283,161.22476429525258,28.801773540496516,1302.8121527841963,0.14800862986451438,0.27062774619552254,2.1059012106523416,0.8600652221146894,0
Upper Subansiri,0.6880608457984845,140.02847101185998,32.57114795661726,280.26926693162864,0.06820355257087245,0.6658274006947831,3.202083397728358,0.891576073404117,0
Dima Hasao,58.96604847429747,241.3375411423385,24.830982178099735,685.5730348420997,0.3600262099000357,0.5982555619382451,2.2848619467143596,0.2562435668190841,0
Aizawl,59.96415730964934,166.98330646959573,21.52747393592484,957.4359914564969,0.7327534334703197,0.06966744646793054,3.5499906220774697,0.6362327182474519,0
Upper Subansiri,96.98954732359456,274.66904170842673,28.642714872557022,754.0373590337956,0.5310546976599027,0.15988564228644855,13.938567914652605,0.7725265459682584,0
Darjeeling-adjacent-NER,36.12427940741586,59.707743700560684,48.79581880175917,1317.7881942095553,0.2920698609261078,0.5774185821855253,1.5766881029440551,0.4005142794524747,0
Dima Hasao,66.46558653866963,90.50238615714923,38.16492472649096,1758.5614569259183,0.12007405902168092,0.0693500921323108,2.2798186544075074,0.6088396832878948,0
West Garo Hills,26.77663384783112,350.7234851593581,19.488805170406142,2518.950082712116,0.25788523942818214,0.21981944768846248,0.2686590189210553,0.5418531214522626,0
Dima Hasao,16.078664178015437,131.73445592450994,41.037125734506986,281.61859736029135,0.2314945181730076,0.059101453977947506,7.509911833477573,0.6875402928618084,0
West Garo Hills,66.12846522887446,104.2907724471024,33.662675479057576,1160.3031473261099,0.7328747417414462,0.10752009746623853,2.2679358467145394,0.9124484887528631,0
Churachandpur,15.623395173221377,131.2855142797574,19.08947963544878,1250.7476509553107,0.2918443351518712,0.1345366792501056,0.27119662061604,0.8119406150169166,0
Kohima,33.338173899452364,125.34566082823414,45.30576662678301,1242.6996337137828,0.8796153702089144,0.30223481795689044,1.2771127009380037,0.2702486956126887,1
Gangtok,12.857442542849531,306.97975181442996,21.509210728712944,1319.6399298452668,0.609599446259632,0.9717340586122497,0.2119716845616217,0.9181587124468555,0
Dima Hasao,8.900384579358118,93.28443896710682,38.47834773544743,1249.8241035176154,0.7629497761240248,0.1948161076132687,1.7189110421358367,0.645404591338909,0
West Kameng,22.166700437605698,161.16610226705507,33.42949540148003,1896.859000787726,0.25681582064330744,0.7587563983204433,0.8110458036720034,0.8602718807205542,0
Darjeeling-adjacent-NER,100.81475998319848,326.4088502964252,24.532782933875357,1432.3511393544723,0.21307196374262258,0.47521049324543735,1.0398460173333355,0.4175547157375746,0
Upper Subansiri,137.24792621006617,132.06289963381133,28.230665441667128,292.56221257102186,0.9258422425161696,0.6064768394778706,0.17894969586254134,0.8985806536083623,0
Darjeeling-adjacent-NER,64.96833512027223,308.0458520130009,43.32499102523931,409.48809966628846,0.5257857514640338,0.5745406544264715,3.593004892219964,0.8363143619443583,1
East Khasi Hills,55.337247553113066,118.79443616717376,39.55015340918171,1744.5449192563092,0.5540746683724064,0.14388210893243739,4.599120243068193,0.8255206771499651,0
Gangtok,117.76517101904406,329.20036251842777,37.00532481592793,1495.799908243015,0.2887609352149997,0.10780615574724056,0.3774509695652838,0.27403119984168284,1
East Khasi Hills,39.67082203151238,167.98461246213856,47.705685769938114,1034.3819573048718,0.11423024082343172,1.519178498271129,3.4722694057576895,0.29275040271354147,1
Churachandpur,39.336583329464915,116.92369609927242,31.59509423654342,1483.3474567306114,0.06359792497167546,0.535500949183075,0.34404789043340245,0.8354136522764114,0
Gangtok,29.791860091698872,211.60272340336272,30.48616733936568,1567.1302762408475,0.632643905013915,0.18214266665392986,0.22355880909601505,0.544370985238926,0
Gangtok,83.89647246485154,38.29901661121315,17.225033857572882,1806.5510322050382,0.2341818757919378,0.32331756925517524,0.3028577013185501,0.6674080143671339,0
East Khasi Hills,81.96260927578595,598.2617178518374,25.94515758679564,1061.2554258623938,0.7380414605713075,0.5982150430642525,0.08074994665890527,0.4124514626750798,1
West Garo Hills,100.7194890367989,185.9981601750865,30.21662610734172,1678.0906217611082,0.6320912250645329,0.02295344005648262,1.1793112281482463,0.7527089246090072,0
East Khasi Hills,22.70803117299626,249.12349469261886,26.30457468876883,1123.384708976992,0.2792784952122904,0.04171444447593611,7.639874009762583,0.8840220260753585,0
Darjeeling-adjacent-NER,39.04363260041873,56.37567978689657,28.521369255618893,315.76500536855497,0.6211610336512373,0.010159729175478123,5.737904171018597,0.631528595947849,0
West Garo Hills,73.70637839728039,391.70068573564043,39.23857183074518,1432.7780540094395,0.411814132284971,0.0716826988423504,1.0083202768727644,0.4890953601682764,0
Darjeeling-adjacent-NER,167.93618924937758,132.25167807079976,43.83862216567756,1959.7207760622632,0.4104548610921135,0.05084000823316659,3.957570808428911,0.1449391818885951,0
Churachandpur,41.7270557434862,79.37386587658233,39.689268469925956,1667.7092752115207,0.8825434350292161,0.2487423377856898,4.351513587212323,0.44989660656613256,0
Upper Subansiri,6.399468244783295,316.19375221420205,42.15858347994605,1919.607536773929,0.33420527376521647,0.13542146823945225,0.4123588292162345,0.8222528543421532,0
Aizawl,75.93106732209417,77.0470700678153,23.886233342506777,1305.731725558584,0.13335335370380438,0.018664584300315045,0.6516439996991019,0.7938766120306021,0
West Garo Hills,7.032305562928642,164.4887201578079,26.022728408063266,693.1032885418022,0.2593937019957879,0.2387305091486825,2.931957644257304,0.6237795420317859,0
Churachandpur,137.2273934197525,166.33403934347575,39.43563816907991,1315.9053203298872,0.27508085087009415,0.34564705056842304,0.7664175524014918,0.7506607018692462,0
West Kameng,68.13483814187488,342.3171386082128,40.092931623622924,975.3180228529582,0.5922231200540282,0.18496041174461386,6.957725916566224,0.9435014489790753,0
Churachandpur,64.05656709077489,327.49514447232696,47.9052947517212,1396.6645575856642,0.2553464547151999,0.12063074425311192,0.6557257668004288,0.5427682574625536,0
East Khasi Hills,40.427929574123375,184.0108293968497,37.912267612861825,1235.2378536528902,0.26460824535646316,0.1980173879761256,4.0129361568381,0.7438656613427567,0
East Khasi Hills,22.449917250858174,170.03097865542588,39.816716365931676,1817.4163325080463,0.3251161299450511,0.29350285396649384,3.5480806306418593,0.5349095019087892,0
Aizawl,61.95969488053159,80.93562332487595,38.78234638211242,370.02776738738885,0.5270734896997609,0.22910009101651918,1.7517311196624485,0.6294321818431309,0
Churachandpur,11.611103135740153,188.43319678284465,32.066453800071905,50.0,0.37650048833948246,0.039166655567416275,0.7638539617078537,0.852004125064402,0
Kohima,19.80182623816129,524.0772978732982,20.928744449094626,1247.1395851717978,0.11372002001791928,0.24413924871032264,0.08611430000326555,0.5975754366779463,0
Upper Subansiri,76.07915909483111,142.47347652641903,40.503628595365534,986.5719302371463,0.49934823432988057,0.5096626161777054,4.406232295861264,0.52309525038779,0
East Khasi Hills,28.7634199793357,71.12964856189622,29.592859995792104,888.5051367572433,0.7089681120768249,0.6859128061971566,1.186057659382589,0.7261602777862772,0
Aizawl,50.904569861268115,55.66868193674439,43.50025867486417,776.0045473431376,0.27291309427429966,0.23159781391925993,1.0392062312392696,0.927481149450717,0
Upper Subansiri,50.392423605396694,86.92191030195579,46.04980380938082,1178.3833095380612,0.49191847223145624,2.0328401516925143,0.11378490933686607,0.5407430651265008,1
Churachandpur,41.80436278862989,28.116533749772056,32.96835608097094,1447.4782789452374,0.2573019646581092,0.7402428850170156,0.4102101669979852,0.6153051988970373,0
Churachandpur,38.79222124552395,392.3798256236354,32.13344551288398,1529.9605131465526,0.41553729828182584,0.09702486174252466,1.146830065041108,0.6333954190471616,0
Gangtok,70.13277162646709,554.8526756715451,39.4747923267591,50.0,0.11345169576651853,0.2440890734182558,2.9346565898828443,0.7690944812855431,0
Aizawl,71.57128582087667,166.62718916523218,19.30675796602088,1137.7891775575615,0.4772805984188359,0.14008632844885258,0.5808660140420423,0.9209836445825494,0
East Khasi Hills,18.488198469750085,236.43173877676375,37.931369402222735,130.33939680817457,0.5046650702557496,0.319616381290912,0.44665301439587024,0.8069863807334836,0
Kohima,27.517666106557787,230.60561384589317,27.57049514438343,1734.2099018120362,0.3367846933742153,0.10150240147086563,0.7605328407815569,0.40968151047539275,0
Churachandpur,28.423084587291488,189.35940129173727,45.69027922676769,1573.1897268551857,0.7188198161111646,0.014345929268411363,0.8332107641366426,0.6047525474898526,0
Kohima,22.755735672475332,83.65572174169566,2.7926606404558414,560.5366149272419,0.2244006676295825,0.9389569022654117,1.3190089212368203,0.6853800823412017,0
Churachandpur,76.27939684429629,188.77986272394654,32.628268121786746,1253.1605673303243,0.18451930171480027,0.29338833738294673,1.1193762531444371,0.5982964309932057,0
East Khasi Hills,40.99673696322656,188.52453239838377,42.93177415146833,50.0,0.25434739384260235,0.9858636618835986,0.1919965851252763,0.8460331139173736,0
Upper Subansiri,6.923535889162256,116.93393948074973,45.99186872224434,1462.102069631574,0.7477202142288459,0.050294031282936226,2.4052613773484293,0.5899179028839965,0
Dima Hasao,94.91234788424185,226.05383439583625,34.535648477310545,1470.8037491759467,0.33412333071523687,0.06570586277542828,0.34948580709233634,0.5170554889625677,0
Upper Subansiri,18.988770422996655,118.90363429713342,16.084274116690562,1654.849677193457,0.6951673164577491,0.10272360131707992,5.070561116642049,0.8775527064421736,0
Churachandpur,7.680964078921661,275.64687368157354,47.639470585800446,1572.9163702827973,0.2219407880548627,0.2443460200733549,4.906615829543559,0.14383825324600447,0
Darjeeling-adjacent-NER,52.06430233568153,191.7674992564784,18.86704790175495,876.939600519321,0.3233953724191866,0.8481123946871514,0.18785321212351558,0.81580756895035,0
Dima Hasao,20.635045585895607,226.9426261382732,24.852452188228845,582.6067469783779,0.7676772393206951,0.4203998817293446,1.3322477408131093,0.9148873740570911,0
Dima Hasao,18.058017852726206,122.16111908458892,20.606878499146468,782.2108229013725,0.3820305436113663,0.02263015354256186,1.6198675789857848,0.5233550514623914,0
Kohima,55.02836821866598,296.9122709890453,45.988918384211566,1124.7249836737878,0.5741179407072944,0.20915622898122255,13.722544776420309,0.54154803757782,0
Aizawl,48.73405139489424,116.88927299598322,43.329790313720586,441.68115497397457,0.25893028721033795,0.5138628975213576,0.7234057477842795,0.5662992086145655,0
Kohima,57.864280995380646,217.48683708485686,36.64830321863524,992.4384879395328,0.616816294653766,0.15567120060265882,2.5261618269838975,0.6690498180474518,0
Kohima,30.192818843891434,90.46536348912318,38.14862803001672,992.5629158953114,0.18832329808160472,0.27135197296382446,1.527022674842085,0.6010825841553898,0
Darjeeling-adjacent-NER,87.74977910537793,254.46914947805325,28.170828149446244,1870.6167922325203,0.6258286686559682,0.4971280123689288,3.6589453388174324,0.419400368205386,0
Upper Subansiri,72.36531075066762,88.4554335201453,8.804075901734954,1482.40666776805,0.2919284305013721,1.3407927565179476,0.7140023248643267,0.3848143163392658,1
Upper Subansiri,78.4337911801749,419.2414069357176,56.10890398750549,768.361746051932,0.28070079569449735,0.16211412804145406,2.855792993396608,0.4557881217761159,0
West Kameng,8.86882609035141,296.40987098297495,40.52261228655466,1375.0361554787644,0.6155262973877981,0.545621350130803,0.34784325225032275,0.6221462709411824,1
Churachandpur,80.04868037605483,125.3009229454772,42.88099977839008,1452.4932064433856,0.7432430969162724,0.5503843303944224,0.03810667327204821,0.5001796493330491,0
Darjeeling-adjacent-NER,92.3381894983516,159.6017192542264,50.036830421604236,158.90179585797796,0.4053176387833771,0.3129682221011576,0.04597762961709772,0.2255863829192946,1
West Kameng,31.577534588945422,97.24901677613661,30.146957841069657,2445.444514307096,0.7179508091908681,0.6714392172347479,1.6965809990775211,0.6956172193315899,0
East Khasi Hills,15.46716916416635,100.25111627153595,15.769818486574248,1090.699929805423,0.19137587425741187,0.30724860843189017,3.68216541634561,0.6532636557863813,0
Churachandpur,6.848710805747372,165.19538239092813,5.082112168832095,659.5140314656672,0.6658186085229634,0.3923306800845122,2.154667395063157,0.8420649878447042,0
Churachandpur,21.465349382006156,157.0411030157355,46.26455318446238,1212.1121817998724,0.7903605728404861,0.7261473785786032,0.09249781330749501,0.6966048838983565,0
Gangtok,44.62327797773002,264.7420626730193,39.92664685135986,648.7655669224957,0.26133127454189264,0.2587082162638496,2.0078380227783263,0.9250820902470447,0
Gangtok,43.87350232748049,77.3317886815397,35.0989321519562,144.33947550009316,0.5339721547150822,0.26000092545214,0.3004914025442095,0.5423334302750074,0
West Garo Hills,17.557293253108746,66.34021371159993,23.50068766146681,1537.9362764240304,0.20104791685190285,0.3576542193996615,8.409645281466352,0.6500525784710812,0
West Garo Hills,13.183456820131067,140.52706138457955,45.3847435016872,1225.42272576836,0.6229916488491125,0.6522535999703956,1.086873639596647,0.5380095966706155,0
Kohima,86.11332783254491,172.669789728844,47.18680371095844,1356.71762622323,0.36226683081970307,0.05441318275454702,1.750000655105997,0.4709630699366515,0
East Khasi Hills,83.80530917302245,30.57773572862265,45.97030324249499,185.12738127995613,0.8592405460216237,0.5899925139714476,1.0340159923487167,0.6397249322344025,1
Dima Hasao,67.49718842875491,127.94503933629618,36.551419938955156,1473.4349805445959,0.6747684211559866,0.13968633746456668,1.5735227308772592,0.7851185658517695,0
Dima Hasao,37.752830284624004,205.49333628666457,15.837384170718344,1063.790106027847,0.2965095599988749,0.029472930626705487,7.952798059300528,0.713924924426598,0
Gangtok,83.20898932803476,95.11381662835292,53.0667298824065,447.98097756881,0.4693137028930304,0.6284246755535872,0.7545427516123735,0.8348354201802543,0
Gangtok,33.5349120977934,61.58046462124534,40.1172440536949,654.0334846044283,0.5507376991081901,0.06272851634055455,3.165345513335223,0.735422995012506,0
Gangtok,15.215805910390648,276.8905158033647,44.65977899552395,2143.284379261303,0.16832634475486996,0.09594428647696727,3.5191758681142997,0.8715371750207694,0
Darjeeling-adjacent-NER,16.55656972325767,83.07844716783586,52.32806549742613,937.7545822483517,0.1467164273984396,0.48989858513755263,0.5286862731972757,0.4609500354467274,0
Aizawl,29.106405628034615,182.2048687069696,30.039185196882777,2116.407836920469,0.2598813521785202,0.3325250647081455,3.2654561440423846,0.37017096912351954,0
West Garo Hills,21.835775919786414,163.18588181358027,43.18057652036909,624.7883187760891,0.6066860858407973,1.0127805293576244,2.6102710523833004,0.3900121737144624,0
Darjeeling-adjacent-NER,52.44707553535113,135.38805246529523,14.49587267733147,855.417294730004,0.8559480399175449,1.2345651506527069,0.8598981935850274,0.8828848166537987,1
Upper Subansiri,2.506115526828615,190.55186794731088,55.806577721269896,950.5130867001676,0.6375591464499204,0.1507286642450766,1.8489635910545728,0.5249682795340631,0
Dima Hasao,66.36649684445432,247.00767484196933,49.45396898586045,1664.872455195019,0.6553061923080635,0.15674172785787585,2.228895861798757,0.6258293909947824,1
Churachandpur,34.985521728163825,294.73967613919876,38.33572850044577,1348.978377563796,0.7849087287016037,0.0941582041258493,4.528183682274642,0.7301528931791138,0
West Garo Hills,20.665483893655832,259.05731252698416,36.91622879774204,1301.0107086648868,0.4825537846673097,0.29160638505570086,0.33333294449955087,0.3986950635275764,0
West Kameng,32.46931266766512,195.1962117390758,30.85253826745302,1822.437161513912,0.9205176084243026,0.18991812873497146,8.936744625422376,0.5548063503887436,0
Upper Subansiri,31.83452339152788,131.03025119814015,7.6707570029940655,1563.8661663716196,0.20339239504407908,0.0059044949415536264,3.6650483713758035,0.591324574663082,0
West Garo Hills,75.72690774337458,203.63591316740076,51.356264918601205,383.8763018681648,0.47589341776311067,0.20098115997442673,1.9141666050164745,0.3653071727679768,1
Darjeeling-adjacent-NER,95.62441389638917,46.13404909763857,47.33686448454633,1772.7956068797407,0.6676014212115665,0.025474937322795474,3.7428234618254645,0.4985558822414658,0
East Khasi Hills,51.29803199258141,143.2258946456198,51.529040526269235,557.6161741230642,0.5039802277045599,0.6418677885649284,3.302774895817522,0.5017958299810826,0
Churachandpur,85.74661258982947,169.23547861443632,39.35896821027642,1791.0346512952078,0.5473434520468967,1.0574281509513612,1.54106531639544,0.5937652350993862,1
West Garo Hills,57.45807950075228,430.82588077823635,32.9045460040718,1464.2209391733784,0.20623863235897372,0.14029068851964055,1.0238761946819377,0.3565364083217229,0
Aizawl,55.30045546607746,179.78900357773614,47.16634877705751,1540.943934587887,0.7331145411945553,0.42074480219959964,11.185957387101052,0.5301452481108363,0
Gangtok,38.036531617186306,184.42069388678678,48.95672963685799,935.5843250177938,0.24569096491753567,0.03707467275790653,5.393646204929883,0.21497549832664242,0
Gangtok,54.932148144508794,173.55557740025418,17.44473176960462,550.3799602970046,0.6015389519696686,0.1807233430586788,7.535802765136661,0.40578787349765816,0
Churachandpur,42.321625994819584,201.7005151664188,56.14797978513386,1109.1105119148306,0.4602707561255124,0.3431267416673609,0.12421377605081414,0.6425476458888095,1
Darjeeling-adjacent-NER,46.97313224861352,67.29995631273931,28.791359287801185,1375.7673385649543,0.08807701949266558,0.04400302391456961,4.221552636426436,0.6504853948924313,0
Gangtok,74.02452615135564,165.5465169897331,27.103277579482672,1544.1583243601247,0.5067408514542525,0.18937333620614857,5.546243757010968,0.9411903677847655,0
West Garo Hills,13.535352371233166,84.00407594391285,49.9185128672693,890.5605320484719,0.7227782839944146,1.242586733066764,1.6199207329948804,0.7532048302051108,1
West Kameng,84.56820165934423,121.38370419645702,34.08784804682588,795.0782899413907,0.16867361754410493,0.07264843096977479,5.53953322234095,0.7810561670171616,0
Dima Hasao,66.31034323568113,112.53693983487113,54.91701800722775,1009.2726481316333,0.3353239073754889,0.3872753311407383,0.26584221195693114,0.5610989123252577,0
Dima Hasao,4.822532379053416,112.15207777540722,44.69914484835052,1679.3505649315416,0.831179920158514,0.7167385152580756,0.15595074232289252,0.4822583918859532,0
Upper Subansiri,37.598192581237114,149.5765841683007,29.85487047830223,117.53615997151951,0.41629413813611277,0.5899118858615741,0.8617202469942815,0.6017092969917058,0
Kohima,12.64711842726708,314.79180203080824,13.261898881158325,1031.807560583748,0.3020279731848075,0.5902809779230843,0.06648240089996409,0.45195223421708014,0
East Khasi Hills,34.9990502197871,203.77924859636823,40.13228440751416,783.5858496503843,0.8407015662287575,0.02437699722603615,2.879943933104381,0.70322361785239,0
Churachandpur,92.95776464317683,190.77630754842943,20.778487043273397,1498.2439895542211,0.4409441104397523,1.4537836285653976,6.5421878072031445,0.7201944219368399,1
Upper Subansiri,12.558956439847236,194.6674652185715,46.37998789114319,1842.9437398399755,0.4346223268984505,0.5195251160262527,0.8740949503123663,0.8472127436278094,0
Kohima,27.987728715471683,123.06397951118248,25.068170684502103,222.07757744554203,0.629718180765534,1.2346212149435996,2.694120006244129,0.3645065000107759,0
Darjeeling-adjacent-NER,19.291516605280144,179.27945164985434,39.062324084726434,1390.6139584236328,0.47560863009463156,1.5502529874304596,1.5780076332772381,0.28763773305690427,0
Aizawl,31.11687022644103,29.06521310069173,41.50911932584811,1730.630675005491,0.2737151286861074,0.17664597356980757,0.7361195868119036,0.08898080375089464,0
Aizawl,52.19925066966851,127.48678740917777,24.15098197187791,611.0317477574687,0.25449459629830407,0.3135635626753648,6.26979933958893,0.8902254470400032,0
East Khasi Hills,5.439940692745471,129.0205098314618,20.79633199955699,1780.9876782794818,0.3842907266127553,0.5229419073486522,7.9200099519247615,0.5866601869767983,0
Gangtok,55.181426821491506,111.30501633212555,28.437842915581378,603.3389684631319,0.6034291522704449,0.7564121912483063,0.3618557691384932,0.4272133308803015,0
West Garo Hills,121.99390909209613,347.87517254708,32.60353722780411,1555.514323945596,0.19638666806483382,1.4154598528030833,3.6414923944292665,0.6973590125966708,1
Upper Subansiri,87.55229162211762,222.66367046180667,53.95144105363628,1903.4053467255517,0.6058038961578487,1.4669415508502954,0.5231535426996612,0.7686400305806529,1
Upper Subansiri,36.03433224937064,394.4635660503947,28.183300085143216,745.0757218878355,0.5194611633363296,0.1588523657112205,1.674667386849106,0.47396120246965984,0
Churachandpur,25.239873496855715,235.94401519435468,48.20000394994203,1041.4036301620313,0.30660160124153807,0.45637183359603783,1.119564366477697,0.18403062548989027,1
Churachandpur,120.92435443681404,278.06152304142995,18.3886802352536,1868.1269827569117,0.7452501981256825,0.06356672866103827,0.6992469799684969,0.2910333929153527,1
Aizawl,41.05600867115341,271.2224087075274,28.886338476754307,50.0,0.5864158770360453,0.6653976745210917,2.8160553706363296,0.6015629329650317,0
Aizawl,168.96325111808508,272.8217146530758,35.08632833325601,1492.1965656619022,0.5085507679044919,0.06950384509643928,4.834393956045788,0.6623592711175248,0
West Kameng,35.062043963085735,75.2440115639139,38.03875489132615,2278.8692451480147,0.6270610194267785,0.8853915207242825,3.7986495705789074,0.8124349609703809,0
West Kameng,30.317493569514898,76.33552956366469,35.94819245618615,50.0,0.23487883770363044,1.5472014780211,3.202888328559549,0.768555267739012,0
Gangtok,16.456468587373216,342.618073868246,25.557600605079454,1846.427186399927,0.48550304595280874,0.03612234621281644,0.1713854508132699,0.533446089696353,0
West Kameng,77.0847724031694,56.495176169178436,42.75269596532145,1694.9896346933062,0.37753978262174714,0.28727038914703373,0.2562639396777071,0.5744281043737591,0
West Garo Hills,46.933140208054155,242.46358397719536,42.81866048733053,1167.72268767644,0.4450913722149307,0.12300794178246031,1.5629253428207805,0.7664881680082086,0
West Garo Hills,44.02608969868396,217.64197924716885,21.682586182724368,1445.912084755435,0.09085199583491974,0.25397719091455956,2.028492701542835,0.3217734034796562,0
Upper Subansiri,118.8153349154021,155.98610228709052,37.643396488957386,1347.3971717283446,0.4260883425495475,0.13912838332069435,3.21283297469024,0.3367766156321182,0
Dima Hasao,51.1130440350701,360.17245253701765,46.93613076830135,873.4590708001333,0.6593001277661205,0.02716045052493281,1.0995816055497496,0.7843205990741429,1
West Garo Hills,90.46020273085513,141.23906407201227,39.49684463797102,1942.2940184516635,0.3778836193079042,0.20043522464465294,0.057982585071341866,0.7405314824788645,0
Kohima,57.488210523420335,196.05571881587335,37.99881803238796,1196.24410234737,0.880942419872689,0.09154883699884721,0.09192286849498568,0.7670286316054947,1
Aizawl,59.52229097786095,61.0051497182016,45.43734354286081,1436.1706936736346,0.47605050347652017,0.3187721791470381,4.8246341069127165,0.7326997958261965,0
Churachandpur,14.212842989699531,223.23906123569748,6.540646925340901,623.9626853377839,0.7797308385282586,0.4564700012021679,0.34399945341359706,0.898313239843558,0
West Kameng,55.91938498430172,215.8244546360425,52.19866983249568,50.0,0.4600615014187546,0.20788408377491915,6.907341230339971,0.5833883296148543,0
Upper Subansiri,42.82260607115068,50.91645863237596,6.161903112114178,492.69797010923367,0.6682782867490109,0.09108155956446917,1.0110191614456667,0.6162876552132621,0
East Khasi Hills,41.90255842513447,329.5569813000088,50.49402720105334,2297.504144136025,0.4245001847476007,0.08513122558814502,2.190590970849255,0.43729968327931357,0
Churachandpur,67.2024937791585,220.62627256855382,13.127881165882412,1586.5217872663661,0.2599912369769203,0.000955983575017025,0.46166535698477906,0.19946062560616293,0
Kohima,13.097110564360223,251.63257710435312,28.228876577553983,940.7755172934147,0.6346984391384536,0.4847818876740201,1.5130123436984335,0.6643392605660056,1
West Kameng,6.048094325752071,153.2854108478996,47.794600459138145,1543.4238021120798,0.5160982892019474,0.11674358115511951,5.214842396743791,0.2875580487258718,0
Kohima,40.51194840566968,51.94340146687333,21.453549977359096,1453.7120958605772,0.7546979787481025,1.4126108965131825,10.35874108090066,0.8313757999524078,0
Aizawl,126.7796320929036,125.16615270160455,21.14701418993588,119.45807049193104,0.5941620526669608,0.5498367091912786,3.636891735667766,0.5392414145865836,0
Aizawl,15.940429010486007,125.92258151864763,26.920188857779976,1709.9299577079823,0.28440716930312987,0.14003777902395018,3.6163595502705976,0.670391346407556,0
Gangtok,16.871856017747962,197.0121938085047,20.888473264163057,55.13706575763308,0.6390413989124859,0.06923964315269607,5.4138606092728025,0.797656152312686,0
Upper Subansiri,41.628878546928036,47.76843818967866,7.430378578654732,822.7498650433057,0.17688992139923498,0.39163246148477465,0.7022402093121969,0.8599961754865894,0
Churachandpur,34.754426154865456,157.60943661691,14.614837289790097,611.9216915741426,0.25764228246206744,0.7996836244607232,3.3320422482684804,0.6223591380875804,0
Darjeeling-adjacent-NER,75.92425101048794,76.80029513899322,47.80008510226375,1320.642187340108,0.47927277432936444,0.35113848585872814,2.043017242871659,0.3617066233512079,0
Darjeeling-adjacent-NER,59.19895177590387,145.97184088458107,10.956980009135634,1326.5895093630743,0.3728703304195603,0.004413925958415089,0.7584527936242227,0.8351364699338045,0
Churachandpur,16.53314648137737,145.1150554002336,38.41016366066943,50.0,0.6642411040228237,0.6172666022448606,0.14267686648143105,0.672615920932069,0
East Khasi Hills,43.900836056592546,153.1168780505953,20.52041595220319,1938.055232717254,0.21762832010520664,1.3321782504661117,0.5604241050591131,0.6919572889180815,0
Upper Subansiri,9.282132424159,198.85655828999816,45.570873845449796,1237.4692172542307,0.29883929675268667,0.019454325143782994,2.625913707611878,0.724644854527411,0
Kohima,41.62947559308603,452.66391084484377,41.82405413330564,1777.7111362873834,0.4385652963656453,0.6624659096320626,2.1090385906692957,0.617539699708642,0
East Khasi Hills,12.346533554559002,102.78588630200576,32.74583798235246,1219.8892057643739,0.2859986490754395,0.5077534570141645,0.17946744403536202,0.7064569869943095,0
Dima Hasao,35.33742384598807,469.050853293714,10.680141794597954,1305.6212149652201,0.7349077213266971,0.20266448966726386,2.0656214198101446,0.7205360709690225,0
Churachandpur,33.90951058487007,177.9992300990856,24.709217181227693,339.39059241603456,0.9694354213624083,0.4021266001103196,1.23840336373205,0.4837959928604018,0
Kohima,79.5300399806425,113.88031846358564,38.26878955313354,733.2430707884012,0.2783666948205302,0.06917281828716908,0.03761074214158343,0.6023739330119694,0
Darjeeling-adjacent-NER,11.583343626414704,211.3356636354469,13.209036115714927,1070.9634553417409,0.5323256120479274,0.5093220626990603,6.005796403930741,0.9532128069505199,0
West Garo Hills,85.49465380103268,60.35116690153531,15.059935343691752,1617.611526869967,0.12283290531593621,0.3481844022786913,0.7472827434689326,0.4746653754500709,0
Gangtok,14.945453903467925,54.587853996253436,20.164602599989262,929.58703925281,0.2130299733293889,0.03622538366110304,2.0152043697284814,0.3239881834466064,0
Darjeeling-adjacent-NER,2.6141727209218764,59.72461549809914,30.707060923977004,768.4705519860507,0.20987078531389597,0.810704859871811,2.2237829968726786,0.6596639484961698,0
Upper Subansiri,64.8680704548824,130.620366757085,43.76349648624987,657.9546280978864,0.2838915288437778,0.054952371484143225,1.7269201462425232,0.5361729439833216,0
Aizawl,92.65097553023098,182.6989788090174,27.964119332034414,1415.0861254422618,0.6380388867331007,0.23071755281051917,0.6847175216573889,0.9105814819814284,1
West Garo Hills,55.99278465012007,57.10743738663054,23.351319326900718,1145.0484987619707,0.38929648336860456,0.05624472900456021,1.3079479656049398,0.7180404290353702,0
Gangtok,74.95950049924743,369.4957443324862,37.745816660685655,670.3270599430095,0.49381433593769875,0.41552081062258744,0.8573917064927046,0.8656214869235909,0
Gangtok,132.68301537816617,335.98671236028815,43.61970810290476,1083.8426688212348,0.5822256388506585,0.535543393968623,1.4209440317280189,0.8055758212831041,1
Dima Hasao,43.338034072102275,143.17565416740254,55.76577175325468,748.2808294497352,0.6039912465831675,1.1767433941225764,0.21569419575917698,0.40201101120610633,1
Dima Hasao,91.2165741214882,51.55624213102494,45.16110538245247,613.0071576048695,0.3741026966730275,0.116464028612536,0.45364899125569486,0.2836156695364631,0
West Kameng,85.68295338020422,184.30726160492333,46.00767050245684,241.13239135477568,0.5930028105731655,0.18247013330838946,0.36984907144319396,0.6128829489169442,0
Darjeeling-adjacent-NER,56.294817991087065,50.16229093359984,20.678672411715933,384.6773090416913,0.24890782808855808,0.19557220293090385,2.2596808923331224,0.8352345447817856,0
Darjeeling-adjacent-NER,88.21021228347969,200.21412397341447,18.124187811319622,1168.359113660083,0.5161063581874747,0.040813553305191166,2.6670255774871214,0.7936909632037566,0
Darjeeling-adjacent-NER,19.10774996381159,236.08672732665107,56.231243466897205,50.0,0.09310947795896438,0.6599103274580262,6.132241985243927,0.2055704280356375,1
West Kameng,134.52269384275135,195.711313272689,8.440381252876948,694.4696703892373,0.7745863477708778,0.03453203221016407,0.7600780116870234,0.7389836199994902,1
East Khasi Hills,57.09159973414464,391.69528495313193,47.675621943932654,1588.2229388014644,0.09489911909554494,0.16532507982090164,1.2500801513370936,0.4237444559053952,1
Gangtok,41.96435503780282,87.02303933288505,32.93598443996422,1789.1936203943324,0.23415532682372936,0.08447806845737094,2.435004059016814,0.6564884516756696,0
West Garo Hills,16.581863475983287,124.55113331382009,21.326607550531758,1422.0914395577026,0.20682309402126767,0.43670992672594394,8.917172641855494,0.8235731975183592,0
Upper Subansiri,37.2959674299046,156.54214502963376,36.667930170006656,1689.547972496709,0.09273668221960511,0.9439587323880123,1.241966090383755,0.5073417390158325,1
Gangtok,27.525982849480986,243.54144535849878,32.05163970328792,1211.7963900519442,0.8496199640126162,0.548932213533733,0.8548734566812289,0.49050842489926616,0
Dima Hasao,21.23339213944724,234.57089282786288,42.89930339827847,568.4019775012341,0.35744740840461064,0.5958067721992045,1.2267186400654315,0.3283714409062121,0
Kohima,44.58567873228658,117.94047868082654,56.09992170174505,1611.4988974795683,0.718176738037201,0.03270221058660645,0.9251209559833338,0.4188599738413355,0
Aizawl,31.27612980349039,83.26697381387773,44.23382917894092,1492.017142683515,0.7650597264313945,0.5372342486373455,0.22232152619902665,0.5696738348141089,0
West Kameng,47.739239604732774,107.53547455998891,8.300064212808964,876.0280021104124,0.41672185745638424,0.025828441021242262,1.0615613869330396,0.4524236344024829,0
Churachandpur,54.903094306876945,135.92293462573895,40.26765014655401,826.5506811249268,0.5537499645590486,0.2648197589618123,2.2006497069808155,0.5825139238988721,0
Kohima,63.4988860617977,238.17902135170556,18.532473219333234,1172.6069859368126,0.4557520157079546,0.47099025826093,0.5046567409551012,0.3030718052836336,0
Upper Subansiri,59.46867123239398,164.84790099877483,49.63953042223559,1879.8474011899693,0.5091384589328777,0.11760600767450408,4.484343235375954,0.421567461804189,0
Darjeeling-adjacent-NER,107.17461795425585,376.3530899666287,10.20712721119918,974.4411808662506,0.18619603444151223,0.458996888908726,3.323470372103513,0.5279960206551791,0
Dima Hasao,23.178103325508367,63.626909902440794,13.31904891779295,50.0,0.10737224049809496,0.8498784102580768,2.044427646556199,0.3848569024105719,0
Dima Hasao,46.63572464920086,355.243206960167,50.03483081043741,1460.0671668444747,0.6639445606537465,0.8413807382532907,3.343706808435671,0.3587184039818392,1
Dima Hasao,35.913038838950605,250.89721148256544,23.958248853964594,534.3954007166075,0.5821308464571345,0.08532869059283674,0.9519281914802338,0.5169576329680141,0
Darjeeling-adjacent-NER,22.819799681799804,78.32532659604438,49.671042537010294,1467.036594736636,0.31876277764060373,0.12836624552120995,0.5582800250657445,0.14040992152682885,0
Churachandpur,46.6304408366886,46.45343611056867,49.80923254172261,1443.9920240621407,0.6123086289492209,0.43869091961495843,4.6172356166803725,0.8176289230146734,1
West Kameng,77.51812592896908,143.92600850802668,25.49826935043759,2123.1372573881326,0.5920300044954067,0.736335190773045,4.270296804583636,0.1939609782666205,0
Kohima,44.408573756143625,198.12221858167499,44.291747351835966,1140.4749027654484,0.29470715728355895,0.24294833412921815,3.3290783159568753,0.5875052445781421,0
Darjeeling-adjacent-NER,43.01514162997473,271.5626878502947,31.53375636246753,1497.6004389604154,0.37578411778497206,1.0214454988980737,0.7403222870366926,0.8192622626059318,1
Upper Subansiri,26.486917500864354,74.87841563553961,54.33283372952654,1280.243362410501,0.5279132703746935,0.3419038286709717,1.0526823277587183,0.15680295641212094,0
West Kameng,31.913963282284218,97.93141665774473,19.070756874674075,1727.2644900701525,0.5186368528701818,0.12149615906686875,1.1974087975683663,0.4079386283040762,0
Upper Subansiri,25.64393309394561,259.95757455860723,29.205996496412624,50.0,0.42989034399192894,0.008067187145359214,0.5090775751026132,0.7659836591645434,0
West Kameng,25.774923323486753,113.8432624366038,44.09366266728307,793.6943297827775,0.458892499279721,0.6587703443567445,3.568185869006423,0.6833019252001712,0
Churachandpur,82.50574534922251,177.97569417293187,51.76108574154866,1051.8804225745957,0.5440332457916944,0.03895876725472122,0.5104871437159306,0.656270077261408,1
Aizawl,31.830436480104957,121.28104412057831,11.672086678035928,1228.049633087865,0.3942908016828761,0.03267625059673813,0.626770946772536,0.43170097661262763,0
Upper Subansiri,40.61720909098257,302.3826028706622,40.33151550684627,471.62544693594145,0.8411556208759734,0.6004725949819957,0.12343252571435098,0.3601238992962653,1
Darjeeling-adjacent-NER,32.11574321742597,176.85726602063352,12.639231032588846,1377.8234192583097,0.4653808316909444,0.012864567161447264,2.721773460966888,0.8351736587386058,0
West Kameng,21.11895943139598,122.29726835488822,36.55792007043351,1729.3502887416748,0.2658286090579044,0.739992999785726,6.612639183371788,0.6405275187846026,0
Dima Hasao,10.044134400785449,116.71401324971053,17.23741942396919,784.3783822667051,0.7190520997990619,0.3652429537247097,1.6529804041248728,0.5132608599396996,0
Gangtok,99.22906436990829,190.47246966953514,18.423444465683495,616.7131020815909,0.6363094311017857,0.4048403009360483,5.701967486614162,0.6068164918419743,0
Dima Hasao,44.14279580282704,183.9132140497244,48.556816258119156,1437.2657285322314,0.5253617611359293,1.1125780006909514,4.59712844508788,0.6380203727551396,0
East Khasi Hills,3.825087593864799,126.92470228921263,30.171422346887677,1295.5499519219607,0.1346596432525779,0.8060354192089432,3.9582274461470734,0.6240489645225046,0
Aizawl,38.622223672373835,313.36469180422995,5.791602659756745,1340.0975957532548,0.23949253537664006,0.031615292035111785,0.4587265911609681,0.524562563644166,0
Aizawl,20.20661067955117,202.1904407782726,14.743478411110534,328.6520294489068,0.4828577399122844,0.7668897830538605,1.184304474117037,0.8842811568952597,0
Dima Hasao,81.10146359037063,78.56990869446409,39.20016835317375,2841.6534978818636,0.2047224695803698,0.44001936685516063,2.72541332573435,0.8691426054283095,0
Kohima,57.93637197365719,304.39253881116525,55.26750731966022,50.0,0.371205654739051,0.15237140998105855,1.0553449902685677,0.9002647306018602,0
Churachandpur,18.271978339292758,88.3947489589353,11.92604998672964,1719.3840738071276,0.8981314226570236,0.7679119659044789,3.1023800906576953,0.6840012461402069,0
Upper Subansiri,45.13087075426891,99.78245361489097,13.316947661070069,769.4847153186195,0.9079236981458846,0.009429795479004716,0.8467044867958806,0.2671191889824343,0
Darjeeling-adjacent-NER,29.976558090363632,92.81489416176876,31.286701308806347,3013.0708063850298,0.1550858051822251,0.726938817660776,1.2464834649283194,0.23987575538273445,0
Aizawl,21.20970306421667,154.1542433145576,28.557799931543723,1463.5617382401456,0.3860163774909591,0.38723462704732226,3.287366626584994,0.7845574446316551,0
Dima Hasao,87.62358013581377,129.51913635402468,44.83129914821562,1840.1023568567643,0.8405184278402529,0.12107378151524573,0.31357996829175644,0.414190428474807,0
Dima Hasao,79.76496194928602,103.26572801478002,50.93542389896432,1498.7523491916018,0.6687601459904775,0.002389963187592757,3.8635902699264464,0.5581057805648916,0
Churachandpur,34.32521614688172,83.6362122384913,50.47465004564434,50.0,0.11713458655899607,0.29469351389420606,3.1169634694141752,0.19312864486513165,0
Churachandpur,16.021214699820796,344.1955369619801,36.22957106321484,1267.419286365995,0.6312468118167155,0.21945002605663536,1.4929043237485513,0.4871107005990507,1
West Garo Hills,51.40551888496911,296.4298746046161,48.411308705282345,1416.3505612916379,0.3210694564659559,0.7937915337771192,1.4385232660049339,0.7148987013509543,1
West Garo Hills,90.96439532240419,253.14843658020226,28.881795402205977,1484.0762869671908,0.5112107138890299,0.6203080582140501,5.92888265060889,0.9140896507297959,0
Kohima,13.059184417345456,184.00912068775207,35.89220491662796,1909.8392272095111,0.18018483291254891,0.35630562766316404,3.14935398460724,0.9196446283245052,0
Kohima,87.27980764842506,106.34433168375462,27.98005561599205,1336.3087847787567,0.4786538937413559,0.06540731915685027,2.4200500942800787,0.8246772797847558,0
East Khasi Hills,24.719687578624427,133.65711572576112,53.762008054041445,1682.8258030814445,0.16667614035324715,0.518031943317198,4.991028511278114,0.2924347603113191,0
Kohima,92.90501587616407,132.3462574220118,22.60798494145783,743.531179477836,0.5592442337720888,0.3601890207601222,1.007218749823697,0.7039776934452848,0
West Kameng,35.664184875494605,140.85965185710882,41.687562458455766,141.1451600669718,0.28330965197959146,0.009120531192197594,0.8446315911115243,0.778084864388938,0
Churachandpur,34.60260646765963,94.5444242398706,35.80610644905794,645.7785067521747,0.4251793110944703,0.5738696160549582,0.5887052406892593,0.7739875593676648,0
Darjeeling-adjacent-NER,27.212925996516113,283.5909265425426,15.006716631636076,754.4518269293166,0.8484892039853876,0.7128516509091016,1.836132791776046,0.6695223349108065,0
West Kameng,47.69237057972296,261.90924113899734,25.90348297975605,646.5196910508163,0.355365702152857,0.5957635659669974,11.077239816868065,0.272736449488745,0
Upper Subansiri,45.7545362650875,101.2027329274312,45.72122761717201,465.8213201082491,0.3559640691953908,0.07759439253504433,6.593674559052748,0.8641741107912218,0
Dima Hasao,41.194041682466725,109.1153023006782,35.00742983501166,625.470714587159,0.6768422619302605,0.2792643398306466,1.5188220468942673,0.784001629112869,0
Kohima,38.217137113830084,142.57203211728148,28.951846606357623,935.6753476695183,0.19475326416491215,0.2997021853129788,0.29509896940183733,0.6352721710196054,0
Dima Hasao,17.91875368462646,160.36909580766013,45.24270659100511,587.8227677166274,0.7407131551137032,1.0893941490170145,5.190444394194427,0.19063127649643144,1
Aizawl,63.333356896020696,177.13996243246,13.908075453083276,2740.3983367759656,0.8191544436154564,1.039340571914322,6.397034402031842,0.6884423236606291,0
East Khasi Hills,60.30896052262228,154.21212087782368,56.365163058356295,360.15017918724436,0.6815159912180562,0.02572131359272825,0.4699428168430321,0.7008386131062073,0
Aizawl,34.84604135543519,147.25751962350526,50.245583271515386,1463.9566858706823,0.1459092378374036,2.8509694539832373,5.373760936671562,0.607367058362584,1
East Khasi Hills,10.878061812792264,18.319772257521418,27.961217710812786,875.5019343099568,0.5883587212474206,0.6180034827394043,1.4777436576181433,0.77632008829212,0
West Garo Hills,18.13540467469791,121.51003022941727,36.93451338381493,1522.0946073924786,0.6149188452635634,0.18834183562129622,0.0293310019926122,0.46337150478792477,0
Dima Hasao,70.21543941165253,163.267686336299,43.571635852659384,1054.7540211426244,0.510568919378845,0.5439116136326141,7.167267041403206,0.5219124943446467,0
East Khasi Hills,14.158169822638056,131.49990188901558,36.46319798511002,1710.440513819918,0.7024575819586552,0.1890589066348676,0.10936535107556501,0.7867048951433074,0
Gangtok,48.58332220143573,229.97960654641298,40.53263366017971,960.2413701089287,0.4733975781203738,1.1012979203592852,0.0880531132097885,0.8652885612881509,0
West Kameng,56.32675430998234,213.6362148897527,48.493535082037894,1252.3890811229594,0.11757288659807726,0.18999886557742315,8.274603540425195,0.6824254078509796,0
East Khasi Hills,29.36881022112908,180.4171131897955,22.138877581600994,50.0,0.320715738224476,0.5811417614911231,0.603862623080732,0.8030924198234937,0
East Khasi Hills,44.81102189651258,288.6234639332401,18.309407554450683,375.1561742347409,0.38637445628887795,0.0674972930176784,2.027746310189519,0.6411840780121784,0
West Kameng,75.47538628329234,355.850532757015,29.084493349461145,267.46611406428633,0.38079428556059025,0.7650765213650543,7.148621667686791,0.7461901822823638,0
Dima Hasao,38.23409106707133,381.49841729704946,31.115566066092658,2109.842877333277,0.26996664567423306,0.3875011193021805,7.033920067326218,0.7812421320734475,0
Dima Hasao,23.45440615296979,47.42209085145928,27.894526011052648,1759.228524626573,0.3447165149588281,0.659272735036589,0.4782511250639493,0.43472937274351164,0
West Kameng,14.089776617647187,157.62746508836597,47.27007133650947,1316.9201913572997,0.38263333793346266,0.21648602330893013,1.8015312768000777,0.6612381803171596,0
Aizawl,30.634924192147217,300.74502218765883,20.855455144411085,1827.2880567820887,0.3080538249271194,0.17005189619119718,0.017444363745409867,0.8653626039286075,0
Gangtok,44.083335260511404,110.81008062269804,28.487932480800783,591.7126734034482,0.8200738890389434,0.30424680755800537,0.23682908798590194,0.3889465884771665,0
Darjeeling-adjacent-NER,4.610693172644463,305.3441422193571,17.251954663835864,2092.527135772176,0.7708318413837257,0.19653267048701106,7.39843069845202,0.3115477514284024,1
Upper Subansiri,52.621104663514565,204.88819314982715,39.48031912572707,1258.168164846138,0.5454132229779961,0.2887401998436108,1.3410463473189116,0.38497838054376865,0
Gangtok,40.713226628774194,145.03639016849203,23.072846213900874,1057.0099225753106,0.46602132550006203,0.2253015629283086,0.4068565440095454,0.7512671013058229,0
Dima Hasao,38.38055433131679,99.4490821926745,13.841102059904431,1808.8911401332928,0.6075372029606907,0.08758263156971283,2.4951405036546728,0.663359706143153,0
Darjeeling-adjacent-NER,23.06788066899381,587.2653585976526,39.0589093709427,1773.1539605531354,0.28910979041654417,1.502502897038054,0.4758742996295735,0.8554080164355726,1
West Garo Hills,53.41084601488548,189.01995566590642,45.57064394188038,348.35620483300636,0.5372659123023376,0.006486445427024268,9.797877672001336,0.872294321724496,0
Kohima,34.14867729668059,57.30279080893708,21.413040983245054,1717.0772770998,0.6079983317807665,1.0395747254813228,2.778098491878141,0.8499316991227736,0
East Khasi Hills,49.573576265268244,98.601650102875,27.989610019178993,1096.2712991078438,0.5658473589650929,0.702697413570486,1.1498467425438583,0.3746173074864641,0
West Kameng,26.87965142450452,107.59041279967666,29.488956815242247,1366.4162329314659,0.5361430368933011,0.2185144241682916,1.1997327891880973,0.6894014427668691,0
West Kameng,52.7811728912196,277.3457762789585,33.5114937448092,952.8670326240273,0.38657204776189025,0.1555004322489261,6.220293155899838,0.5095636053947562,0
East Khasi Hills,42.71971876912489,265.0182111164742,25.438191003515232,541.6947370877945,0.5554841174210375,0.07197923917474326,5.635095096344518,0.8391544708095883,0
Kohima,158.75196605006073,99.98534828941524,44.7796453103165,388.12404814628576,0.25708803377400663,0.057114103416445974,7.488418007324354,0.8286441861642705,0
Upper Subansiri,88.7468986080913,389.9039313564763,16.656650118042595,828.0186898136192,0.4831068823764372,0.3202204895472631,1.5112286556154846,0.9627033184941769,0
Kohima,51.946016548935226,125.18106044301754,24.600934682642407,1461.5321125556231,0.45850384465142485,0.044563375254025234,4.755324560913147,0.6307383385194395,0
Darjeeling-adjacent-NER,118.59798843532386,107.46685533186367,28.70026574586674,1352.9438966895545,0.461353387846232,0.2588654163945828,1.658170773471178,0.43761557715904775,0
Kohima,26.010812084893516,23.16646166351991,31.569937715723878,1321.8662330200477,0.20583833028633822,0.6743340642479293,2.505775325033781,0.4768739590379065,0
Darjeeling-adjacent-NER,54.703730073548066,132.8755256756475,34.96621415928908,1678.1494721592017,0.9670392261948033,0.5659076250492913,1.7701841047933586,0.4552824900763782,1
Kohima,29.10308749314046,254.9936857322297,50.44490430818721,1166.6499939098906,0.4282584172829436,0.056861387597671766,2.3426667692547642,0.7564732449242164,0
Upper Subansiri,100.12089043698002,144.7956349711981,29.107875673505124,2337.0214871663584,0.3442421214799503,1.2984581537690643,1.7806775091049942,0.8232584386884576,1
Upper Subansiri,23.210139469651246,314.29091176308316,48.55924713703202,1426.324634112267,0.6696002761556529,0.13484411337002783,0.4205791234008911,0.6512117077056537,0
Dima Hasao,81.85511616135305,119.91350541761314,35.40977541616637,607.8366143428344,0.6362164287940606,0.48924946973280453,0.28680380712880144,0.7958740793082455,0
East Khasi Hills,25.490999364763006,155.95261270405857,34.18874691316764,396.991991338185,0.4945092053058636,0.14295385472688077,7.079570918660786,0.7721921084966671,0
Upper Subansiri,7.243463771527173,191.71177802957652,41.12771171257413,1399.543098698744,0.44117265030211056,0.38433343698022265,1.7820172868260729,0.4905217736009586,0
Darjeeling-adjacent-NER,57.48595591781485,152.24894120403047,51.438486021452405,1071.129853286695,0.5110982145887424,0.33990978371680425,7.111969123321957,0.8896341361442273,0
Upper Subansiri,71.39865512150097,33.620200896727034,51.16961939395763,506.5391997361371,0.38843197316927935,0.07855974616034422,2.894445722183296,0.23977259533982723,0
Dima Hasao,69.91765314635195,271.2274226840499,35.2712593558518,1105.45753910371,0.23188526196577897,0.42286410506902206,0.23295736611908724,0.818957584294866,1
West Kameng,10.435862805430276,168.57012630648038,46.64646960590263,869.4379150457446,0.24338664800351684,0.15781367449877623,0.5627457664685772,0.7054060083795564,0
Darjeeling-adjacent-NER,52.514541174067716,384.3109499583428,23.41958432157496,933.6983353698915,0.36156504636364667,0.3778251549934095,3.6497386549930813,0.1673812549749864,0
Dima Hasao,60.537307926343054,163.8026070961438,54.63062525351627,2014.4009120040168,0.6735273811631294,0.31181089489146174,0.48948735268237187,0.5606332634653732,0
Aizawl,14.588089336792212,336.05375153357943,18.452091611450438,1630.7435614300366,0.5164244202896584,0.7397193619571705,0.019383323242514468,0.637346652700993,0
Aizawl,66.8549948881963,143.3561643176484,22.653826160694063,1828.6003233397118,0.5394483038056936,0.09611189376695743,0.2963039275243519,0.9669222946650423,0
West Garo Hills,64.14974925232913,413.86151674532726,44.42780681774488,2230.1889093033124,0.8935022687560932,0.06567275346309039,1.6191979694132452,0.4280954045793132,1
Kohima,108.35030966227419,290.4674068300002,17.72825332790411,1275.0099677207977,0.6158788975733684,0.7721276149911607,0.44561138571596776,0.7478133660372596,1
East Khasi Hills,3.4476085882746967,210.65026466145207,14.545197828814569,1351.457150073862,0.4250525758375885,0.2351875221975265,0.11514986057341264,0.8999915064269827,0
Churachandpur,9.771125595068888,18.003469552992513,37.715816075425316,1395.963419220295,0.2894321697465579,0.6090162662441259,3.4024725127517113,0.8081844204117141,0
Gangtok,23.552202023823334,197.16732598530206,38.82804200960511,1865.7870237296465,0.3244735821365926,1.2832997637385122,8.94901942070804,0.6511151576587949,0
Dima Hasao,103.04799176029992,320.6460976778124,17.752378107299993,1832.4938524902338,0.6011095912487837,0.31439207114924195,9.597274823440124,0.4767769941043718,0
West Kameng,86.03779472508074,126.16361171268387,21.252435961599097,847.9003408278797,0.14768166037362887,0.1430585388162032,5.756056010067975,0.8288865839175131,0
Gangtok,71.77900876729998,52.285902877012546,48.49986251474772,513.8894806776769,0.7270210000532111,0.6323971989982047,0.048429032498875015,0.7922237333307585,0
West Kameng,69.97722438230866,95.69176612400659,21.151994799777025,554.8836550871553,0.16054485143137326,1.0691312124350765,0.686447995815523,0.635581292325906,0
Gangtok,108.73552384488075,129.81829345111422,10.731716434665605,1231.0401225231244,0.21085482261451882,0.11249403659135869,0.37036086492720155,0.3218778472653694,1
Dima Hasao,18.583064022093488,242.78724363281722,23.715553818123436,460.31151486478416,0.30876704596404575,0.46634302031492114,2.555588179208574,0.347411695653313,0
Churachandpur,78.53749221966197,490.91472026358895,27.872264584141128,1418.1288477162914,0.5719356077291696,0.6067145191731588,4.7358036395418495,0.5983073956693861,1
Gangtok,149.28206642028348,262.0047561797768,31.26327422178939,50.0,0.3659227578266226,0.010768618881871944,2.1210081805747136,0.9282260213011942,0
Dima Hasao,81.22556089034815,148.84886743652257,33.471825041434705,2322.238031926091,0.3015634370231838,0.3588582464325981,1.064191914787814,0.6979653229695697,0
Upper Subansiri,26.622165912087027,103.39358137500267,33.78501607701363,377.07809594012804,0.43328553927605573,0.40113765607459223,6.073412184997075,0.42645642757120883,0
Churachandpur,95.81268228360867,392.95060552967817,43.21405935202699,808.6779929658703,0.6263436183234978,0.40483588369641926,1.758919225047094,0.6176290454333243,1
Darjeeling-adjacent-NER,74.69063039613513,168.74487864925572,38.525213047403014,853.428086920024,0.4868304916212258,0.03514230841368446,0.4799757330623767,0.5276187115449357,0
West Kameng,57.866073905221086,138.61331380712667,53.61099755632559,2078.3666612362395,0.6667384792116918,0.00877070909549848,1.9055593971088356,0.4789799072695538,0
Aizawl,14.683138540009166,150.77427868897666,41.931060649652395,1195.6566804515383,0.3207652185914674,0.13908244378103787,0.04574229556379618,0.7968129963475449,0
Kohima,31.942648929899146,198.6843361717841,36.46390288721918,560.3237905902769,0.5394035609543419,0.1771624123029405,0.09818758839320946,0.6857035231200413,0
Aizawl,39.270708144358345,149.38754766395294,20.659874321174865,1156.719722366529,0.8713942262513553,0.06248556543449424,2.469424693749933,0.6221285980820268,0
Churachandpur,72.0568519342361,99.69910285322429,38.31650107957974,1226.879510200719,0.3275192848279366,0.2850025010514358,3.211771733223317,0.8036128389688748,0
Darjeeling-adjacent-NER,46.618829734222544,320.7349603880379,44.699464685707056,1432.0954480252744,0.47666103708538266,0.10327304305835834,0.37218052560610887,0.7852620633929729,0
West Kameng,34.85089066995442,133.87621084673137,22.1257211620813,543.1747928279642,0.6897067141775598,0.1647128923626742,1.9057934862252246,0.45507147353336475,0
Darjeeling-adjacent-NER,83.95706384342816,171.96274177442075,4.868465157337212,1730.7069840469048,0.3395786961621546,0.13859012878324467,3.7029595952509116,0.6129104465461672,0
Gangtok,14.490556987750992,157.6604952240568,48.12622691152483,1278.0097989494857,0.6010405854532627,0.5914190456715314,5.349853312532993,0.6733363697551792,1
West Kameng,18.083067463460054,186.55927155905178,26.625111553954415,2080.0737867909215,0.09894736017797955,0.8384728022816579,1.6062360418584691,0.3517737108445832,0
Gangtok,44.271555606602966,65.17518717798102,38.29397935429144,1095.9045120433593,0.8142598673155502,0.14179812408111622,0.32574079335464695,0.8467843500746502,0
Dima Hasao,27.564787296010667,66.28717897178024,46.77522392637039,1154.7244642242717,0.472524075316578,0.1890583874906376,0.17925006836855345,0.6112755785131255,0
Churachandpur,91.61848051488144,147.3640198862359,23.876611176433848,1100.5777281930582,0.7106424272252801,0.6755511850003918,4.854998095597204,0.7483872414233268,1
Dima Hasao,17.776347681497683,492.0504438082667,36.22931040681103,1951.0008878352453,0.42377346603217797,0.5693487460620269,0.20201073265868713,0.2672881623923014,1
West Garo Hills,20.452527621258355,114.93927143223006,19.80308793200208,1610.9039127013289,0.6047102509093998,0.4934892843303291,4.256588054042562,0.6404820554857372,0
Darjeeling-adjacent-NER,2.215936676109542,150.029720984644,8.437084646845317,761.3162921392382,0.4642675965617254,0.4922053526340845,1.4356853821620659,0.25978970469496593,0
Gangtok,58.31787587972852,81.35496606218796,19.198421507232936,2805.2435146592225,0.27221553401927073,0.1410611743079326,1.4336911025608912,0.13074753364201347,0
Upper Subansiri,35.23046656245371,214.25083153846728,46.537311445371,815.1317881960873,0.37827929052632064,1.1028680594464995,1.8275881262275075,0.8306314284016925,0
Dima Hasao,15.54939432553203,117.20899226801622,14.137359554540245,884.9193182267404,0.7863365952239662,0.6625994448774564,0.3648286108644724,0.8236729091816304,0
West Garo Hills,37.58488033118913,67.42887072902818,37.23378229872221,1778.2875242347957,0.793657259666035,0.09526822707833218,3.3922708783516136,0.48767635503167917,0
East Khasi Hills,153.36709393262132,109.67375269617148,26.603652158785877,1103.669230067547,0.4471662757855009,0.43406308034768293,0.8917017585910227,0.6952821689233503,1
Aizawl,23.397729341661293,106.76469018056497,38.739682747147775,553.1057117218763,0.7324159045391669,0.06731690963227711,2.2768838630962174,0.8091767489768408,0
West Kameng,31.749503503902822,236.24300299193814,42.41868140251749,1939.3988122628734,0.5154097320859036,0.34475442201049683,0.013370575563240847,0.3095889458824472,0
West Garo Hills,18.138545366309383,85.07961028011503,37.162472002348935,2401.4828213554683,0.821040191610839,0.1364880248818172,0.8265370048596248,0.7615547109798305,0
Churachandpur,11.281276911732316,123.45685896841388,19.052334660356106,584.935770400067,0.857731861714547,0.0444826976683971,0.10330288968906726,0.45179311076583234,0
Dima Hasao,67.17368323875228,141.03735987545411,19.53922254834294,1934.6753037036342,0.7225443118930884,0.3697047644302617,0.9407744727853106,0.76465460864745,0
Churachandpur,7.509979950071036,92.43836653505832,48.53737993748511,903.4650317439305,0.9030341328988786,0.8626929969912478,0.3372199313517776,0.7127618764089325,1
Aizawl,76.71802260697216,81.47316783667279,37.883708964911754,50.0,0.7446827882327489,0.060659869633958974,0.18154290201097584,0.7952913798708608,0
Upper Subansiri,77.58600851359773,125.66047025889475,29.97462986941085,1591.0765947677992,0.5618215721741429,0.9173094609021878,4.70931667850636,0.5970219524877699,0
Darjeeling-adjacent-NER,52.435020624528086,141.35934174788878,9.275064082183683,77.1259166103232,0.10073345358380933,0.05470081956863702,1.1349347216270789,0.7540560623475688,0
Darjeeling-adjacent-NER,36.699765589868505,149.66151043643816,36.73430059990574,761.8892998593769,0.4990627425695233,0.5417287824058502,4.36222776629943,0.571276149037627,0
Churachandpur,45.25128823751262,62.14304302138701,36.33930124482382,1034.984775696232,0.8550402788713964,1.8263109455790358,5.579407059651549,0.4244671657261867,1
Gangtok,6.976519700349694,137.23475485525134,36.915203786734054,1180.2549087310601,0.5785997188379427,0.039345135078194794,1.7633156253043059,0.9544670453256381,0
Upper Subansiri,60.491482973767575,223.90346786331773,53.21279225068449,1855.894340582388,0.5215167445404206,0.0956437982840246,2.0973556014673265,0.5867259520502149,0
Darjeeling-adjacent-NER,72.64459196320021,244.97495972482307,27.54344805470914,831.9874536954107,0.13299700726333039,0.24911683614632346,2.600094118705618,0.7482348227409138,0
Upper Subansiri,47.55601365769652,136.92629921380566,23.39048234519394,2037.4720316484822,0.4435713370086537,0.535149585940544,2.5870431189269723,0.8414390573666591,0
West Garo Hills,54.7105587204461,58.71051291731705,8.231703595893526,1145.095882533041,0.8299471117525781,0.9127521811444489,1.8884913315874576,0.8503527816870262,0
Upper Subansiri,30.569077257938858,112.69644012547981,11.823883795179759,548.2807980194005,0.24747331292846259,0.5224162865473987,2.255658640754024,0.7917983178673965,0
Kohima,117.46938941479286,251.38064736285176,57.36735483931205,1556.5606544827074,0.7814997625688755,0.5899992921241418,1.454471719888444,0.37211786296470417,1
Aizawl,53.88818185778845,15.249156639406426,29.303018822655947,2280.086440478296,0.26549936876181074,0.24069143400067788,6.196648780417232,0.5971112952978348,0
Darjeeling-adjacent-NER,56.184228435409764,94.99340146453018,35.75317753710404,923.6651829259447,0.49150464250025405,0.17590803875680033,3.1940655952120878,0.6677682228039772,0
Upper Subansiri,81.73839574309065,158.57764470109097,32.0878054065809,573.5615248148667,0.3978267783433974,0.28351890291400145,0.945554657188848,0.42820339105833094,0
Churachandpur,50.80297942788531,169.57861956177783,41.77194204819148,854.0308279396327,0.4063599053381125,0.41938732952284874,1.020018125967461,0.7429674051225378,0
East Khasi Hills,114.70837345068843,197.01796341933405,45.71438452768359,158.09288442473644,0.7971430316079849,0.2791370154286194,1.5184661651827929,0.4405402113314604,1
Kohima,45.40836562656161,52.437267104125155,42.389333789402166,1383.4815131922737,0.5423601827472838,0.624885896167826,0.08041866816251309,0.44776266102806156,0
Kohima,35.5125786031806,151.792556385628,22.789953599217124,268.6616031190322,0.3159942027253944,0.06835060144998976,11.884341223396078,0.6971801202433731,0
Gangtok,34.3355393238596,168.88461931998805,21.391138752947022,1584.9221316230046,0.647985757007285,0.20179684106452456,1.5770393651064871,0.44858963927307743,0
Upper Subansiri,32.564024972854156,100.09918055303578,49.00329017577081,1040.1769847793419,0.8794479292147468,0.02752977551970382,3.729804865325316,0.5820182068239,0
Gangtok,102.91969962948009,237.41380889783824,41.2688234270674,1616.2816008074863,0.41420053397899376,0.445211479435488,0.43048538978655226,0.6214457744638211,1
Gangtok,79.40971260721355,76.3249687300418,8.975641681465062,1042.2907911928046,0.3416204629920338,0.5659301825291997,2.348970753614678,0.5076435720275732,0
East Khasi Hills,65.35292513892489,252.25321702703212,25.088914155874836,1491.3985464839636,0.35550119411703585,0.4403081767197996,1.2019851287071823,0.9325868964847636,0
West Garo Hills,84.02064702859758,163.3905433068416,35.00455353882015,607.4221770243382,0.2901982357371422,1.2418189895490064,5.516518466073591,0.3909212501262198,1
Upper Subansiri,146.8943164291743,72.8135593848474,43.488206339294436,1367.389159649106,0.3271293385806286,1.0761412170226328,6.74050980626275,0.7516107078269794,1
Dima Hasao,8.304068016251225,142.21869800958183,44.71340628976777,806.0990572526246,0.45454201656135107,0.12611222911237147,2.4508540231433233,0.8039851953508953,0
Darjeeling-adjacent-NER,53.1310977164058,93.30126856324053,6.7962358449557865,1565.7685592679445,0.9625906467107727,0.11144816408673693,0.15718180478933283,0.8635570036838509,0
Gangtok,52.72945759967948,75.74581697945663,40.224854657849775,1113.6020026446972,0.22127902748878497,0.01025971704833152,1.5712488259063448,0.8082820541088696,0
Aizawl,62.77824831190584,175.89922122991575,11.978503339856196,1861.3655681338805,0.896036288200854,0.2793187141859787,0.042686431385711515,0.6651808691860426,0
West Kameng,139.3990345955505,256.22990209381027,22.00278807421337,1048.8489203974812,0.8539766675725231,0.7896577053016212,1.824589572915036,0.9500732985089176,1
Aizawl,54.227856563022584,466.3493267626235,43.99832736961856,750.8933264915206,0.2218889021493437,0.06855585719259143,1.7399631154699633,0.18401262400100765,0
East Khasi Hills,101.27185769164227,65.87002511929123,38.61124216333639,1281.2984538812877,0.9038899987422653,0.3599509477812826,1.3500471626464858,0.47843001948430747,0
East Khasi Hills,55.60632031718369,99.4029007404103,43.76718106981749,2606.726105068432,0.45312766169812,0.5097093769900545,1.0274793340845347,0.6091444456923263,0
Churachandpur,61.8855449799812,163.7619214621085,45.21654544624785,1846.440969332888,0.7415675591630407,0.18334814874012442,2.1625975612355317,0.4407713253640616,1
West Garo Hills,36.28958688840505,279.8201092883011,43.68407049616226,719.1716852945804,0.7181040424742101,0.4855345898627894,0.48635909077034367,0.5785697248075721,0
Darjeeling-adjacent-NER,15.018308718840526,35.85620499424323,32.28172578616092,1197.8955401148473,0.4133709211762785,0.7263798204287701,0.0666941836433412,0.923408513549057,0
Gangtok,134.62028839942963,110.4921157684551,24.84341237213937,800.5925087911207,0.4614099568017287,0.004226137978557145,3.862589306691462,0.3087222955240111,1
Aizawl,58.682215947102144,111.56356071729843,36.645485334280515,677.5743172355217,0.7636872504950929,0.5315545953690171,3.849690049681265,0.808637297635728,0
West Kameng,62.05766320672092,339.4814533096023,34.22044483058186,1208.6690907896143,0.08868875992117535,0.3663553916330805,2.165191404899255,0.8392158937672873,0
East Khasi Hills,59.44518881127154,285.2361299359059,12.133763523546962,1044.9604901690498,0.7583829043328075,0.7453095704679371,4.431191053292479,0.7589582777742039,0
East Khasi Hills,88.24134189093068,106.58864494107901,17.01976945934978,575.3889156348381,0.5603510600517105,0.05968118731581284,1.798442868216561,0.7706817230634727,0
West Garo Hills,23.885750062673434,103.72630745355117,41.8873561971736,804.8506258065671,0.3696549956234696,0.6582340632258417,0.016422708306671894,0.7290272525735222,0
West Kameng,16.22941167886917,107.40199772241424,32.81966049623479,1232.3001465060204,0.5060076529484655,0.060878493165144626,0.4012352862430279,0.7964296170572187,0
West Kameng,14.919831704016467,143.39848200498741,57.100949406370304,853.0828041850905,0.570997831885617,0.3516768605700278,1.538470733766959,0.7071596513552213,0
West Garo Hills,23.675183798477438,149.08097322967157,32.03649272199509,1190.8007197566335,0.3207618279001316,0.1263692928863357,4.956242164673262,0.6707585746529745,0
East Khasi Hills,3.953520758332936,250.5136226234108,24.682786425046817,780.8791669985648,0.25642645537116915,0.10977856657829473,0.6391091568519592,0.9031240411019291,0
Darjeeling-adjacent-NER,59.37609589567898,29.480466270469798,26.440425560579225,1480.8437568634276,0.8021924436046206,0.27625237897195926,0.08659484202728927,0.6082106811323855,0
Upper Subansiri,28.494993647124577,191.32353460658243,32.7816043945336,787.8868009929031,0.6159902886579266,0.5664211434263268,1.3297072922698452,0.9317315974167337,0
Upper Subansiri,39.7479433235569,118.4954485902781,35.26887706294743,1580.4922643101202,0.5118965672509731,0.4145060567232265,0.17262941701637505,0.7243460808624212,0
West Garo Hills,83.70460217914929,220.7250410859932,54.863642306419095,1024.5072373486462,0.9418732790285957,1.7883324922863932,1.9986444141540924,0.8471855779578704,1
West Kameng,28.588210266259956,141.07071117219235,46.847320222277524,50.0,0.33334267253313216,0.05070672637259156,0.14306989508652582,0.4430401867038889,0
Gangtok,29.430734796580598,273.68867855137455,48.67075907891356,1041.6236179814612,0.6520089807450341,0.5117075219713537,0.04191772887676472,0.3770860118899562,1
West Garo Hills,49.5023674354231,104.83967061556089,32.75558263769829,1503.0367062141183,0.44732188745671614,0.022827239208895872,7.172660304448031,0.47086085427448315,0
Darjeeling-adjacent-NER,41.06076565993568,115.84670982750647,49.42847333494736,868.3764605191792,0.527244276377029,0.1769259327815779,2.7362705647953844,0.24595634142947642,0
West Garo Hills,187.81213793364793,32.07358434600463,43.44308681413928,1082.3056488518346,0.8359846263768188,0.16833397598828928,0.3181306759645256,0.1682961705254221,1
Kohima,10.892326823705424,137.99501578948937,15.727164875399284,1574.6971672970058,0.36568293071107494,0.11840043824495038,2.0310152508132773,0.6617513793659506,0
Aizawl,61.180621694296086,30.01970140152227,23.159369959460943,2111.932752397058,0.8269096232648895,0.3040591060958799,0.747307703448748,0.7156593948017145,0
West Kameng,28.17584803669862,180.67857298252835,37.75819598692671,1892.197952210993,0.4764624171377945,0.11169160573002129,3.579113566095681,0.8430405398868029,0
Churachandpur,47.39307472243484,247.83933132850294,39.03675211873647,1265.2998817534826,0.1615335200657655,0.18327558641560474,4.207696071539197,0.43175142899291663,0
Churachandpur,42.8008276476403,255.4522395320993,37.61506315372568,1535.8294829222755,0.24998056287006581,0.7850064390997593,1.7711926008151733,0.8523512108164284,0
West Kameng,86.62663592753691,275.28212285581196,58.06184885980392,1254.0658133636716,0.6338723826640963,0.15645727791863603,1.3169412028577914,0.3345320861456521,1
Darjeeling-adjacent-NER,57.418112768946706,420.6627878662912,29.30117953241943,298.706534794095,0.1914195040120044,1.706319518057307,0.9538687657977447,0.8451417991923746,1
Kohima,48.65971882513908,290.87786761177574,40.656745004635084,1959.7226128654836,0.7556080381107948,0.12920958444970806,0.0834784899617595,0.8483599410954292,0
Kohima,105.14756416133454,205.9042957601506,54.41456320997262,1989.6129049891206,0.5652182299826846,0.9332336461800976,2.056576335743845,0.7699759250624039,1
East Khasi Hills,50.60931599833817,141.78426879862405,29.5442863987963,194.26193306080108,0.3740328897500021,0.22574374266982364,1.7779062869234834,0.7817446816450506,0
Aizawl,7.729665273275033,132.31653161051437,38.27076693674013,970.4869338025919,0.8139044791815455,0.9523415913168508,0.5988964985544977,0.571508026103446,0
Upper Subansiri,77.16785694068847,161.09591458447642,37.57080032100131,2120.717671734091,0.8959625125018869,0.2226032747444919,1.8984912502677345,0.881238073249316,0
Dima Hasao,62.61852227213844,250.14161167473185,49.98409687179719,1331.51663106851,0.34743865903230586,0.5884978091524096,1.576050258023753,0.7465921486536695,0
Darjeeling-adjacent-NER,94.39684619382987,429.61128440063624,50.1025621282683,600.3917492476469,0.5638143897628215,0.20432865234775638,0.7550572285131972,0.5788843340541016,1
Dima Hasao,76.12572937029776,98.22723551715279,45.124425207027684,1930.9274427051882,0.44586960430355604,0.3879859749203065,3.3976435689618905,0.6980831997229702,0
Dima Hasao,26.150669638845265,266.1743061202326,28.450989892871608,1269.6423689494534,0.4940512549778227,0.021144402995965247,0.7055060297237546,0.876721911016265,0
West Kameng,1.0212050358416367,167.0225066679459,38.82307150000981,1977.3065730815242,0.5182544281432491,0.3655176362260165,1.499323166017873,0.7712096316082514,0
Churachandpur,88.66178604581026,253.76651997825422,19.061484543378207,1251.201363054851,0.31066380789984277,0.1518895559607586,1.9058093330661452,0.8267681115891613,0
Churachandpur,49.70902639603775,295.02718369418267,26.906457248432147,50.0,0.574911949696465,2.2383957214585615,4.1696443163225,0.2996520323280159,1
Upper Subansiri,30.93699766231438,73.018385643948,21.370186726371788,2284.157135988631,0.9080114432917429,0.6656043089259758,1.364188673913723,0.6312393130329504,0
West Kameng,28.546544852213717,80.81413055128365,25.262740210950266,535.5578726581118,0.6231313662319081,0.033167390485161215,0.5798264084973606,0.7646133986954404,0
Dima Hasao,55.739624044430634,209.07778823991868,23.906521160226053,937.6948479674678,0.14674669254141465,0.0883931103310895,0.03731978856362656,0.617478899377689,0
Gangtok,34.6684164565679,437.21738755311844,31.308624637255264,1920.6138616404983,0.06272964334729483,0.38292213065641306,0.7260784018995948,0.8225372303107243,0
Churachandpur,16.90762330676328,256.7352202521678,34.98605282569369,2568.4390179507222,0.21585424591164795,0.14291460469426542,3.470998458808634,0.465600523649501,0
Darjeeling-adjacent-NER,14.637363552872879,95.20408554653999,54.226808134040965,1160.4866599092538,0.7578355598502307,0.09576174641495083,4.293577992005664,0.4819209716598665,0
Darjeeling-adjacent-NER,43.05846589471705,177.53818948467634,56.25314796682812,1414.611317252177,0.7843755460094994,0.17583280098273152,2.2950411022801123,0.6341331618459056,0
East Khasi Hills,25.104556129079363,234.6700884359934,35.465465286315606,488.6310020218681,0.7164758678231659,0.044912019343281234,7.407113904028192,0.71230456625671,0
West Garo Hills,20.62654303184123,98.55837692508194,51.24776367095956,1033.9150099083347,0.7533434774107163,0.32339840092978606,1.8463066808069333,0.8395439984955486,0
Gangtok,115.61249030890382,131.071195803709,53.039816747253106,1858.6449727759132,0.5741742932671084,0.13307585040505066,1.6315735262974997,0.906015381958414,0
Churachandpur,22.696202771362007,211.73931094076806,38.752678592323655,1384.7480084075098,0.5960895295982929,0.8069921885605201,4.471965695189353,0.2512051387749511,1
Kohima,64.3645737958401,88.6970421162988,43.9191606140576,2240.9534665671304,0.08116901579503814,0.013320393239509155,0.4567893609703002,0.5010664859515561,0
Churachandpur,69.53726211691881,146.50965598058144,23.569800286480262,362.10746388658515,0.5962081064914727,0.17289322872050655,0.038138006416052,0.6389538348992727,0
East Khasi Hills,19.079225053287136,115.69987365555573,39.05515593676695,337.1390260732351,0.4881875583792534,0.3190480344464614,5.3383730909876,0.7790679916317478,0
Darjeeling-adjacent-NER,19.623695866538586,207.10316336670385,48.43840103450609,789.193434311207,0.04506431242435643,0.10723738870418563,1.9095225828823679,0.7815034757635901,0
Dima Hasao,16.99578929181265,135.3502067073246,32.85714386765465,818.1532904556099,0.023288177664155682,0.02362507169915652,3.4152184745423053,0.23526306996360066,0
Kohima,26.86905523703033,95.29601882759673,15.037783749378,1774.0481599530349,0.6665335802235286,0.030085903012819194,2.478358993369561,0.6409909610519157,0
West Kameng,62.286352646261,116.83292878981571,4.8579004950639515,953.4938547453607,0.761040555619015,0.06941924010741422,2.7257738103920226,0.6520761806865693,0
Aizawl,44.330725010403796,242.3774756359464,7.131610701387108,493.2965676136639,0.5817012365843907,0.12692176380531847,2.2128184661758796,0.5749383138411752,0
Dima Hasao,89.6240752552136,225.84350709857316,45.47701039370247,1438.4192106238138,0.38760378794194866,0.48930928405018703,3.2292833088325006,0.4882855552956265,1
Aizawl,71.95542329506776,185.69832488093675,45.29412887902635,738.7628276283665,0.48977065240605616,0.25747237688932284,0.3011628719978814,0.3867250256965928,0
Gangtok,76.49933728889738,33.060275607617,39.69256050789368,543.8535477038861,0.3187585135701366,0.013391536083796824,0.7222915211148311,0.514076464120891,0
West Garo Hills,99.78935168740057,165.87710601622894,43.75827028642667,1836.0841027142542,0.6432863529836381,0.0673831908197619,1.6306593905068036,0.6787940597137182,0
Kohima,43.428307727969944,167.79430748726432,23.394270324117624,1976.3708279723846,0.30015215645177834,0.18349891929603954,3.151008254345849,0.44566887069034444,0
Upper Subansiri,56.994686854772326,126.40353826319283,39.603383726046566,1787.3185933382501,0.7455739225520837,0.21773452308266725,0.9222232239531865,0.3557389686777285,0
Kohima,83.58027922777632,182.34094065079344,32.57429618386669,699.352209418699,0.8270088146040132,0.026091104381326433,4.115502091760585,0.4511518758218201,1
Churachandpur,94.91957967279643,169.8604676297267,58.86369974445518,846.3822380613335,0.18474492074508495,0.051615090314939396,0.16892881816639693,0.779968385609593,0
Darjeeling-adjacent-NER,60.97119011004808,129.67859042139804,35.43412370784671,1526.3451013223391,0.5441171976689815,0.12162843632656571,3.9123655062394675,0.5524190770863319,0
Churachandpur,8.871769471228545,279.0307249433072,44.137441370833876,1645.2869381504684,0.08966144537756532,0.7247553245322522,3.0021046008550583,0.5030526208418419,0
Churachandpur,151.4651523410356,218.44540734276862,29.265039443549018,1062.142934703954,0.45541651421800144,0.09388359460368484,0.1687226575947043,0.588586948144482,0
Gangtok,42.667254083820225,138.05901571668872,10.695371441454974,1923.0454559683371,0.6958585194850739,0.1028842467227955,0.08036651504247153,0.48516661871249483,0
Dima Hasao,31.0865754535137,201.40022277422764,36.95575817869973,50.0,0.1952472578815465,0.2729025579635107,4.579980426149105,0.9600711119225432,0
Upper Subansiri,23.472680278339343,112.07323285865206,47.39824113050307,856.3608509837029,0.06293626980766479,0.8882898001094296,0.3910326621489327,0.6504602116667345,0
Upper Subansiri,73.82676620185596,322.8892239971791,16.529414421720254,2529.258763447405,0.5084914141287621,0.30046947009266406,0.7302412011014981,0.6093728853054595,0
Churachandpur,61.9065549519591,233.88406954881322,48.05319490826979,1191.4973891867,0.47230497210917016,0.03307360458350813,5.665413809717777,0.7714879581828373,0
Aizawl,23.803983257530966,334.24829398694766,39.96317276186571,913.3833582339788,0.7123637344903216,0.08253381963622115,1.0497058665512764,0.8859651460694283,0
Gangtok,9.485722063779809,56.18920168743594,31.62797581837386,1484.5500540538865,0.6866776297219752,0.7746234127568257,1.8898707938500714,0.33522050666490505,0
Churachandpur,23.567570872737168,296.1541640684755,37.6637107978504,626.2104362471116,0.4783383526805287,0.837441655671876,0.07876821405971451,0.7720272661793258,0
West Garo Hills,77.69694661607538,226.7372099031594,41.062388249463794,50.0,0.255129619707653,0.6347839384311689,2.1041886915480483,0.47896579934437455,1
Darjeeling-adjacent-NER,45.71832209055388,99.43499253651963,32.3926109187159,3001.5475203022243,0.43459095531156056,0.312210316575054,3.125261353478253,0.5765361592744008,0
Dima Hasao,12.443163659090969,125.17352037510585,30.33365728574768,684.7059994928744,0.10870337824903666,0.23132129420206082,2.0816437156471497,0.9430007837628378,0
West Kameng,22.053146703276184,92.54483180472009,35.92528637824338,1333.430576628224,0.7291900816434315,0.12491178682398521,4.134524576484558,0.4827362474869428,0
West Garo Hills,40.989332872699165,104.0526465385205,44.49987161842461,1304.2388344680303,0.6402512673078922,0.31744717056365573,3.7464733329247757,0.5421302676462083,0
Aizawl,51.15972583537045,384.5173970958718,22.79459970971873,1497.125564662246,0.11461146161374067,0.4593151930241896,1.6305399902761006,0.7595617258718643,0
Kohima,31.740335174566287,80.21905738953055,54.95263987937041,723.8287895527064,0.6786664494217075,0.3657713016169557,2.5898456787292106,0.4874100095622012,0
Kohima,54.346223017048246,218.41877047249565,10.942470879874916,50.0,0.509488637763119,0.10224449925918377,0.8096106750360452,0.17346578602854698,0
West Garo Hills,71.9809771434437,115.37644595632482,42.550590549241875,806.7596565033932,0.4957226681734251,0.9336490922087551,1.110345895573296,0.3683202638673359,1
Churachandpur,34.558463197653424,119.73346109573339,18.296664164050437,1218.3379383780957,0.8890404646924173,0.19800312932954603,2.431388940478626,0.6970668754212168,0
West Kameng,105.27984064324696,60.689441489991374,33.435906973571605,1261.5449826747003,0.7487411197508106,0.8647554347197597,2.7000646466724088,0.7725769042708465,1
East Khasi Hills,20.27587532820931,72.08804784962274,22.941861582502398,2137.801670144876,0.8183322319341166,0.20263280339566828,0.22305404982299368,0.9138516980001885,0
East Khasi Hills,16.310697665276248,244.76925164507378,43.80710471291535,1029.5595620671004,0.07244033860230883,0.015685389115698934,4.2764513533222175,0.576441665464673,0
Aizawl,99.30411552268546,340.41428996274357,27.725199040064027,1324.9460194552707,0.6128935031732743,0.5356942269864551,2.534574872980599,0.320930346717108,1
Churachandpur,2.677094648282212,154.9224613136119,50.8020545354922,724.5411536105196,0.7278113057549404,1.01098802175246,0.9913328095519054,0.8929810104443032,1
Upper Subansiri,26.24832687636423,72.02087063141529,20.146575639543038,841.1523567069019,0.5970340021790947,0.11761965806728414,0.6416234080585155,0.9187514001216832,0
Upper Subansiri,31.25690244533433,140.34152054374462,24.673882767989188,2402.1060655095234,0.6378323625024365,0.3127766147523901,2.3100791475277735,0.6774587543399799,0
Dima Hasao,71.63147518894044,147.0456971851586,49.26799152030229,771.4702947355753,0.4524015481200842,0.6593102897263639,2.9759008499205613,0.8613775116381355,0
West Kameng,9.658734010536941,306.55066224557356,40.04249316520364,972.8707197949607,0.30503799987753377,0.15490391333686593,6.591848958567542,0.35385752189595615,0
West Kameng,53.42130676514315,218.3095237759164,49.472684691258436,1851.4430931579004,0.5609549280443448,0.13484690268191354,0.5113916074417839,0.9288783969822895,0
Kohima,45.695834844749065,288.3644462969536,36.67461655783802,2343.604846220678,0.2882031819821311,0.211775921247786,1.7475034819062345,0.34796209384251603,0
Gangtok,136.6005074305667,235.27928536381492,28.663158570267566,1686.2018868267853,0.571330031635649,0.31991439374564923,7.762733696173533,0.6111678811557841,0
Aizawl,20.91027540867174,145.94221723957259,50.689512935009084,1688.0974070920465,0.7809333277689418,0.32166124450653744,6.006910146429046,0.46283784181496535,0
East Khasi Hills,64.1956597499883,82.81706940352728,36.64558017651982,448.7380532128243,0.5935864501281246,0.2664894581383033,1.6247135578645295,0.7432233649280103,0
Aizawl,36.797622993441934,72.19599921641174,35.470954963988135,1508.8532972750968,0.6251445581764451,0.686672518101056,2.007625446309099,0.8746342609786815,0
Upper Subansiri,44.070704841291466,409.2921712758493,41.67042278660596,1015.5502416722311,0.29267124254458615,0.06638352620770194,6.207322427337595,0.7480956526881953,0
Upper Subansiri,25.162762523662913,204.32780731141733,35.775974159475346,1483.6872484840217,0.27312480114268733,0.03560305320412392,0.08162979258772658,0.9765645098549012,0
West Garo Hills,69.81809717003368,127.47726373166154,48.663267977417426,1032.4518583156787,0.3527081972675411,0.07383932325423367,9.345297658306924,0.6726307747220496,0
Dima Hasao,80.64838506257337,173.1566177433338,47.74436827273086,857.2953261720181,0.4865078788564594,0.4869648081494411,9.430012847152264,0.7998809910463923,0
West Kameng,53.966161102145385,254.64503913406548,26.484657006859507,325.0043618173279,0.6671701010135238,0.0627759889952536,7.222375372805257,0.9561701583756151,0
Darjeeling-adjacent-NER,217.48513940893764,86.53961567209765,48.380725544645514,1149.8945248164189,0.3415816210133586,0.15593075820392435,8.4173305391043,0.6229071446754386,1
Aizawl,32.46008266517705,171.801685318457,22.889535720106352,1303.1357185297416,0.45109466739708115,0.8470425470582006,0.9062600048499305,0.9068908188450613,0
Upper Subansiri,73.06818855698386,259.0760005286784,14.676041013596965,50.0,0.6012399025551602,0.0604356635201696,0.09443135148228089,0.24247411595231635,0
Gangtok,111.00851131652354,196.79999437337514,22.742702024271335,831.9674869122589,0.22127956986625844,0.3004579983509965,0.8363954976623433,0.79911237701068,0
Kohima,62.013788243682555,139.31753502373206,41.01690943813377,1041.3274889636934,0.5378484362505562,0.2821210267548199,1.0603375562743793,0.4143798757595808,0
East Khasi Hills,85.14583039779576,163.90140443569797,31.207481695817208,1543.953333780396,0.5475304571964841,0.013855701931560459,1.0864552362020155,0.8764313209270979,0
Dima Hasao,120.06243513650165,372.33507545378285,43.51468685068614,846.0163652837002,0.783051674142268,0.04905461586613752,2.8521730461809653,0.6734420148299438,1
Gangtok,64.05125737756077,68.72354867774587,44.17453618878292,1577.1587920913,0.6399414674855063,1.2014446889324146,4.980722581664953,0.29617615209973563,0
Dima Hasao,81.29704038869838,45.23362027791435,30.592001593023856,1368.3341510520443,0.397370842407371,1.2979397730519784,0.6275293443075568,0.3795693312152158,1
West Garo Hills,21.19176730669933,194.39349563001645,26.645563794461594,1721.5732470011262,0.2710570884714373,0.8306849204243387,1.4822718704904503,0.6759864382654471,0
Darjeeling-adjacent-NER,2.2805458921683877,272.4210937218886,41.98891583362791,882.0216128360653,0.6806334278817108,0.22615528279126074,1.1890937102695245,0.2702049214959548,0
Upper Subansiri,64.66453118509072,161.64080803324953,10.56982373969042,1030.572259182758,0.2219700086012358,0.35951926875870366,3.6161953316495232,0.9099892140676896,0
Kohima,33.76647243422907,40.44195630698228,46.55233381953778,1542.177711048315,0.553317293904298,0.6952534202914911,0.956430194976028,0.6050709772881246,1
Gangtok,37.93302824800483,269.296404428766,21.965470885325857,587.6388545663159,0.3319295588845455,0.45098322365445026,0.14464487001451198,0.7958315157068706,0
Dima Hasao,34.12466978384977,321.8043129592419,36.872979933722306,1160.0176546909731,0.7995011150600534,0.9020235905340762,1.01542716716327,0.5870546232668034,1
West Kameng,45.402443258637526,118.28821699064214,44.25034205272308,1794.071574634611,0.40083544736501164,0.15176743311297372,1.0922776037390212,0.4033004580821385,0
West Garo Hills,51.316786764416776,174.94348828763367,42.3885110705404,799.9684620074162,0.5314416048550461,0.3914263646180307,4.320362295050589,0.4804117004070155,0
West Kameng,72.30266331072302,52.02349382312193,23.93649502406899,1396.8245734545883,0.21223740456403503,0.3348428536006408,1.98459821694819,0.4597524879900525,0
Kohima,60.78012639298159,65.89292981254431,16.72572091443364,1198.947033945356,0.3227082669856663,1.6692227768073313,1.85329761076617,0.8794957596459883,0
Gangtok,81.79942206384898,195.5616456143931,20.315650751346624,2081.0562671004977,0.6714972261437046,0.8417467329670434,2.283418277771037,0.8345745575931308,0
West Garo Hills,149.5174000215653,386.6151255426442,53.95999550078476,1249.0644744280587,0.4953511996076674,0.07222090968841825,2.060725839951198,0.5554826622320299,1
Gangtok,35.16308771827815,234.3392665635361,23.896788986765287,1520.2332761205757,0.5127171393123674,0.024279308826681778,2.861510218063583,0.6592876746677478,0
Upper Subansiri,60.421671455754996,102.92923900898055,13.653443907744542,1099.786285947828,0.8939295083858669,0.23652720618072914,5.8558120464065775,0.44645848294816315,0
Churachandpur,8.526733737437691,262.7574759023115,44.11144697719291,889.2318074225691,0.47373219972350084,0.3154369539276115,5.225798335808816,0.8863741705481268,0
West Garo Hills,37.15918260079529,41.75940686748469,30.894743503966616,1335.9586678951623,0.1743081263911863,0.6240042646536327,1.7095727171065678,0.6621026051924898,0
West Kameng,14.2249867639647,7.933974090333355,9.628438252223011,859.4907423379036,0.16955070449933415,0.06961141412379161,4.689779901263339,0.3224849240126076,0
Kohima,42.83206784597423,147.84200313598174,31.986266318995092,1820.3882621439448,0.04022136758853295,1.009929176373357,4.969957095789744,0.37956683698225263,0
Darjeeling-adjacent-NER,36.37244885519803,361.5894026810607,25.766316025782515,1905.5415216235988,0.6110942000552829,0.339066329880077,3.8962580083392147,0.2712951050831738,0
Upper Subansiri,55.64633161579048,429.58255650699743,24.723602908178915,1243.1946606822867,0.4360102423228401,0.7399612651879917,0.10741018085202228,0.8809957547026409,0
Churachandpur,28.321796856450028,83.89098791484821,27.127401565617564,935.2265949555301,0.6710099231147751,0.7243202933894148,2.712166352017453,0.47694189716798135,0
Darjeeling-adjacent-NER,4.902686744876945,89.23472754197446,20.99598583952912,1336.5882007514563,0.5512400394541425,1.2134940156204612,0.9393292561312965,0.6977161682407665,0
East Khasi Hills,19.911806339488773,37.55342361473408,14.340240968195832,435.3647795337939,0.5179084406030932,0.4300388434313009,5.164442186985547,0.6653453090012822,0
Upper Subansiri,26.530716033878765,204.59699539490538,27.31691958781311,745.7831199566895,0.3663757896447677,0.6126669865466245,0.8350556666399214,0.9022328164156871,0
Kohima,78.06988866651851,21.717796716265635,35.05106341676779,545.267328728554,0.30461558406588063,0.687092741146129,6.271746938202012,0.5324085095238019,0
Dima Hasao,24.38651799635331,119.28150625460762,38.74329001257412,754.7597386966997,0.30610315707221997,0.25253290890707114,2.3870645252741034,0.8610585271209418,0
West Garo Hills,143.74766519298416,201.3899960911557,43.1693535722432,832.0148864899793,0.36288522181791716,0.22645069361259754,2.589484208457585,0.9142867408348523,1
Gangtok,76.95894338592511,119.93567601938591,46.46032719754,428.52861531446763,0.44729231621647014,1.1720929571483525,5.467256637012272,0.8363150047067016,0
Kohima,17.29453803115628,263.38061681429315,45.94715708974039,1040.3068305760007,0.4566735828230552,0.02772787520440528,10.567349640468711,0.6181608966859854,0
West Garo Hills,27.589834648750305,292.2871707818267,29.685009291793765,1084.0374036513022,0.16614840327165173,1.2225684323902957,0.9240679139816679,0.652716079079337,0
Darjeeling-adjacent-NER,78.49591037563421,91.19514118098607,49.332371752992785,1543.6719003857918,0.7906082005685778,0.34555822611554327,0.232648955961344,0.6510809214084451,0
Gangtok,27.24424689954011,176.0262476487939,33.951254002563246,1263.3356932856907,0.45518229725912474,0.13964230805114752,3.2124748635811855,0.4650497149184508,0
Aizawl,18.472160176502033,474.7066267936593,25.733240716524996,2047.3592879790456,0.6964060523619727,0.3258573199093749,0.18190735717253118,0.5228434843770841,0
West Kameng,22.33931887192336,340.0881357804314,16.519470907569513,1553.3069774072171,0.4456480787236126,0.40621401936657825,1.9082085358461716,0.7474689357862384,0
East Khasi Hills,36.17009688891424,104.26695257469886,19.300660835328266,2605.14889192754,0.44340983595773453,0.04696715228582079,1.058765049972384,0.602564120153051,0
Upper Subansiri,18.205195638624613,65.35843348884362,26.23980467274081,510.0208132897152,0.4586331463697004,0.44337359280209754,1.235700414979183,0.397266883066796,0
Kohima,58.753602826924634,107.82297428328629,28.18906371671432,1798.4462250079548,0.17633356726394422,0.9314850073452196,0.6712823847172839,0.35912417226518434,0
East Khasi Hills,166.3009660401646,234.3417602735578,41.36390935634191,258.99055878046704,0.43987008444273384,1.420271153567962,3.004432620806494,0.9409958568749447,1
Dima Hasao,43.42833304810155,85.37835947950067,49.40138565721749,1835.9481152682908,0.30670250371590924,0.36630500316958975,2.1210131554199,0.33752031772252256,0
West Garo Hills,54.439661060729215,445.08000536028817,57.363181528264946,1430.0896563029155,0.2820604668773742,0.15843063864781148,7.614608717872295,0.2793058351460003,0
West Garo Hills,31.104486006124922,74.7909038292047,13.332020129598856,1064.3184806117079,0.4393034798471999,0.33156154528630905,1.0983494993514136,0.9398779624825421,0
Kohima,167.02657579754066,174.67045718583245,54.561697497838054,1326.2068844003768,0.7469565298910994,0.0011406599129172646,1.253400975975553,0.7541239926969134,0
Churachandpur,23.009443262796754,69.0277104726637,44.83191543406951,905.4449032723621,0.47019753491832456,1.0065048147134426,0.4508370731888498,0.7477839516964246,1
Churachandpur,42.82289948965396,47.80058501924699,19.99396168817875,848.7041039991032,0.6899786394836974,0.6141758229515718,2.3647007158773596,0.7183038345774052,0
Aizawl,54.985918225088916,278.7771648081921,32.07666489114519,1462.5312414903392,0.5549152885033969,0.07281959527873198,0.24941935349612449,0.8865478422996681,0
West Kameng,23.867608218449327,212.8311856947683,44.93420512429908,228.04757017223892,0.2513820956621695,0.3759945399757121,8.618116412432993,0.4846639306422047,0
Gangtok,46.0411983409236,199.64660771227125,20.889285148639328,1397.6905947839314,0.8338878736741981,0.008326524135124727,6.0217541663574625,0.910401278418489,0
Dima Hasao,78.42780556090672,65.72517987084315,39.14398444414562,1124.710052003701,0.3128354212250882,0.09735983361133925,3.0073444114488384,0.913278369379667,0
East Khasi Hills,26.308315351740745,267.3794750565494,11.903828047534056,1003.8770466563744,0.2280912088172752,0.07453762854606115,0.954206099929424,0.8873976658784215,0
Churachandpur,11.604945217248318,127.97847553037477,19.047476245374067,904.7123617469756,0.8244641282144006,0.06791215682788145,1.1007271955480966,0.518054416317043,1
Aizawl,75.75339835080513,361.95597541793325,47.03399062879423,1341.7487478990718,0.3536206144378958,0.3212755273807368,0.22789538809162846,0.5673305609891481,0
Aizawl,61.181162486692166,250.23482306965425,21.96113939296208,1819.0898579557165,0.20153657490448307,1.334461929091093,0.7093158555091224,0.3979313999411038,0
Kohima,41.32497437372155,137.53048056028564,21.220013087128372,2536.959017178224,0.6083697126715455,0.05585985191356607,1.0886054949408828,0.19959962447962357,0
Dima Hasao,25.951716458976776,190.04939066635313,47.59997742209939,1872.1047188558105,0.6945953407920278,0.8248473111892652,1.4851921402692714,0.891191465380873,0
Darjeeling-adjacent-NER,3.49908331335419,176.74702045244217,20.42956842997048,1698.8780518624103,0.742342241528831,0.03433528833349739,1.5603156596337697,0.3858227065677153,0
Gangtok,101.20943575617946,231.8700255765333,15.838098706074295,727.2859569481835,0.5119740147562513,0.03459016419367516,5.409375807909148,0.44708200385463154,0
West Kameng,20.24524292402138,120.19082556105741,46.48835853510296,841.9913334058238,0.27358686452249886,0.3956278872006408,1.493771474880834,0.9307777257813267,0
Upper Subansiri,22.5034438090079,250.1226077558139,53.42416075333443,1197.2856966508084,0.7788115620301616,0.34180164821054365,7.891297199836536,0.7290303392803341,0
Kohima,22.5981223589295,91.04584500821159,35.62963011045625,1466.3715634404796,0.6542355124469473,0.16877697922359056,0.2188338905022742,0.5878206101830363,0
Gangtok,82.38408629483969,171.90635417987795,26.546272359259618,928.3976697407772,0.7780656767033269,0.30490329954790013,0.5923997266322812,0.5036144031419933,0
Upper Subansiri,120.50912721085025,303.99621164946075,9.488214768643312,1911.3671681486157,0.44749050734117557,0.5624620637043909,1.2275024924332454,0.8474808725195834,1
Upper Subansiri,23.365142731231476,216.21826798203293,42.386266519937706,796.8826704735005,0.46192308971402285,0.5936417585665444,5.4766048038831645,0.8166339090422876,0
Dima Hasao,18.1328261594751,131.48929734072553,49.74007486447547,444.33557786331573,0.8468839825215283,0.004822915111774972,0.32587620360163805,0.3871255627423403,1
Dima Hasao,38.02283485265084,204.7296884692772,19.442622938770626,1821.828598699524,0.8739077064586926,0.032520131314051584,1.0965103077783553,0.6556932734985691,0
East Khasi Hills,27.512844687065265,148.0005389389175,30.663440791534214,1341.6979160564176,0.6822750175185671,0.0013745721703775377,0.2974456656965986,0.8488289919363085,0
Aizawl,16.924274061316165,123.69338348349405,43.86519078275183,1027.825060385714,0.8611157713553889,0.006306077740441735,3.718002209940842,0.7457353577577674,0
Gangtok,97.24825406350199,83.01741037133368,36.052387204793085,377.4580159387616,0.5056180782095455,0.7321302141265071,0.8298435046953745,0.5314378879087456,1
Kohima,69.93744002740144,351.30081491828895,15.159994710974711,1790.8327793279045,0.2105613380244274,0.03490036150248381,1.4245871927044909,0.5261612703954075,0
West Garo Hills,12.390362399329174,132.9053449715863,29.83246800596726,2627.244841349239,0.7624340047658978,0.49654003830540544,4.251585448184346,0.9078065548032777,0
Kohima,53.861839131500574,121.41032138902517,29.74853685063065,1496.8558224538745,0.5875592774730283,1.5654663024054072,0.45933456148793733,0.6794903790984965,1
East Khasi Hills,50.616252802269834,210.82709956059313,46.17321605218039,818.6993850336494,0.8453653922020755,0.6879455788248298,7.351379118976871,0.6048942272551062,0
West Kameng,72.06499863396958,182.7797736610719,27.552438849663197,1342.5720807004807,0.18630846418174557,0.02748107809563546,1.2519001792166033,0.25638587973588134,0
Aizawl,13.5609037667084,244.63024109795185,25.600679588748108,1537.6729667114207,0.5028861613572951,0.8972711457302082,1.0026932960970745,0.5776815666912147,0
West Garo Hills,92.68222370864495,196.33771535804618,8.37143801514445,1498.8922009454734,0.39715386711761214,1.2696381341508458,0.5291403085916223,0.2678406747645226,1
Churachandpur,35.26562812642033,147.8700348224923,32.71227756157399,712.194451395351,0.3500488191753516,0.4901779553039307,1.575490621951795,0.6220230931192028,0
West Kameng,66.23683667861602,144.00231557309178,32.83430045977857,896.9693706621716,0.39331168720572246,0.383168943040307,9.868687916892913,0.7507496881997119,0
Dima Hasao,16.763096207326754,359.6152491823618,46.043689580102594,751.8336719199738,0.7094198598708437,0.3683160321800667,1.6881958470117215,0.5629620470283421,1
Upper Subansiri,27.988374840221862,90.17125797004908,39.76431337067504,1421.8897221788666,0.5212123242295846,0.6864804647208494,1.5043185882297492,0.710856403972294,0
Churachandpur,23.683984987861585,292.46779654502626,21.191810087286257,1161.6618608735212,0.733047543762388,0.3224833589381171,0.01914131122936582,0.5791145853494876,0
Kohima,7.268217831230765,427.9072537686844,31.51439962898994,1890.806454953993,0.3568537397445606,0.16245327434333584,0.84804089452023,0.12571501665089,0
Kohima,17.130157167955783,113.28420155695457,45.835946489970155,1348.2585405856253,0.46015574723660035,1.4084616676105544,0.6466311729710205,0.6480090174203682,0
Dima Hasao,22.655647718138503,90.51775099451855,35.47756270405072,1627.361257424586,0.5087132262297631,0.01986864476426673,0.09938965250298717,0.6242844109173521,0
East Khasi Hills,37.607011129750454,184.75758581473733,47.597815246005695,1038.8394848381397,0.5710803307458956,0.4378659192349586,1.4766204795898488,0.598839774784051,0
Gangtok,68.88913626717147,119.37370840525395,33.90598630527725,116.39030645578055,0.1494397581035639,0.35239523054858446,0.36432544574465797,0.6492855262897672,0
Churachandpur,92.61305062316704,194.78573591936714,26.284706692348244,2007.9169381026913,0.17911135182832003,0.40771681503411367,1.747807421826906,0.7171678747349509,0
Churachandpur,80.03565686253992,72.83339228814847,52.10637209504525,1275.2321300530293,0.7250376112809402,0.4111199883684491,1.5157917483453685,0.5719049737459991,1
Darjeeling-adjacent-NER,84.40487103845595,87.17148613241709,32.783939155642884,1447.8781612115981,0.8512940032982411,0.05274071582374325,0.6298661020885986,0.5929681466978368,0
West Kameng,109.94597054330953,109.71645865720708,37.73274117092675,1690.1104976678641,0.6813588409804577,0.057322533766355294,4.002949816056646,0.5943368395975003,0
Aizawl,45.07047516916228,75.53697494175903,45.043019431816006,1354.6177776197756,0.630638399588588,0.027899648416730278,6.5368527329154364,0.9115952036228867,0
West Kameng,86.35113810604528,292.6243693334508,22.28131133884649,86.16403595216207,0.1626627734071892,1.1147253943903848,0.3598481160332759,0.6711771629516909,1
Gangtok,28.50587733127786,146.14171888054244,41.79249548707727,988.9266403776925,0.5568434746623673,0.37654460121081157,0.2561123082438378,0.6911830677560034,0
Kohima,42.771734962293586,118.83653391763501,28.24848049963631,911.1203265825127,0.7203726188584284,0.03209779639319332,1.0570262482171997,0.7664512230471274,0
Kohima,40.61605750884285,83.9834500290453,43.26304509362255,931.005637228531,0.08727126938064626,0.2274224533999455,2.356846241055531,0.3218304618968163,0
Kohima,58.09942308815982,324.72231214584804,28.010257993438962,1076.0038650202703,0.5026188737948062,0.1780918975879715,2.499090232286623,0.5817607296487628,0
Darjeeling-adjacent-NER,40.11815586829741,139.19728642517512,37.773599323099724,1233.305393055666,0.6778649752949396,0.06416311423795754,2.4518248611983866,0.24995514031925734,0
Kohima,20.344241333589387,129.0119428209004,12.451270970489345,2357.8846758489694,0.12407603355548145,0.6904291779924812,2.1433636013577635,0.6257043152407652,0
Gangtok,27.15370990678056,76.5743763334186,18.339776027052615,1514.0477277063285,0.30418097079704104,0.5977409951023025,1.2185131613383478,0.6288378027038914,0
Dima Hasao,34.55866618585244,89.17424140613389,45.87359696288364,1632.2634026743253,0.5584849321659465,0.24950405389097585,3.8081711697990133,0.6177541175853468,0
Aizawl,6.5654731504404875,169.0342599450132,27.112258895887084,919.4297411062614,0.44730445732033525,0.2956494519826557,7.655538633154778,0.3010582446362608,0
Gangtok,102.60242516696314,89.34578191572601,33.51041726631216,2092.485453355504,0.28887759101770477,0.22938605451197983,2.226714945317546,0.9163990131534432,0
Aizawl,51.394081171660254,84.05823759057957,27.647278102280232,1280.4917420702104,0.300105586038262,0.32031074856960023,0.6193210368343293,0.7663530876040008,0
Gangtok,58.95662442541808,193.39008855673075,45.116519880837735,1190.9549473136335,0.9002253580939057,0.5275491135610011,2.0625536975191414,0.46238570252984657,1
Kohima,76.34251429669833,268.72734042159414,25.479337044805092,126.93354567912638,0.2915933782385017,0.8348938291823789,3.521766352546345,0.854795445880208,0
Dima Hasao,75.97103899395114,122.28014380358479,34.22863232741225,1624.8367088655646,0.516873268876663,0.3589089996855151,4.425260087629523,0.3478942855630236,0
Churachandpur,24.223367690175724,41.8007568543446,50.737485387174,1758.9115154975966,0.7184147307895198,0.05377717368290082,3.166846450213581,0.11456977930289335,0
West Kameng,63.18593152265725,42.83436875925536,33.67982199552351,1741.5722492754799,0.4067319829213787,0.5914610912515764,5.529550970129003,0.7504430840943489,0
Upper Subansiri,64.14754957292998,160.50402199249754,20.272137460817408,357.9615584503114,0.42942352867408645,0.18626371582216958,7.5924340750912345,0.6225429402933791,0
Dima Hasao,42.235906932209716,215.14734996252878,41.80524697225105,1763.7142358875035,0.24675644419192125,0.3975688902393832,1.693231255057003,0.4819699836292784,1
Churachandpur,18.671157654559437,115.36839482838184,37.97911887435598,1013.2731322744536,0.365390911501034,0.08855256481035449,1.9465916116772943,0.4648998496077176,0
East Khasi Hills,53.821545901922605,453.7893469303749,29.941393020801623,445.9011335609233,0.6710607898115317,0.0713681145899499,1.0293912895706472,0.47386129704039837,0
Gangtok,138.14656626680704,163.3079957339802,4.003765113894931,2494.576902046162,0.640891134358936,0.021644854017329046,2.688871603104937,0.2706104080358825,0
East Khasi Hills,35.405925825924164,97.04403219859762,44.43207237115719,2107.701012064832,0.44423390518286654,0.15101682531079857,2.263694139721284,0.6759713476650363,1
Churachandpur,37.11521417127621,85.99352309039368,40.17243712300578,1591.049178121637,0.6519996238472421,0.36367028113030586,0.4922085603251747,0.6356174950908081,0
Dima Hasao,51.18118837479354,311.67473187300413,43.02609140154468,1514.4674823180758,0.4860122532489643,0.153545284961208,2.9633404983617915,0.5693856748507002,0
Gangtok,93.37364011155461,119.62764167612634,30.606838766001555,2139.597574346758,0.6739196971603962,0.11023788909351982,4.087142125715289,0.6412598708015118,0
Upper Subansiri,7.573076745992437,106.74045857741464,49.26039291024556,907.512241155528,0.2303057398553763,2.10871933744839,0.4993124579259165,0.4317492001627917,0
Kohima,117.80192740513664,115.2215474947327,35.4363182990935,2689.602499868332,0.7386960753848019,2.7043231969716848,0.4484568065245349,0.5315114999494849,1
Gangtok,6.499139430382114,73.40715104309803,55.46659354932896,1225.317206042599,0.5091317193700762,0.3714948783082992,2.5477598907211965,0.8611763262036545,0
Gangtok,143.85128777248428,266.34470795358897,8.59484591803389,1797.3750253692046,0.8528682446432442,0.15638303400531983,0.308739148327633,0.34050948984181245,1
Dima Hasao,47.077586692452094,173.70550206489924,46.73077122242441,1523.500004692243,0.2885476549613848,0.7911263203179214,4.146144097810313,0.5614016310988895,0
Dima Hasao,15.477919102376541,264.1349443287225,58.45751974025202,596.3556632869953,0.5998971253255029,0.5339212883132172,2.5748302537002976,0.6067631978840496,1
Churachandpur,34.75117131117463,305.14916848139546,47.95361549767614,1212.0279209437117,0.29648955175091535,0.38278079982721086,0.08235336470100786,0.8172322922126792,0
West Garo Hills,4.5188754326507885,82.58084791380921,19.17424553171741,2090.462333130051,0.26551682839353435,0.9554943228819633,3.678642151695896,0.7157030934754384,0
Gangtok,33.453963829448305,258.6916913471812,15.257236941045912,736.1783910430978,0.7083079735342115,0.23574006410433093,1.7828583569125154,0.8649583492779879,1
West Kameng,40.248672772794045,151.44402744450537,57.16547197037275,2015.7401546626293,0.5148126824069977,0.11799350120886712,1.7137198469282897,0.39931718843550895,0
Gangtok,61.883502293170764,121.48353345313966,21.94237261699458,1598.3867332200616,0.8104043212203398,1.3650447803949728,0.9345286018260851,0.7370734060121964,1
Churachandpur,52.5635138653478,232.71839298558427,49.64721218760218,414.06586229356344,0.524278568299178,0.7871439524134377,0.833346638433728,0.6166561653679759,0
Aizawl,21.591635395447096,43.41298829549103,11.288716167902349,1199.888331803783,0.3609005089126474,0.9724636789555018,1.734424755656572,0.6592655486368791,0
East Khasi Hills,46.46589850923751,181.33103430306647,42.57295911163421,1170.1975520507526,0.3663218667365645,1.0014217084250532,0.007882921986871577,0.6639817836977167,1
Kohima,38.3701656378885,63.72822890967267,10.664002344714264,587.9965856558691,0.7873594085754446,0.19290364395815712,3.963217303927333,0.6093902102188368,0
West Garo Hills,12.047769444254556,153.92892020696928,33.874136820896474,1380.4462845731794,0.3939703913818569,0.78876033530676,3.831317093315617,0.6018568754043242,0
Upper Subansiri,28.926487954377002,365.8454805213329,43.374166500206485,386.05254117215406,0.5140794207103159,0.8802982127121437,3.325334857271236,0.730211540750228,1
Upper Subansiri,65.20356071988387,372.07769092934,39.93624156287366,1726.5660318175628,0.3202078742015222,0.3172632963264599,2.3064916824073656,0.6852795650172715,0
Upper Subansiri,50.64784144271455,288.5440992746343,28.998359525352065,667.074845046661,0.5906844081828216,0.3926066924424095,0.8759454356160508,0.8481723748839032,0
Dima Hasao,14.469705986723502,256.2012810861634,41.27432985858682,1012.4050860652117,0.9206633764323341,0.34462281490535573,2.682236837014637,0.5091152952639914,1
Upper Subansiri,41.66431542553008,179.95650729032923,17.014120203495725,1198.3183019898015,0.4842607883628241,0.0064629146068172,0.3457074449890237,0.27731722503323364,0
Kohima,15.114615561952375,106.02229550610613,23.989174764490446,2109.7663424681955,0.2424171543903394,0.30674578215074083,0.7642631940065664,0.7332840492197881,0
East Khasi Hills,34.218285116774574,217.6185297438032,12.92395498910459,440.7419528931225,0.3095914982915109,0.0154284500029808,0.11562340082152263,0.8149834109798012,0
Upper Subansiri,32.94341873669938,107.96789126424687,2.3577457260929133,898.2652382874942,0.43443315575509445,0.23991652716648024,4.905913149501825,0.5637538740111222,0
Gangtok,47.04689962897619,50.728114094019496,24.51956892632004,1292.4640146226188,0.559963314381554,0.018705038435800334,4.405768649345712,0.309595464431224,0
Gangtok,43.50535556782947,572.7398333482668,30.054389532396566,1161.1671763391746,0.7967293049635759,0.2430503271362209,1.4984646771010852,0.6536633336170166,1
Dima Hasao,15.182259762546096,202.7991088692812,51.27457994076146,1265.8312739643056,0.544499794492887,0.14539290763098076,1.4388619065956756,0.8752740914466877,0
Kohima,28.30160736653429,359.69975316421244,12.91582933662823,1077.1615349761912,0.7563318220583958,0.5947556231162798,6.508893175067977,0.6797223987376672,0
East Khasi Hills,17.58708960047975,124.21267820666868,37.017733596898005,1367.8188805749658,0.47905164682104295,0.2608797244930518,2.8109896270141905,0.4472155030596628,0
West Garo Hills,37.77763942577374,358.39471062741126,40.746349303538345,50.0,0.3009403816344926,0.28705373346778956,3.0887370577702344,0.22090212466113418,0
Churachandpur,15.581647175793673,155.49868184761624,7.30234348069811,2049.736389271501,0.6069849680270135,0.9360563772429293,1.1128021931865533,0.8378147849330072,0
East Khasi Hills,77.42614625505077,225.1783560736892,49.65428297558757,1157.536143650219,0.4220688877178464,0.2633426441801954,0.8619970933945326,0.7067750155607899,0
Churachandpur,27.791753989185185,113.02860925740191,33.72035707080001,2816.3331328636327,0.3784067983839799,0.0680172863295007,0.303646057018796,0.7987365408828313,0
Aizawl,174.0719667585146,82.0223017733682,22.146664404577844,997.5047363270917,0.3514384426626732,0.04777360240017771,0.18821395681188863,0.849511739476168,1
Churachandpur,48.284515251341496,207.59957291248514,13.02695300478581,1820.9037780503731,0.8499164140324342,0.14601081883543793,5.898468919914908,0.31409094048034125,1
West Kameng,12.0559835222106,502.6398096441309,16.60076714134311,752.4372248665321,0.515454313386465,0.12335913770999077,5.9206511783763105,0.6534165794031772,0
Gangtok,12.979029834721242,354.58711741409326,31.786266400631884,1225.5675348647053,0.4415866475945547,0.6825894458909006,0.6437505285503906,0.8005257200074386,0
Kohima,100.33483461673963,136.19229107299168,46.077854611328455,597.8827138228672,0.48012030730368566,0.5689905253858113,0.09523170779045095,0.3999303014089794,1
Darjeeling-adjacent-NER,11.658936266365261,111.84531527970576,36.98336472639008,1008.5930596304238,0.7026550107150216,0.024164970943042492,1.0633360581369473,0.4726865462379384,0
Dima Hasao,96.22938267897784,211.76104462230325,22.60364738289234,760.8136901789269,0.43692772364375315,0.08975745182429781,7.585782990622852,0.2599951419015387,0
West Kameng,61.75254079477265,369.4105689231391,22.507700497986725,1497.8807690749734,0.20069045365379307,0.23828151667112893,0.9098134013802863,0.3090719942761827,0
Churachandpur,47.50388771444043,110.39822632953995,9.227596894473542,2191.670614063531,0.6791009400129217,0.03649465312134358,5.010619738228941,0.47883728220175525,0
Upper Subansiri,96.996862684392,202.77427325160969,27.667637128963733,1470.4894003319655,0.3861037358851019,0.07271321125569158,4.237014485888106,0.31366217804311236,0
Kohima,75.65279653352721,160.69058525990445,21.97915927832509,2921.9175204987046,0.9632798795743115,0.9563273052887227,7.224660711696266,0.8432162402423367,0
West Kameng,36.34621066400958,143.33101409851918,37.678094728938085,1624.0533017699427,0.6842817672781405,0.3116533589736352,1.7164589188164179,0.7391568407007264,0
Dima Hasao,7.020816430604751,192.2002387971705,31.374748982729667,640.0966516123862,0.3422574724128089,0.6371219814841376,6.376185765123061,0.4715395221677171,0
Gangtok,62.65711807162678,181.43343284103355,35.32145725663915,2655.5939661744846,0.5961920363040258,0.16051875090298462,3.385301447506068,0.7397065285882243,0
Kohima,17.37402220851938,149.1471359546236,28.128170052596154,1746.6165881889315,0.6109040003627729,0.18786689949373128,5.062144163027401,0.588492025483302,0
Dima Hasao,18.79467341541664,80.55443930825437,16.72479861938908,364.62176937218976,0.3642836448577258,0.781765326356198,3.3045237492274127,0.8013964958841158,0
Aizawl,35.36882870353983,335.56156897569196,30.560384683166074,1187.3197836298593,0.7044100473812989,0.42822091120725986,1.5459652712998226,0.47254314287738897,0
Aizawl,24.652344808740136,328.60524499087364,22.552558912976824,1682.1647046464745,0.4753118343176842,0.45375553830937654,6.285295631184286,0.6064971969767257,0
Dima Hasao,38.67865690004389,60.640160996977656,19.437185893950144,1538.2500733208424,0.3619069738038029,0.4074852486869306,4.030399939771481,0.7701805793477722,0
West Kameng,33.3529263574945,144.38200773452516,40.98378767666175,1680.309175226227,0.5949479150122327,0.31159891841416365,2.562118428275972,0.6526150604196993,0
Kohima,44.546333187079476,73.70871051529843,22.738014837797806,1810.60972441111,0.7034804507831832,1.8899999584021865,1.6494522540679235,0.5575613257599507,1
West Kameng,58.81618597974929,165.8086494313895,26.46530794144735,839.4627599614043,0.7287021657425922,0.8985158449347941,0.24852644109643526,0.7689894892733969,0
West Garo Hills,109.18119598720573,129.50661020834403,28.907453780534695,1503.5557689400807,0.26477432419768804,0.49639761719376874,4.22493842331874,0.8822491041009489,0
Churachandpur,68.42381772492836,253.40791034577907,34.41723823968432,1328.338990546518,0.4581433069657527,0.4534771352341575,1.346214683331508,0.34257027155607656,0
West Garo Hills,55.96263847454009,97.05047811694523,52.21521822725891,1048.2053431889922,0.5736614116503459,0.03521121773498909,1.1134852960933248,0.5884831074869259,1
Aizawl,30.483614769242344,290.7585277367922,36.55635132408915,1701.3979129854772,0.7620386905968712,0.2655781615975206,0.6555023649245256,0.2379516485636413,1
Gangtok,26.785813086616372,142.83194743290326,46.66410466043143,1318.4181030791979,0.35759827034666586,0.2740770897668238,1.950193161784701,0.6607823280864353,0
East Khasi Hills,5.514078887342473,171.36652538368202,35.369168572938094,1870.5500517990383,0.4241637303077047,0.021334668120995465,4.428018362661014,0.9750720528804478,0
Churachandpur,31.953815809130244,92.95616759507038,26.54618768957492,1386.081274256237,0.6543409852222836,0.5635819643580073,0.8548133263458972,0.5697131043270531,1
Aizawl,63.30720559805679,90.0669949653574,14.011789023035266,1006.389204148568,0.7493481787558125,0.0007873273990578309,6.335037173766355,0.6214581126105782,0
West Kameng,9.521260369525496,67.99289394644072,37.743656476744526,1296.2049799472134,0.7788442244625207,0.2214994893513072,1.2643669610533472,0.8886655334047308,0
West Kameng,35.834882592270255,270.99055245856965,40.11632032761942,1609.039299889609,0.2631961714513265,0.934254818443659,8.71810791100436,0.4865348682210316,1
West Kameng,43.815744854163576,72.87526687199103,50.26748180158654,1223.4008868451947,0.5276754960661184,0.16642368635433,2.8223869830065262,0.7341992543406404,0
Gangtok,53.075570391820605,93.8190361260161,25.6878736469924,934.5491371029575,0.41939125762816465,0.3495291508060511,1.1440590629637062,0.7988144830894514,0
West Garo Hills,58.511998773697485,154.55229971574798,53.088530818334256,1295.74300855054,0.32085212473006725,0.1472415183798824,10.281067259956052,0.8995154857455758,0
East Khasi Hills,76.27107056330024,76.58978791272939,29.852975096126553,2056.25094080362,0.7554531039538585,0.07888388015957726,2.2554169736700773,0.6915063246019216,0
West Kameng,12.06460093229053,247.81713461285912,43.50669810698747,1601.179499798928,0.5422422495129926,0.5237613231791197,3.6595063621944535,0.6316060485944776,1
Darjeeling-adjacent-NER,48.42598220482768,203.5057941766237,37.228116287269486,1419.0377525521997,0.1623858257503897,0.09154907343873454,1.5027484883235491,0.9005410589335181,0
Churachandpur,41.3481062273984,129.13138699916055,48.14370455397683,1086.7161369191183,0.4914954643078016,0.029973196763040118,0.3175713383593597,0.48975917747568165,0
Kohima,5.592803620266384,290.0593709678662,36.763263952641026,1330.4393908528734,0.2139012197162505,0.22846393076867277,8.312885622002376,0.8786480104793319,0
Darjeeling-adjacent-NER,104.3980179052078,74.24157442271735,21.20192559933991,629.2136324727636,0.5064935440243692,0.49360309293223886,0.9705148951968892,0.6712159260434777,0
East Khasi Hills,75.01915199558883,68.59642062050278,36.86984661997617,1093.0312463522914,0.3316498604053635,0.34700682511849684,6.250100270907273,0.5437338192665709,0
Gangtok,17.702880823278072,207.36363521391004,43.95950003944345,1518.4588988966661,0.2570432178124204,0.11209980283457244,5.9529385069954275,0.5853737496457957,0
East Khasi Hills,25.5406628804705,74.20392604226312,17.002279331381196,1266.599877925462,0.19584248791620515,0.6809594461366072,0.24954895896708007,0.47577286286997367,0
Kohima,29.250884785381132,119.12567861276364,11.56187496922853,977.7447982947308,0.5609552816842656,0.04085393289618714,0.3045801535153503,0.8922037730631106,0
Churachandpur,102.54988780059702,533.39375245166,38.35115798355266,466.2505746285624,0.443545309957145,0.44384964226845086,2.3671881442320593,0.4155622287183891,1
Kohima,63.29034270800017,197.8391505159992,35.2407329470436,1126.1235350988838,0.2080319506169901,0.37325064427823595,0.09137586956678978,0.6896896145463947,0
Dima Hasao,61.33393278554199,180.89178667453936,27.69362725757887,757.4389373306813,0.2915783282539346,0.9167452742365063,1.366828783699217,0.5521379828124462,0
Churachandpur,43.71742987949311,734.4568053125811,40.05854512495916,1183.8281527041734,0.6370337640181895,0.29940192850663205,1.8758296968797334,0.42124317196356315,1
East Khasi Hills,78.79309829908495,384.11834837205697,44.646948415038054,1368.743624110974,0.6887332407303337,0.6836683702788319,0.5478439243658377,0.9173965363599788,1
West Kameng,4.02608371319007,152.86696424602835,37.51360989565207,2066.7659374643245,0.32254876319283193,0.0969792565119101,3.676047644090348,0.5639359798831208,0
East Khasi Hills,35.15680604331635,233.8384348091346,49.844522755506404,1758.0782936541373,0.4222434931231354,0.3152604062975157,1.4122419365649543,0.36984179626947955,0
East Khasi Hills,78.17122951964652,105.04298360908993,35.54421517735052,1343.3441738441359,0.4826444047802985,0.30425294643688555,1.375410878771577,0.7737077312822386,0
Churachandpur,74.92197555119743,156.253888059052,36.768275028917955,2455.3709465944085,0.7555033715907294,0.14001136169271353,0.6675790205647035,0.8002326741584684,0
Dima Hasao,100.97605805781906,238.7023984944434,21.338135670125027,1443.5511658330906,0.5808855182429565,0.0020398001003441284,5.468657750034956,0.7237500948700567,0
East Khasi Hills,81.34558832588853,115.26101394985135,55.15232348483743,770.8893388122256,0.694930257339843,0.5454212124152786,0.028211952044982162,0.4225331984155018,1
Darjeeling-adjacent-NER,21.56014976451626,88.34307864164089,33.596855129411615,1070.7201224022006,0.19161404770079424,0.20211869520503487,0.017291518531907007,0.8181382678860066,0
Aizawl,13.431085663676129,269.5366680191319,14.671546138380762,2747.3699713040924,0.33877243689473213,0.1427232689273261,13.483969294605648,0.42710870694169334,0
Upper Subansiri,51.968412730707506,167.66114574591765,48.191727349898805,769.4804866753014,0.13886201519982966,0.0863136915034776,0.053278513536846976,0.7713677534439971,0
Upper Subansiri,106.0715018156462,113.53921025673583,51.151342854007666,1019.683666909456,0.3488343180194229,0.763454791109341,0.42146722548199816,0.5774242624752374,0
East Khasi Hills,29.66382637027123,187.73661269488608,28.721525746614375,1800.0115456625435,0.6607369636167805,0.16251168622080256,5.362299874901232,0.7373862903944636,0
Darjeeling-adjacent-NER,50.179850407264105,101.13285002176258,49.61326828349467,670.7328618275981,0.3660126781242226,0.09123832588666159,2.390975763034703,0.5597327068517994,0
West Kameng,97.75319103454065,166.33390450799993,40.133917249773745,1817.7008177728326,0.5708032185288934,0.2964782432404922,2.452034557986344,0.5357141450630563,0
Gangtok,19.557833900325914,179.5647512860339,39.6269309615585,1898.7501821344445,0.20019949435333828,0.609028667261168,1.6143540685582534,0.6653095605064733,0
Gangtok,106.41331619694434,67.8087818686683,34.47002050081493,1373.261627005412,0.2778614624674447,0.3689879712545829,0.40807254812372007,0.579607376235621,0
Churachandpur,10.143598716404382,343.1931569358277,32.021687758390335,2197.6447653988694,0.29410918557742555,1.2894866660584179,1.1436958252529184,0.6877757178827044,0
Upper Subansiri,50.9443344505507,132.44003971959137,48.64200907385347,1100.9567307892041,0.7147576451676055,1.2564794864339592,3.163880685240152,0.8871570754735474,0
East Khasi Hills,65.52714245174256,265.4937575498114,36.039307661280446,1764.1256982533887,0.2766060923460949,0.9306378017097536,1.6607350301443993,0.848940537457262,1
Gangtok,71.6386395111622,321.75726794497285,49.93091922678348,50.0,0.14050851781085544,0.33310566097956745,3.2715408006446918,0.701501886670763,0
East Khasi Hills,10.436794578626273,93.6304096575366,24.09079267975765,1603.7388709502595,0.5863926488689998,0.5848742974299234,0.018196750514852505,0.3875617938669772,0
Churachandpur,54.97851444272738,252.12071169639674,58.58276885364013,2010.788022913503,0.889351804044689,0.13615328966298212,2.6660815670204228,0.6641103890235844,1
Upper Subansiri,21.371939416499355,211.18715156866224,40.46414764961827,1683.9968547311782,0.5430249664607661,0.34260629593917885,2.2470399474291876,0.4500134792373719,0
Kohima,51.381653540543326,105.9116018773066,40.41132474172088,975.847445891899,0.2677183756259347,0.027523220328371734,9.16189038355134,0.9179155670804882,0
Aizawl,38.68721778596751,81.84116298023366,30.580455651958665,304.6474571076643,0.8882409059132321,0.12230152593597157,5.938342677076257,0.5923499932350399,0
Aizawl,5.876228289721835,195.22510385477844,14.820759220285655,1895.1122979991442,0.4936918046518326,0.15741938196619598,2.292763288959118,0.5250386397668241,0
Gangtok,90.40777891020487,172.4936265922188,13.052495033830237,703.1350209214277,0.2528960754705211,0.1792916246768599,2.1462370097790626,0.5457219197129255,0
Aizawl,36.060174668161224,126.47246187469956,41.84334744342266,782.7293756945924,0.6448045642237064,0.07022563944148777,0.2428482061223154,0.7609131347990287,0
Kohima,119.3310841586596,353.2385365751044,45.08169220378652,1043.0571304790287,0.6026058966573702,0.03477432069818883,7.0783404751609424,0.869302221628306,1
East Khasi Hills,37.060063257960664,178.29710153816782,54.01345139231514,1603.1516105859669,0.6264449003595984,0.34545153303386417,3.0680611888668317,0.5226486793314279,0
Churachandpur,59.97654978782132,154.3713119400128,33.52217702785967,1929.4353767668242,0.6688166168838271,0.2703765962070525,1.7439711619574831,0.5301261673800545,0
Kohima,30.379507986520803,113.11351103692313,45.66143628078994,2423.3510705319995,0.34740155855674,0.3513403333055878,4.870148135865644,0.8646122049681807,0
Churachandpur,42.802984185446334,353.4317893896063,29.716481261558076,1300.2223398500064,0.022236489796115345,0.05538555275511595,3.279813695034595,0.6140576646767067,0
Churachandpur,57.44187979056593,297.839699918838,22.570731233167884,1399.3860031624913,0.3545812639262046,1.1802382097357853,2.072814531128475,0.5034917436517459,0
Upper Subansiri,9.919961232990358,90.60537647896679,35.98127561095502,1494.8303947792374,0.5441860080296975,0.21333344263010678,1.9365664365873092,0.8038716124369615,0
East Khasi Hills,22.600010247595044,221.76656293005223,25.238108222741815,937.6283941319156,0.5532009294934562,0.23875154534139575,6.518773118705612,0.24035602975616704,0
Darjeeling-adjacent-NER,85.40242236452774,214.48361847141462,28.525239585222636,1647.0931120179641,0.3139635368758917,0.3167154053489399,4.012377225661323,0.7872801657930462,0
Aizawl,98.76320572609471,219.72366616577074,39.19736374224196,875.1169456881692,0.8422132516890259,0.46863644411534094,1.289950580333692,0.5823022271030796,1
Darjeeling-adjacent-NER,27.222951188374132,191.46359799976167,54.02370546332671,1897.3465790037424,0.3664175586373404,0.19436113830520824,2.4777283469466624,0.549054996365487,0
Upper Subansiri,61.14610285328843,38.30829567240231,45.18740497612158,644.1985026201496,0.7586919868381561,0.06179700612225512,0.5465094141221204,0.651453609536822,0
Churachandpur,81.28292077747506,129.8490955012211,52.43269564283362,1761.3179909748217,0.1616606301985424,0.6113661597862067,6.767273781168256,0.5310827789156456,0
Gangtok,36.982104002662716,230.74394593582065,22.611257701723083,1771.1115948726097,0.7043709641793646,0.12074350573153535,2.9706690667364812,0.47049314556703736,0
Aizawl,19.817906583041164,147.96530826289043,37.09252101525549,303.5028922541735,0.3856147053827101,0.23398008748608815,8.048894325343598,0.9540616586602065,0
Aizawl,15.51590136586363,52.61222967224612,50.826657141305134,1437.6247747701045,0.7250755255402415,0.4002264477260436,0.8631444321767414,0.7198472903621637,0
East Khasi Hills,90.95534818856973,233.329595832633,11.321556920681225,2174.5998698692156,0.5683122988199485,1.345170299176191,0.946491469043846,0.9332747184783121,0
Dima Hasao,25.911390917525356,176.91457604556925,36.51017265773204,1376.7791664635624,0.10447417877976103,0.013664772167766522,4.461111037531299,0.7727205199906216,0
West Garo Hills,76.10633440827141,216.17911834756086,26.491222795433025,1282.7164225786648,0.2313746797497725,0.292645395877618,0.7589585074367708,0.6623937390415394,0
West Garo Hills,65.8142754153931,159.44982059453375,39.77844828157456,944.0865476567491,0.4362123314876742,1.1003255598061588,1.1065406689020005,0.38761085319892774,1
West Garo Hills,67.25280378326234,200.8753157978197,18.721087600615395,1549.6742706618302,0.12977061178113553,0.11782722571419645,5.391930959368613,0.8983958119064477,0
Dima Hasao,69.11458417838567,364.7045360969176,26.350504549256705,1034.6885107540686,0.6001636900524803,0.04764819702618433,1.8232444810266866,0.6654322211000889,0
East Khasi Hills,101.6089431784184,247.99987425747793,29.289395181149594,1531.699440483737,0.6291402673139318,0.36336818117643566,0.8930672172829255,0.6844425596642864,0
Dima Hasao,21.30666164493518,452.1956346484004,51.02857393572366,1698.336229349516,0.7499124780752687,0.06604088024161778,1.3162388117411092,0.7040279282912996,0
West Garo Hills,16.16060204700631,192.8824716320004,40.24869483826429,1413.566750324821,0.38177553809698006,0.8443615411037557,3.1112208738997134,0.5691019770301127,0
Upper Subansiri,12.78219104485975,112.35136929408549,43.17102814360148,1917.0396878809056,0.34087607603583164,0.5137435973033302,0.431910614449384,0.48029805887292265,0
Kohima,42.5930611849845,173.9131663813801,55.138714749115,1489.0819384296883,0.05785586388394589,0.051598980873630865,8.185981105957227,0.17624204079550007,0
Churachandpur,43.27729660046683,175.7541476632332,37.39963352523389,1027.912429002103,0.3548859588535319,0.344577022628938,1.6977168863363676,0.886902588085351,0
Dima Hasao,9.407761114661819,100.67921827061419,52.803741160225805,160.92892125011508,0.8292466371859486,0.010995778152868367,3.6195907913986787,0.457945662938375,0
East Khasi Hills,8.920872783653182,126.10656086641984,15.151238385069885,968.8493831468314,0.12793729410258226,0.7461707956675302,3.0263719553416353,0.7365510858126461,0
East Khasi Hills,131.3146213886036,111.88134239888414,33.59873911250655,1149.2263111009543,0.5712311423830653,0.09198557845145054,2.8543626481597517,0.9242994226039419,0
Darjeeling-adjacent-NER,76.48125747119926,234.03314585772446,54.086999821325996,1585.340463806726,0.6814453071494637,0.5264335056249074,1.3620284420678488,0.8594326180764638,0
Kohima,11.759411422745453,275.45161635617427,53.930347058105504,125.73412962394309,0.28042040541098245,0.04496400751541546,0.10817470098048015,0.5736218026824695,0
Gangtok,60.595972541554275,129.44962467848674,11.810163769464978,175.0632060130706,0.07586542082295271,0.2557852412284068,3.3816361826541868,0.7299070401008237,0
Aizawl,26.064223417747666,405.33868871532496,24.166861375865267,106.19360369184324,0.6120760035793369,1.0593342981307987,7.685705956869953,0.5160052711842594,0
West Garo Hills,34.526049587879186,122.50461300698245,54.266377403441375,1196.3947324027308,0.3185702786399547,0.030958917018641615,1.7581372717274952,0.48730418204323056,0
Gangtok,78.47879384982164,31.549247484154858,41.40699697932202,453.82345516361545,0.578846663095539,0.1400337762511506,7.688660013878321,0.7371144463788639,0
Darjeeling-adjacent-NER,40.596342171847716,384.5894901734534,24.50129361672943,1513.8562015224538,0.18296366908236478,0.6104542463291388,1.9137608413874772,0.5231676998503074,0
West Garo Hills,26.56362005035149,54.48655150792247,32.01233086067376,1012.7000431149005,0.6157248748842197,0.24897372242793556,0.4579130478557974,0.23055671024900298,0
Kohima,126.8851146702997,324.38326028319244,40.234144562601536,307.68208999692945,0.12157637844455077,0.4202743364256669,0.6843337125123171,0.41269427230684635,1
Darjeeling-adjacent-NER,21.93455933296383,209.27649379544312,39.10192489993988,1865.6113201073388,0.7019567697306593,0.6685426396249681,5.00098578272853,0.6464998364395299,0
West Garo Hills,62.70581357738549,284.91735234641,28.688574261955612,1234.6815105919597,0.6130363946151532,0.6130845210978622,2.4290383617312585,0.4389635363513401,0
Kohima,35.76830074341825,523.7264717482808,51.16813862030101,1890.3898060404342,0.47403679374204644,0.2012577970899502,1.3377664630681472,0.8114803200251722,1
West Kameng,58.15147057817298,59.87544738725446,14.36922877157282,1269.7752088789496,0.2603470371203783,0.2252853260175597,4.0159384714732385,0.7193597722445906,0
Gangtok,71.92713018660488,197.52791634626314,41.15177469560415,2174.7744497582603,0.3616918194145091,0.3386306835314558,2.5660249147282905,0.5382881875705947,0
Gangtok,118.01245591915274,205.47860540950973,27.35005518035403,1629.5881826899695,0.5086801091427579,0.05238963881257355,5.1448892437351805,0.5081937384853726,0
Aizawl,13.407739868374376,102.81350121783818,28.832333176501017,426.1326222010956,0.33883805468776246,0.814623228993767,8.84623667578203,0.7400738625090908,0
Kohima,132.7711742536959,163.94633941815633,37.02676077955581,931.7082599547791,0.407625232989935,0.03925905818819435,2.6334084200051517,0.5081482382482141,0
Dima Hasao,44.756774836580185,198.8609893056448,37.932465507584965,857.1397631175264,0.5918804787200552,0.08173588524737968,8.827307356516918,0.3845209736912887,0
West Kameng,56.68292904086526,99.7040052557263,43.414617800016345,50.0,0.45061206674494353,1.1587187270966186,1.5890135603104052,0.7504222749898204,1
Upper Subansiri,36.545177204909734,31.463609687063254,29.918849193573347,1785.5073245209364,0.45747071549074947,0.13242450756340196,4.5812273458423975,0.7112292404751496,0
West Garo Hills,42.67851809101991,204.80348231449827,47.30034541700334,1513.926751398661,0.8271099254079606,0.11199950079723951,5.923010221428964,0.46006825192635087,0
West Kameng,63.674916427618896,25.809969451552945,46.512973760711155,2121.0634783133137,0.3151775409771963,0.22159581902576667,0.11555984781551848,0.6248465798417355,0
Kohima,8.021636303274231,73.66055853117768,33.72741161663706,277.8738119579125,0.5225651184108705,0.515356221730281,5.007901014211256,0.44837932634309585,0
Churachandpur,57.838918305806345,207.29349915984957,50.190415876057116,568.4772593112795,0.4885419656399966,0.1824231283256241,1.3135336357295682,0.6566038770109354,0
West Garo Hills,41.807744037972164,225.25571681263267,50.40020289222321,663.7636802659371,0.6633203663741621,0.8308967679170911,1.2696956790070613,0.9454289332842977,1
East Khasi Hills,86.02170616612104,348.79758447461256,26.74394795245735,2147.6080921085513,0.4652416552039753,0.06470687786672084,3.80367543896194,0.7002207085428698,0
Gangtok,22.050175832968712,221.44997033511936,12.909495136436952,2105.421561991865,0.3878788517761727,0.050199454502510614,0.7070128637482,0.7755306157571805,0
Kohima,78.44492977530957,293.40973862236547,30.551828879989877,468.8611730319917,0.6191658782283408,0.03222388700985534,0.08009358395514059,0.8246553770675588,1
East Khasi Hills,9.832510268616142,125.48974184522942,37.15450680483018,1477.2321769982498,0.8843103472789031,0.14173306747969558,0.7907391762087558,0.5003637453637625,0
Aizawl,34.537625915753054,230.6823122194129,21.385834845823748,1632.9536757870146,0.41681984697472124,0.0890359027752773,2.6134400482058218,0.1259813059643017,0
Darjeeling-adjacent-NER,39.59049935164211,69.17358518300173,52.44835163909169,1172.1942916892347,0.38780510154427833,0.24746102052600577,7.666939098793519,0.7857536762691156,0
Upper Subansiri,53.92589649204489,174.02202494133422,32.21681708948741,2445.5568344741823,0.9125692280087108,2.1796628213821694,1.2593022627873074,0.3850051703482597,1
Upper Subansiri,67.27462066671944,200.99859132313685,17.247977848956744,50.0,0.38666928660180894,0.8116244595850439,3.9930519661497037,0.8622000604892541,0
East Khasi Hills,30.39256826815458,291.1474772835951,48.2849417972526,75.68709159202695,0.03132012521735487,0.9013822261874989,0.5595369685472241,0.6396948214325703,0
Gangtok,19.172211637712554,54.078579031783576,39.91083246189451,1314.070954723897,0.6766869514003138,0.7105249719613558,4.7748671857493274,0.5345523996079385,0
Aizawl,44.16336115737681,205.9825626892229,51.17275269253907,520.3005854078469,0.7241164324256293,0.1268224533121992,3.6250391189495357,0.8871501011159104,0
Churachandpur,75.66450022894965,99.5486889343711,10.058031489902522,1787.915151316848,0.7826697645581778,0.10264106089783454,1.4861706858213957,0.6311704526043411,0
Gangtok,114.62675559219872,142.02362741494443,23.980150827861372,282.35407762778766,0.565810407192564,0.5268725613290689,5.631299392247101,0.6700019166379514,0
West Kameng,74.68263829859171,152.4386675097734,46.865602701406715,1622.9255500461632,0.43621067551696024,0.36548365693765805,0.09650942291357212,0.5695282060477368,0
Upper Subansiri,54.237942823788586,424.52086385384627,51.353219947336704,1233.0085356537124,0.605479808849065,0.09233096089294923,3.853281333755207,0.7086885449275317,0
West Kameng,62.17525397457989,220.22299890063,13.052236114723692,2337.62910350195,0.6862789021983662,1.3686221108622192,0.08959260484600452,0.21483779572918632,1
West Garo Hills,34.04127803150297,147.9294396974311,35.017420966259564,749.7163459879537,0.5723647498040705,0.22080605150033691,5.006129736820451,0.3987906983311612,0
Dima Hasao,24.2408221754192,120.79651201096335,32.05178456025372,2208.1816232738793,0.3052282653912677,0.6737185825587935,0.48632626263459533,0.5736044541480289,0
Kohima,88.19282661320898,101.78265382919545,20.56431430433747,1707.3996426331046,0.7135132062219126,0.0306688186224327,0.09758541075596161,0.7857574044440253,0
Aizawl,135.75794796319065,108.82607151333731,32.327343263653376,655.2147256010428,0.7140520203400145,0.01431980108492651,0.9232653410688173,0.8281103183390245,0
Gangtok,80.00899699097607,227.21460937351867,13.527919982183754,677.0417570327659,0.3242097835107355,0.24337943418076155,0.4922836201403644,0.7147707196179541,0
Upper Subansiri,71.87609950371292,116.78209743242455,17.455470891264117,1894.7138593217933,0.954082871917752,0.050856775379058895,2.6376332416439467,0.861442861551298,0
West Kameng,24.92770880605994,29.92432210387219,48.821877578427106,1318.7730346215953,0.35337262949238823,1.5503522913913939,1.5983636254754843,0.7285812630333024,0
Darjeeling-adjacent-NER,47.21105904328401,57.42444351726371,55.094564500636146,1145.4270231595447,0.3434440347890767,0.668569701545193,0.347415798396445,0.7787311526329425,0
West Garo Hills,15.715852656207712,189.69347600576808,27.474662582790163,2285.0612685729593,0.8655582218898885,0.24210897782192836,6.196437384764518,0.37972926729576434,0
Kohima,39.02710932630449,64.92909615321562,19.3726319028251,1707.0061043571447,0.6846233846539173,1.5552319203817027,1.146351341159488,0.6839047150660652,0
Kohima,58.52927130694546,103.62468522540863,32.12984766410409,721.2263526929996,0.4532250019594385,0.10886725863387466,0.8311453506668023,0.5313148491934122,0
Gangtok,49.94193910497457,241.92284345910824,20.556007573834304,893.3270524262807,0.6644387566193587,0.45449479396981013,2.9937758873599045,0.5864550377212813,0
Aizawl,7.071493911586689,159.80862434475014,29.381627821782683,1480.0265637043162,0.07398255201256496,0.007073960420044079,1.2501290626789208,0.9049482148878437,0
Churachandpur,11.538518883242507,64.24291954757585,44.062364627011625,1361.3621409344423,0.09347228683548495,0.1862548978373081,0.3931095689204467,0.20375985472765157,0
Darjeeling-adjacent-NER,29.27885760270578,275.03788715456653,25.131049346211142,1655.2710153856842,0.900182991304415,0.03305946194148645,2.1829352813967104,0.8482832368809958,0
Gangtok,142.8181062252811,198.33542012352444,9.332162847869606,1718.0673076642447,0.6298133674250298,0.18315018992634238,0.07708045563048857,0.8910566787021338,0
West Kameng,58.626136197875276,53.28044552225341,5.628106317558944,2150.260187914056,0.6670277305870219,0.19160052745378664,2.4666211831226352,0.4905895259682689,0
Dima Hasao,6.937075695364599,42.3946091531538,32.35067330906392,969.5243040947373,0.2689999859998743,0.18811075622344042,5.053954308428552,0.5018166290921542,0
East Khasi Hills,58.10191218727615,288.198399454025,15.806307398338937,2646.382570733108,0.41681854500503895,0.21406895607643128,0.7595863093832577,0.37364792021892135,0
Churachandpur,73.52080577158289,120.15989984364965,21.285703497632067,1770.7623373475985,0.2720897817176647,0.383734977200612,4.781768535239055,0.3567032343203702,0
Aizawl,13.97638545632426,385.5234452549122,36.47418596035601,1375.0155264771988,0.49895988542645464,0.08400521812683855,0.7027250274581149,0.4550195973937876,0
West Garo Hills,19.40310391901667,119.9468191924905,38.11074526112796,1117.1935410038122,0.14473046834973707,0.10683636484458503,0.5655618345241592,0.4146939781402527,0
Churachandpur,141.60791386258867,124.4343612789796,41.73580445390486,1440.711033523899,0.46349658154658874,0.41474111544754505,3.141542325008315,0.557275690985747,0
Upper Subansiri,16.521097225922045,166.6517853767126,18.305594052916636,136.04530280131166,0.2201375726197137,0.25112152306676444,0.169383671298432,0.7974460999983531,0
Aizawl,36.61408486894898,77.91588142534404,27.18392856926514,1143.1486286934548,0.4955152411591098,0.07065644713229538,0.10370913668085595,0.31919020234478424,0
Dima Hasao,60.749890850617064,178.9601788597517,54.92032371301036,1998.1266174279722,0.4662651808053657,0.6190435962805119,1.5219392104723628,0.9753043251975412,1
Upper Subansiri,80.4909610516052,59.54450357270437,52.70223478232007,961.5112679314141,0.0712182581586893,1.0687714945999118,0.08671985109867657,0.7555298193728397,0
Churachandpur,58.84307273011812,261.58844020829275,44.745722513131746,60.6711660238434,0.23033803714306914,0.25044616191927616,1.716317310344741,0.7717635164984517,0
East Khasi Hills,34.35506135140986,98.11054318257526,47.05511169135145,411.3107897615789,0.7901054218529584,0.3807982576608922,2.6204733947737373,0.3679925664782536,0
East Khasi Hills,39.465969239141856,159.1139128568715,16.91038300611929,1017.3337229172967,0.17600351244927961,0.6757053608828998,0.6476100672275757,0.7128584779879237,0
Dima Hasao,94.37090269345987,88.1852646874684,49.82046727877966,1401.9287297635556,0.7186552051708354,1.3269490278372142,5.728447217581789,0.4176196211020125,1
Kohima,6.042816445434206,253.28453778776137,36.724506250746074,699.2160718917328,0.5623144920390343,1.3914303066960014,0.5587297291003754,0.3821209136413542,1
Darjeeling-adjacent-NER,17.52214385609261,82.56293711422487,39.18828833432386,384.04495378727074,0.19649560081898876,1.0247367886300032,0.6778694642591027,0.7500599476980035,0
West Garo Hills,4.9104941531029365,130.82712474028676,18.307906656447575,764.2282923858565,0.29958636899734387,0.6771521305484404,6.106361023102006,0.6152536793873304,0
Kohima,58.4715322814836,217.50753115142558,28.00779561224632,2359.8477146809964,0.25045698791435295,0.22189590891018712,2.908211977330049,0.6648964536121085,0
East Khasi Hills,57.472765375486745,172.6163364070386,28.462762278372985,2781.963117675563,0.632106842832372,0.4430319640441634,1.880313294315545,0.9017312690321612,0
East Khasi Hills,43.14949031373788,40.32170981673034,29.369401640985927,1517.3269956637541,0.6067858362517711,0.5765890838729149,1.0017682063889246,0.43337750937308783,0
West Kameng,37.86995892617671,189.93372709716382,42.23837162034862,1363.0296509307443,0.5995041698496539,0.038561176640798674,3.664206874300708,0.5518826876429734,1
Upper Subansiri,38.25639189956178,220.9698319720141,33.68231243156666,1876.298109128572,0.629994073818261,0.04948429538195384,2.21888730734325,0.3884943909571881,0
Churachandpur,86.3112652277891,103.27805077203452,40.28115993281594,381.7603136998646,0.6603612070708181,0.4888540322607304,1.0461009454309356,0.49136549907500343,1
West Garo Hills,20.159084826304348,233.97493008640419,49.313785117951745,868.5252784342563,0.7560985406279119,0.4397418589620907,4.371361828390068,0.6902418347003578,0
Dima Hasao,32.376191617435595,45.650806085059266,25.111715546482568,50.0,0.4924228288465862,0.6515659672194466,3.9567954019570313,0.548788091497385,0
Churachandpur,140.22679381770376,49.333457766087,31.375686453102677,1480.44978957496,0.9591620935804717,0.08162019270003153,7.0695390768333155,0.2694092571574992,1
West Kameng,83.90049309311908,108.71091172696322,44.451646993736134,1173.6890991158175,0.41790744638544464,1.1038213317339725,13.184510745323477,0.4462819189978878,0
East Khasi Hills,18.827416061456343,111.35038099463246,53.56631738519163,727.256699070687,0.16143682955956465,0.10891038484114537,0.028996891023070286,0.3645287715595618,0
Dima Hasao,29.3573743471156,229.5830682318549,29.646556968213456,2366.901442054043,0.4091544112200576,0.05805639687570925,0.9646009897712793,0.6825114040755986,0
East Khasi Hills,12.373277418317674,47.98372007173724,42.769788759445106,1945.1867450736468,0.265986440166021,0.15682330931727137,0.5349859538488088,0.9020893393238006,0
West Garo Hills,32.21381394343654,138.47357529651143,48.27594281533118,1181.055083182546,0.44381482461943744,0.6612807093448481,0.6007444515895091,0.4304518171194793,0
Upper Subansiri,25.49564159938324,235.95804339095497,15.66198427550937,721.9569181672814,0.05247032431470102,0.01145812034722697,5.002793288223825,0.3041603295682369,0
Churachandpur,50.418888490789314,95.1306746361968,17.37303035217136,1386.5633378504624,0.3132431045130677,0.10290299191382678,9.215207303435337,0.29947038431639605,0
Churachandpur,74.13038793004726,313.62971461618946,32.71563010188594,1263.0881063540942,0.20070070698038014,1.2458142340739062,7.036363718697423,0.9367487630579716,1
Kohima,17.615710712728365,183.39662877226888,21.867972387959494,892.8120089940658,0.7798912993378537,0.006862430651379966,2.980695496890064,0.5027204563820247,0
Dima Hasao,34.574723277513705,78.28520890930265,21.915636206519032,613.5610530836169,0.3557446967674881,0.13043486231911777,2.0239627050980245,0.567608995015924,0
Darjeeling-adjacent-NER,89.78589824891544,304.3398798186473,28.200450616477664,1345.4810640675528,0.7195761666115764,0.15767487916875284,2.5402905560140407,0.5370875186326058,0
West Kameng,100.75408690157491,213.6263116386125,31.375463686679,1335.2967310304662,0.6616787085049107,1.0303429770814836,4.8392821659211265,0.5371686363212786,1
Darjeeling-adjacent-NER,75.03891904408626,211.73289384592564,20.22941985185168,552.9688714432374,0.8407252735520965,0.7620838465754243,0.01765030940895314,0.9622859870222992,1
Kohima,57.7232363417348,185.17394011697624,13.898811156299562,50.0,0.19307677347961513,0.24654016040718085,1.397657213374117,0.6290006029986983,0
West Garo Hills,76.18146317344295,102.5115903038281,34.42766737092577,995.1256676713579,0.5269473288666204,0.1528304290166243,1.7659440957579995,0.37588761377252783,0
West Kameng,12.623316707049998,235.9135245508326,49.590345511010995,340.96309697984316,0.5203450116878338,1.1560286738507457,6.4248942689995765,0.511886479198421,0
Upper Subansiri,41.95044005295921,67.852253291983,47.94069010208043,722.2603759943263,0.5349138912215575,0.08345006737875825,0.47208476645368824,0.9244667491717868,0
Darjeeling-adjacent-NER,17.80141737472156,62.4361053808343,31.413841129016816,869.1332774037239,0.3245933501457275,0.2591325281372508,3.4099244894315754,0.7023990158931701,0
Upper Subansiri,20.958263878793012,151.61860225668457,33.01518670803237,1472.1101343499731,0.21075228997454132,0.21681529654332166,6.443016129720881,0.8141282036699098,0
Darjeeling-adjacent-NER,28.412361735404524,123.99750932280169,34.20322980009106,862.8504992485759,0.09095260716766858,1.0946098520094096,3.609964120696735,0.7593977058879392,0
Upper Subansiri,164.59460723674061,228.3129826229289,46.08691169733176,1364.1143765170607,0.9105664500907953,0.5639242811722891,0.025854795131101983,0.7808674682296713,1
Darjeeling-adjacent-NER,6.26855138506296,158.9967041041888,50.21777600113833,658.2247550183673,0.6455870544143317,0.24898347154824882,2.692952006173359,0.5978371372211223,0
Upper Subansiri,12.659571164080921,223.56786985230218,39.47550440538896,1397.5193281169488,0.4800854178847866,0.37363210888155785,0.58782302087467,0.5398169814807808,0
Kohima,23.530473037258393,199.42443943452722,24.529829322750622,1005.5918711508937,0.5078300953031221,0.9523125078621377,2.3229705625071624,0.609564288923264,0
Aizawl,149.43344677856604,116.10652163425863,21.52068799677657,1374.9462997758037,0.9131520076976753,0.7116839621864495,2.1166865013797946,0.6458451713130109,1
West Kameng,17.665067063577823,114.43721449046559,32.535881602965766,1979.6788211624942,0.3616421012877089,0.3822762095125888,7.869089228105036,0.9661513197382334,0
Dima Hasao,6.196907053791306,248.63629516729395,33.8888201263719,1087.000019767701,0.541401102233209,0.9875431733480688,0.5276926250849676,0.5574700699416428,0
West Garo Hills,43.21775835355282,78.55445350820281,41.15898164431108,1108.2513184223828,0.47801394871445196,0.19139950202305134,0.12957055878163887,0.723277934200642,0
Gangtok,6.578231858307365,189.1800093684195,14.098725718449261,1467.0890421821923,0.3741663389528113,0.5284730782438078,2.362217996760863,0.6721277589024149,0
East Khasi Hills,15.371939731666625,151.47698794718767,31.278131112046733,1514.2885362094835,0.5810704252520277,0.0064985503152028366,1.0537448311063033,0.6787761285601174,0
Dima Hasao,42.622190569871634,170.03716939861826,41.00257017428547,50.0,0.27800463278453263,0.3498424683728324,3.4678814651771517,0.7022336788047026,0
East Khasi Hills,60.86626573650449,160.69650656943162,23.276717424977107,512.4952511729334,0.3893771145775034,0.058926458720390755,12.482549042474755,0.31182058249286415,0
West Kameng,35.03982663472132,251.2099518406704,19.517942129392686,1342.7627887026702,0.16493205376367892,0.2971878029046785,1.2827581932013066,0.7947814776649004,0
Dima Hasao,14.298727406321584,110.65599441841391,8.3768577926348,2185.1147809967933,0.7827204234923949,0.1132165103750868,0.4117407353598809,0.4229668556571105,0
Upper Subansiri,69.97033345955259,105.37331969581133,34.616655208193286,310.98777377340264,0.5801371284267821,0.19165523561112097,2.0192274039808797,0.7251754124558025,0
Upper Subansiri,23.054647554942726,25.75792578487195,36.341586896816175,856.8591886460335,0.11719429629693726,0.6284035344959326,1.0622948749317023,0.719471006442626,0
Gangtok,19.440428854075638,149.63402890834146,47.97084176162919,1346.3333093666122,0.47960145249455727,0.024156904436113635,3.9579661786512577,0.39273503230024986,0
East Khasi Hills,55.598169064175416,148.9235144257806,21.207922342428034,617.3487854357379,0.287070085587526,0.3083582612833103,1.9107571230666407,0.3731652656445344,0
West Garo Hills,48.30959520413546,127.58497306298716,35.2008007389365,1524.9820335338334,0.43999805874978637,0.0626023876166497,5.969960940238518,0.7349954873559478,0
West Kameng,89.37312792585585,169.3411925889122,41.915167457198486,1630.4113976592103,0.7573607652499412,0.34061439984787756,4.553048207832332,0.37549212106656255,1
Upper Subansiri,27.51331875619175,142.78480778566072,33.08098601079857,1463.6056129540257,0.5152084779378244,0.4016044084045529,6.136916357487802,0.2744438070794721,0
Aizawl,40.80801648934276,166.21712064693324,21.397154796000518,1320.6724763347115,0.49213030681335995,0.08039920243596455,0.8883123536586451,0.6738581651849886,0
Kohima,132.1037746887692,530.8290733271824,55.17846780323238,590.0250743845047,0.5180559993346106,0.0023938318147086832,5.8265331612438755,0.6899336143737225,1
Kohima,45.792750302434875,129.90675996891412,16.31003114326586,1022.6426193465719,0.877358063064788,0.03573070398699502,5.032818639397501,0.8519919062050815,0
Darjeeling-adjacent-NER,26.579952296566418,224.59496322446745,28.984169242423206,1961.8589228146263,0.6456048276447001,0.4679739928160877,2.4655090682199226,0.2684565465168871,0
West Garo Hills,41.4088711322506,150.75018174033139,14.58936649079612,1418.0812597595404,0.2826555794781365,0.19127808461359128,6.032096807753646,0.7706706032291416,0
Kohima,44.644146629043696,196.77276701180563,41.072246057899264,50.0,0.8809664801133231,0.18665651339893882,0.13940840930963957,0.84286335558755,1
Darjeeling-adjacent-NER,28.69873711599633,339.3259840852773,41.96058442359761,1691.8090306261013,0.2733215671714204,0.47091994390391073,3.850124597204059,0.5600226320232499,0
East Khasi Hills,47.47995580422384,180.79228718493022,32.02972353743484,1444.8759185314998,0.8716042774840309,0.27497134421439323,0.39313041471092935,0.9225714793757973,0
Upper Subansiri,5.83202459115175,100.6665607174221,24.519346728273433,994.0655834884329,0.2494370128300192,0.405434883608941,1.042225908701511,0.8177011544800163,0
Upper Subansiri,82.11267030239159,277.10611300163214,25.001571274150834,1075.020515979298,0.642297247844474,1.0069497829410847,3.269483134200283,0.7934987548032318,1
Aizawl,13.818502036759186,122.63492803889469,25.59330454863641,831.9558373566542,0.8447764280193999,0.28278821614337984,0.5883058044125746,0.4030571691304223,0
Dima Hasao,46.7810912653172,126.21474072308644,40.23316530321,1244.0050124480229,0.47709240893953386,0.40648327624218616,0.6573265029428548,0.3512402639244816,0
Kohima,24.67625606605136,293.57703466663224,57.27872622486589,1202.7786631511347,0.11780884267132395,0.4083421538589157,0.5957923577123148,0.929737918680405,0
East Khasi Hills,76.06566794663495,221.88860371871903,38.11494779302554,1051.9026319044588,0.5041233627087993,0.30602788226541344,1.5231110206118461,0.5699466197185041,0
Churachandpur,16.40047606498921,174.1314606417347,41.86477375681015,1357.8928232181843,0.45078862318734647,0.4367739698461486,0.2111321472739772,0.5313626116765169,0
Kohima,132.3297677800009,256.101442868326,27.92146006513306,1124.5315047388144,0.38080126048004026,0.7191399489739791,5.4403643818321115,0.23942334555583372,1
West Garo Hills,28.95777683863851,68.47310632152224,19.20537291442572,1801.6561983463655,0.5729457766169491,0.6597523286993072,3.270785113682379,0.7381383622234656,0
Dima Hasao,13.266033037965775,170.44871019553312,14.193059242238677,1700.6493911043183,0.6851846624710618,0.02358995665928985,1.8013482737981736,0.47951977089606407,0
Kohima,20.614122388675966,67.093581583681,28.86345568783974,390.89647941757346,0.18092451902364012,1.212853283651657,0.219920568369934,0.6238781912158308,0
East Khasi Hills,45.16665928527567,352.0743877620797,50.99955560177439,1423.5325074184602,0.6162692581911337,0.7514521929472401,0.331908676447408,0.8526395203451911,1
Kohima,24.310393154740442,152.24179086667885,45.35568338087724,1033.1947320179115,0.4978211867799567,1.4107376580737974,0.2591483214959108,0.7488453101285133,1
West Garo Hills,72.11900661654734,291.1412881804939,35.75674871432484,618.1671085695573,0.526613774524361,0.08630801356047563,0.03714819529035816,0.7692042927860375,0
Churachandpur,25.41103415711545,98.37940425228838,37.75975369405317,1398.5131630193507,0.429464325132962,0.3075004383064292,2.7497165333840567,0.4948285421052527,0
West Kameng,79.10501144939029,127.4803636705318,40.29188961628934,1443.1450003215575,0.4730170094598261,0.23185138328119692,1.784138892106601,0.683586475764327,0
Gangtok,8.69981548129558,92.70272954846848,45.75937374891915,2856.334971763988,0.33587517130314415,0.18925619319946096,1.203426207297745,0.26094722692094624,0
Churachandpur,94.88235214216989,100.47335300794178,36.94601413704257,50.0,0.2016427225323168,0.20869795373780786,1.0674890505628594,0.4620807191428329,0
Darjeeling-adjacent-NER,22.390296638712613,68.86439093581798,49.04430403400983,918.3972015944837,0.385728810956914,0.9357854299914434,1.5468930303058726,0.6859491831283311,0
Kohima,97.33031230299366,207.13155757063535,20.010975172296043,2706.1703481948643,0.7838967618180475,0.47952236448355,1.6107059920566258,0.3235483155250527,0
Upper Subansiri,36.3860583839177,81.60801046354649,19.712050742155917,748.3059238484448,0.3769579414849715,0.15706885068065785,0.37437605491573045,0.46069713630955816,0
Aizawl,254.72642629456445,230.49272988419284,40.26211334743284,1418.439561035917,0.7819221256666682,0.19049130916901813,1.8957333119383675,0.5540328107711303,1
Upper Subansiri,20.606699662543125,374.28058578923475,24.429132385523634,1322.0956217776113,0.4862840014221755,0.25283682772175736,0.12304776538571305,0.8156375641855834,0
Churachandpur,36.23579275892915,171.29892070019295,19.38626505540777,1251.5487929846481,0.723245923342814,0.18286971221544332,6.977753189607285,0.6804343891289696,0
Upper Subansiri,115.98752870448001,113.75548219315449,21.204759664169266,861.3053242166727,0.586384842053118,0.09432600360679254,3.1313156424087407,0.5429323319192418,0
East Khasi Hills,93.8641821160167,189.14554636054234,29.42569148138036,908.9173525482247,0.46297372040041285,0.22861757163917257,0.023758608795785185,0.6403443175969665,0
Upper Subansiri,67.81699869155251,84.0265993092301,43.34347352242633,1390.7817429827146,0.6705731134813604,0.03314675628075777,0.8521152490807709,0.7658936389383219,1
Dima Hasao,24.919094549227893,143.2977830547622,17.6202343822372,1086.395155759317,0.18163742539163066,0.7708128128584125,10.14574271606528,0.49788085172739893,0
West Kameng,46.248901423572725,113.62467453048306,22.467093968642427,1383.3186897633905,0.5502408065821982,0.6968904912835864,0.12417553245796495,0.8587301428980727,0
Kohima,25.240165310459307,145.97030026036091,42.02828760639683,1487.0420891737144,0.47650945761475244,0.8899566465505416,0.3966846867808002,0.7002666532725446,0
Upper Subansiri,5.125884767835149,389.8508093118844,20.395095645354676,1790.5947783674555,0.785621572592299,0.23617165382273642,1.6209834035251016,0.787198880276676,0
West Garo Hills,33.73198007838973,111.56095835656909,17.73483317453296,1838.3262580839214,0.2669119341117201,0.42133618587269156,1.0902593269131886,0.8021649738021831,0
West Kameng,49.03644021873902,202.3856389170488,49.77400669871929,1302.9409328964427,0.38074544761354745,0.6642788696335964,10.538094035503478,0.7986619445715888,0
West Kameng,34.043224688411975,270.3019240625249,46.17554925676083,529.250463576857,0.8401409875594726,0.15125111921090184,1.9391053065326056,0.5378475983617265,0
Upper Subansiri,35.050776200063524,148.20023013826736,12.828820303866113,1964.1977332363385,0.5102129162806258,0.4013768254843105,7.083871234680627,0.4848428795463508,0
West Kameng,56.28257138482119,218.36135432257902,23.439334632211192,1409.5066970381038,0.6981303435581087,0.23066669307742865,1.182302408885087,0.48412350116589414,0
Aizawl,78.8069003086305,152.33706240957034,12.194213135726358,1708.602927577229,0.67479899022867,0.18717712124122737,0.79395027592497,0.6468413468234103,0
Upper Subansiri,29.216118788766703,320.8510755752005,55.12540368936927,1489.959397768391,0.6281259880946514,0.7849436776799315,0.8506701624760511,0.35818870406811204,0
East Khasi Hills,20.594911149005217,407.94551058658396,31.010053200379005,1081.518155861127,0.41235778609946433,0.3913494815605964,2.530619199244253,0.47234539029488637,0
Churachandpur,104.30251093024432,150.70662548704198,52.10703666208466,1014.1931469269252,0.29196814642061103,0.3906239046601141,2.3159411788436866,0.38898708478934035,0
Dima Hasao,41.25460053542958,233.64934133819176,53.53705745198294,2175.471675500784,0.8342004487466907,0.06825069884190237,2.016356122007182,0.5242600056306903,0
Gangtok,28.976428222619322,87.88516224545825,49.033542241998816,1275.4193549004133,0.4276430985779517,0.17042115855207626,0.5239347293582531,0.7986965826121646,0
Darjeeling-adjacent-NER,78.93165534250461,67.48976228524864,39.22073374046702,1193.0790635806577,0.21529201242246876,0.7361906649022365,0.7644313892118235,0.7565476432675639,0
West Kameng,75.73393406197673,264.3420486864762,42.101814746207964,738.4499181033966,0.9411803580208924,0.09606102394867831,0.8531173578570871,0.8545446468000564,0
East Khasi Hills,122.60518352950216,206.00678411856404,31.449644157849608,1056.4010876452521,0.40687869382916403,1.4088531622317575,5.029168515810619,0.7593364860280083,1
Kohima,14.268831831563217,133.2282555866013,33.05638157518783,1805.0155844048147,0.8030260177575939,0.7132219069862532,4.250231219746091,0.26103948319484177,0
Kohima,26.35596229009327,82.23367368028002,32.48519133719707,1260.621216390635,0.25722276270637,0.12457933881352666,0.5736167176204398,0.5015001743046293,0
Darjeeling-adjacent-NER,44.34340026377433,302.8949474972461,37.91393925252672,2010.557437060082,0.6614205540648335,0.04581386295873376,0.3958073728976041,0.61924841778806,0
Dima Hasao,64.63155246998666,206.5702963413697,46.37676252814579,1433.746398374008,0.3201194518071155,0.07431776283236775,0.26935304634029,0.7252208169407836,0
West Kameng,44.47887257693344,134.752314703413,56.99979804811448,1293.004977468639,0.7436680582252012,0.11093538209102294,0.17508524656523775,0.36767529259749443,0
Aizawl,49.84238573176854,242.94170723712796,30.767480457612457,961.2395955561727,0.31000620522279476,0.10859084395963728,10.436751186131296,0.27135872241505465,0
Darjeeling-adjacent-NER,11.427529089800183,114.75890706770373,37.79584694939013,1264.4179770813596,0.40807830003734724,0.00656531030742669,4.168908504948664,0.18759545775435557,0
Dima Hasao,61.8425298058031,145.20563867095123,35.47737106135942,719.0017684162497,0.8497736264423543,0.5025299886726529,0.042682472655151266,0.20822478310933443,1
West Kameng,156.1490285096613,56.19878600542747,53.26759398876804,1607.2246226891475,0.555983394547656,1.5100670731744055,0.01661899343285302,0.9592025249266034,1
East Khasi Hills,21.01168120679428,167.9032561852721,23.201517440446985,1197.9597259365075,0.5194898375507594,0.13499226841736964,2.9273095896921424,0.9374052198690436,0
Churachandpur,66.75529099802675,469.03725908125443,14.156636853642658,1084.4330955621665,0.44052785202243855,0.006565099459959401,0.9322757399513476,0.704966182177348,0
Aizawl,66.52475216513623,158.20258522406,39.39834371226938,1072.7283019336178,0.25736588057851884,1.0019299993478727,0.2604924269335118,0.7038339945833294,0
Gangtok,58.543608449941296,199.45162956868938,35.405328748253474,1640.5555388546331,0.26766858616978134,0.09236941005207756,1.5591281906020367,0.5020849962095438,0
Kohima,96.13123220755246,213.25998771166218,21.35851203407429,851.7256478387843,0.078043876037971,0.0028719329259678647,0.047544077622946705,0.6318125642318102,0
West Garo Hills,75.6981903395387,47.26571844608551,45.77634197140897,1840.5069035353877,0.3030967272072355,0.10150423365104747,1.3829434056320506,0.4443717171797978,0
East Khasi Hills,50.94777988640591,142.40900291783652,43.20301342171405,968.578372971911,0.36402187127627283,0.04393305162040628,0.6781371615166587,0.9309954804868426,0
Kohima,32.82296860067074,35.65026868403421,17.59402211430752,1604.0227320443498,0.3319184611530757,0.51791925479419,0.769292666146453,0.6212891824157497,0
Upper Subansiri,17.79644991061964,110.24616924066822,20.787082577530413,944.4288588754212,0.4431807352518,0.0006571708781729783,0.8429898521255907,0.34285826897777977,0
West Garo Hills,29.217595950317016,118.23132034574652,23.56481623890422,876.6365783038018,0.21487577619603948,0.23289392905205966,0.9193515475428866,0.32749322736456205,0
Kohima,62.681326310578335,171.21627001424005,33.67556696538884,2111.696521709247,0.20122756294990643,0.27087182601832244,0.05061477496464112,0.6267459024347101,0
Dima Hasao,46.49156943611693,38.02611415965434,16.764471350647927,1622.856236766571,0.42323691859539964,0.6133663227367864,2.111118328556537,0.9033482922005155,0
Aizawl,8.841200892816989,383.1955184196811,26.22552229557976,1275.5203889863005,0.6231047946206608,0.29556286248686914,1.9845746827633644,0.8911463852176935,1
Kohima,69.72418059767077,210.94829405157228,47.29655280167598,335.7747814598895,0.43094824764870465,0.05329259141964206,2.63032718649185,0.4634929973364214,0
Gangtok,16.747514554958226,24.254264933908225,30.897341020893318,1462.8682214477883,0.6797151264650015,0.22238513281410396,0.4356328943975191,0.37973612418435676,0
Churachandpur,18.362120643478637,61.77677556909808,41.81875338037458,1821.2266225976668,0.7359785443628482,1.0908376509684534,13.15618512886791,0.9200512419911124,0
Dima Hasao,33.40968225699982,125.07965118343074,27.64990824745684,1321.8778792098694,0.7828812960821887,0.10809632188545529,0.36494631532499,0.4060840520094662,0
East Khasi Hills,13.543199582278884,249.3349783747581,44.873866914661264,1221.159231808693,0.790201538339116,0.1423662805766025,4.172382827641102,0.39697472588431054,1
East Khasi Hills,42.1610569838596,131.7484383399083,17.77968546509052,1322.6649156505453,0.3079234241141439,0.8262432706168866,0.6223087294282758,0.499632620926723,0
East Khasi Hills,30.968366630233913,265.81744156496393,47.52023140104175,1468.924753255411,0.7317721391854508,0.6166458672772858,1.4452491000623515,0.6133525396389181,0
East Khasi Hills,38.848411443047596,320.7921801401813,32.184429434365306,859.2283182293248,0.10731983579285963,0.14011627516945768,0.9796538095745976,0.7013221288818772,0
Churachandpur,24.55568349024749,125.34279053421956,38.54328819170414,1195.5993521869018,0.6116481385868808,0.4929118166293739,0.9193740636841787,0.6761358598399556,0
Kohima,16.374657777423877,65.41773180259975,9.672980716381998,1282.943682124936,0.2751396405762035,0.03558301335878291,1.6663230506568918,0.7271372759401362,0
West Kameng,66.3140094752786,60.73703851485748,24.095656532865945,1777.1762563687535,0.2573743126500518,0.31322352316954344,0.6848686574354479,0.8909463644511044,0
Kohima,41.18161974338168,97.88206118614352,31.663323651030492,50.0,0.6279679735166764,0.8191025260218119,1.978863908124109,0.7209625651021784,0
Upper Subansiri,4.281980024183749,298.01279744816827,47.695396122564325,1793.5612434434624,0.21239427321295654,0.7393759448745965,0.7214801937248688,0.62607884560585,0
Aizawl,19.942652362119183,119.90549641444541,22.406216664913188,285.08632257036106,0.2498554559067148,0.09068262715561987,9.022156321509566,0.8787626331334498,0
West Garo Hills,75.259354688109,154.42939458997662,12.235303827721124,811.8305719358984,0.35342171462983024,0.3047121430579716,0.6841534095521323,0.8005492083964386,0
West Kameng,19.644393014386388,360.7141051633894,19.104663020656314,1201.546879351253,0.5559900383682284,0.20330556764525376,3.6164083653503143,0.7087710523641841,0
West Kameng,49.568992486040464,202.6886424814617,16.11723741662535,1637.0703272982662,0.18577803932104328,0.3291708032901466,1.5858620138037458,0.2285931262820084,0
Kohima,14.651005685766389,52.19807259808013,55.48208465486343,1866.174420019825,0.5108202346873739,0.03121612001685431,0.09664142083736332,0.9712322222215215,0
West Kameng,45.206211492853775,226.44916944419313,53.55773255393578,802.3257559268966,0.5838044814156053,1.5928847182079033,0.4142613127182954,0.7100258920033545,1
Darjeeling-adjacent-NER,116.0738895342091,72.3350696764303,53.51421920285556,1565.6827868052678,0.12649676343389113,0.33159999319555505,6.59728317338092,0.8086131163756652,0
Darjeeling-adjacent-NER,70.79341650469905,150.06168190074266,53.67405044973321,692.705543992915,0.4758265465165988,0.050810593539276944,4.290958721026354,0.667070197319319,0
Upper Subansiri,34.12575615320399,136.85520937526192,13.12096510689944,522.9124834607987,0.6407340685686844,0.4111889423110713,0.3891464174110363,0.8383279582840781,0
West Garo Hills,120.59114570240557,187.69069876261005,31.751403016068604,2142.5450459808453,0.8907956646191532,0.00309735703290995,0.13100075918928722,0.7776716405295913,1
Gangtok,22.4953916954627,134.45782790704237,17.774777308408094,2115.07388908519,0.13606002330903597,0.0025952297308965734,0.4142791019994629,0.7248575711035493,0
Churachandpur,43.37684181506032,284.99807279773023,47.372286300986495,1016.928769599843,0.3846786641693512,0.07896428398641936,2.1922482615185865,0.4973547984281526,0
Kohima,52.59278552106278,115.96046259566124,19.72700000680219,356.89649851265904,0.49299647710978667,0.12639356676107047,2.5098550013129097,0.7302430396054006,0
Churachandpur,75.80373755292312,167.96271077302455,47.65925676514296,531.2583856595317,0.7879931579380783,0.12215404623460213,1.1907148292130445,0.399921525065631,1
Gangtok,28.54095457893363,157.9582364834229,11.594478200313313,1867.4741763975287,0.33191363201418306,0.23419931317631001,0.8243455793472607,0.4669448933617592,0
Kohima,56.925341328355316,107.02460538023419,26.167078724223533,1451.5606835144238,0.5072232030756743,0.28795639751724206,0.5795468774850566,0.32181399197910104,0
Kohima,13.422066023171183,124.92778172324546,6.311193854824905,560.7885867444381,0.6139376754241859,0.21937760768946934,1.4445161458625568,0.39467207704218205,0
West Garo Hills,14.250914474483324,212.03639420493624,13.755698355381828,1309.3222980698042,0.32628591042428334,0.1872908564601785,0.05704853362865023,0.7675968720869393,0
Churachandpur,49.021407857210775,449.10344657908695,17.477519290106247,735.9424517671205,0.7731301637611945,0.44363463041400214,0.021860799646726964,0.6801318625755638,0
Darjeeling-adjacent-NER,48.21535717174405,303.7407596318057,25.224770315226152,270.44357974131947,0.6290355275005469,0.1141868920453477,3.995840078825412,0.514234382916229,0
East Khasi Hills,89.09506062608662,197.80285905885665,45.54766007573085,568.451293312366,0.4624573957877366,0.3953365870816196,1.8894640176976254,0.3267346698490732,0
Churachandpur,49.670213076798305,20.4834114550834,36.63945768170134,1847.2575107988928,0.8616996255170438,1.2555413077448625,3.799126898864972,0.866405449224819,0
Aizawl,24.985127306234354,186.56509544475236,20.190797026639594,194.76056088491202,0.8331803786797606,0.25529181255352973,0.30238863817247297,0.7670230087354432,0
Aizawl,87.84073976327818,121.0949186713078,9.271038827120485,1118.8200050573714,0.49594484131213934,0.28631880086055533,4.222991505833343,0.6418372774845956,0
Kohima,95.15557138483275,367.0419642297655,17.604854877260372,539.4678443594328,0.7760791809234202,0.5211913768329042,6.401385736186106,0.4798389556815372,1
East Khasi Hills,54.16246627660223,120.43720054871946,34.082158526719766,1911.1505467554362,0.6992637881110928,0.2832196991178088,1.9055655780560925,0.6194406212635784,0
Dima Hasao,26.969195246608617,460.8189285911476,4.400742672067993,1086.272622739006,0.8417534170433636,0.06215074192483098,0.2785499890705796,0.6915889331082914,0
Gangtok,18.63837361963205,285.41748802164597,30.988041098473122,1814.715423514844,0.34959818766534817,0.3773654450771739,0.32883218426482164,0.9224436707389646,0
Upper Subansiri,38.40276119697009,136.2152681767053,22.003032211349943,765.1005231983346,0.48069971817483886,0.28433995250018207,0.539744946124983,0.7634803823134182,0
East Khasi Hills,174.05001032059516,113.69473367848305,40.55898655265818,1327.086596965523,0.6568132585456702,1.2102832520201583,0.5122141555910819,0.5287789988849617,1
Upper Subansiri,6.71382896227022,103.02923778395206,37.748987001611795,802.9931747195424,0.5401198663728652,0.039046649344011475,7.245158096332945,0.3799532111054229,0
Churachandpur,177.38043554371185,95.65317855385695,22.635638976510645,384.64367903632467,0.6402904007397926,0.30755223687420574,4.027280692365492,0.3814785346052114,0
Churachandpur,35.855561390806976,220.06579689788825,44.80753025865985,690.9458133286251,0.490338542691075,0.38381598891069635,0.95733399109041,0.20903230692082989,0
Upper Subansiri,23.72346602244845,104.81807296733277,30.03018114726164,944.1239829500265,0.07625708865406708,0.3869223053619739,4.23989810274799,0.7563055570303402,0
Gangtok,5.819273490310406,44.59917154091195,43.830650352153036,419.9098344646229,0.84060637334182,0.02462282957733008,3.6975063417246408,0.35022666995931456,0
East Khasi Hills,72.63021821889886,102.42734553604942,31.051957398347213,1675.6106154903418,0.5526937785850164,0.15889802563690186,1.0972893292644343,0.4992898853565641,0
Dima Hasao,42.76752610141673,115.8268898589915,27.39213042187833,689.6179792598459,0.8133658283163472,0.12181899125417302,0.07610940179354783,0.4431667301006181,0
Kohima,68.81290280977088,314.08588001108296,12.378847226244325,1825.5731684997495,0.10524597706794982,0.45575741608235315,0.021958698735169025,0.6932424240655514,0
West Garo Hills,3.152982703935616,169.72812904104515,54.78346166597283,743.9287719246097,0.3912591654754099,0.5318328236973192,0.9849162507701235,0.6909874219793529,0
Churachandpur,78.37220613428904,58.916313293728045,19.67205780914979,984.4919071343137,0.8239751834600744,0.0939191776818478,0.11614512547229514,0.3013089800362722,0
Aizawl,26.84624110432973,71.81904979205024,37.4412771621134,707.084815399111,0.8222097597346322,0.6996648540703334,0.3226962812600915,0.6075806330338227,0
Gangtok,4.2833050866903175,142.02244201212304,35.24138229893983,1190.7833984475092,0.33366511714827507,0.2654616497638001,0.7340475332850656,0.5228858151743401,0
West Garo Hills,30.623109039238923,584.4209534145132,41.125407585813825,716.5962083869579,0.7907223427633735,0.12204569500500805,0.4931460204240594,0.8593029200698196,1
Dima Hasao,7.347061126233341,97.87685121875293,52.51769393267,662.3172680771497,0.7910956688649278,0.14252888172541792,0.3909691919191043,0.5942597702042717,1
West Kameng,19.53861688387494,40.53286549797462,49.114561742600415,2092.5677727026236,0.34176313659530433,0.1223586564015584,0.7600134029644077,0.32850880692236384,0
Kohima,25.574578463878638,82.2861878398669,29.725811897569034,1910.5763139708622,0.3396665975826681,0.37098293081600275,3.337978612257099,0.4031607881143738,0
Churachandpur,13.083713752741247,61.68540858105572,33.60944371984423,2379.895063259672,0.6623150784321497,0.29951964565847106,1.4694278283902333,0.7225992195017947,0
Kohima,39.02656173445156,44.898502919989845,14.035073288778694,1127.3782904515992,0.16259772625744975,1.1169857260770584,2.720671056765193,0.5956354111098418,0
West Garo Hills,40.05404450650004,154.68566012697656,35.869152080069014,71.80728778768798,0.7966843947597997,0.12791079982212444,6.604292496520282,0.7407764694457144,0
Kohima,85.8450921313857,97.10915415124241,24.849613055829394,1157.792302878882,0.6672144321237312,0.15378137197955216,0.0033886493123369155,0.4814152457169437,0
West Kameng,39.39027809016513,40.31670165443222,22.677003567627878,746.2159638795904,0.5508823672948844,0.0025993634117885225,7.552613583933459,0.5878287851235365,0
West Garo Hills,165.23578164323325,120.48392920886995,46.87220986857552,919.0870649342431,0.15325810319410896,0.14172178154981946,0.818274980551566,0.9350319572730365,0
Churachandpur,62.40672877044556,226.19299939188156,47.02175814427311,1175.0783826930162,0.6172160046755009,0.11554245469324442,0.8474659382415134,0.5187485285852623,1
East Khasi Hills,17.371204472436496,182.09458544219984,21.617496489901868,2231.864716219068,0.40505621545706244,0.2056629604343031,2.481641100882131,0.8370265615964958,0
Aizawl,12.974129207130977,253.50072566183576,32.75609041292802,1260.2259011536585,0.6816715369224616,0.2737864457474823,1.1190586436954348,0.5365182239421825,0
West Garo Hills,14.097576347635691,230.34489858586272,3.846549049110622,2439.000253923624,0.6861881647781776,0.44376964551945586,0.20969900367395417,0.6066106829672286,0
Darjeeling-adjacent-NER,86.52580235270618,80.84888828284602,35.892835630803184,794.868301480957,0.7264731441714125,0.08522210103967398,3.1071962086201794,0.5686651119813088,0
West Kameng,13.021455697808815,246.07792727044045,41.66262266735459,2088.314859132156,0.2559609144849023,0.32514980367835117,0.5058664963409174,0.8171280052213776,0
West Garo Hills,46.762568758205816,189.02391177443235,31.433311792444044,1300.9893820196958,0.2627076558188482,0.5217277940926345,6.62581696496215,0.5375134891585266,0
West Garo Hills,68.34331075238617,132.10220185616714,40.63951046089811,50.0,0.37110379944266225,0.11039738606187853,11.028885415286238,0.805068178894738,0
Darjeeling-adjacent-NER,41.52990590298815,132.9656974663377,57.22471536732785,1306.8903911553298,0.07344111158829698,0.17305946074465517,0.4998606493981418,0.5157946452600284,0
Churachandpur,71.21867888285753,331.2223789496419,21.93551159673662,1621.9334175796441,0.5683215179250405,0.09182495204428472,3.502872148221234,0.5565813273419393,0
West Garo Hills,30.545890255619152,241.9832426889895,14.255711568904864,228.9555915668252,0.3567657668443306,0.04707764462778146,12.01622637650268,0.593709939834914,0
Aizawl,43.579781571738884,111.17667015748766,39.637880746660485,1033.1775676684474,0.40938983078000285,0.5645694933150922,7.769872032578048,0.8610810835877395,0
Kohima,35.323077032910895,106.51765211442465,46.106042714205245,890.3364249855084,0.505345697313186,0.10980821279113587,2.0805336506389747,0.5973042199149379,0
Churachandpur,44.9802935700703,48.51847270115222,27.132932171080526,1780.7886760665265,0.6727059757737311,0.18327346575555106,0.9350155543379957,0.7564199446555987,0
Aizawl,11.15744364942927,164.24427431783582,19.037552619670475,937.2320252901961,0.6003162320967251,0.11384104665450581,0.029330585404481812,0.5668309448983986,0
Churachandpur,124.30708080561234,170.40298782946724,49.40028044152342,969.0448112389358,0.6438035356463195,0.017925592379331622,5.712738454709889,0.4061154063293553,0
Aizawl,58.55907654007629,315.6663569971906,43.665830239488386,676.1973112180038,0.35738803070037134,0.5222402947257562,0.09060921925733756,0.5882215059207955,0
West Kameng,74.85378193194477,181.7739854761236,19.764189232501653,628.4967941466335,0.3734189592634337,0.41237765260618214,2.14754482271525,0.5590812085074621,0
Aizawl,24.41064661376204,118.83650032138007,41.65278619312378,611.0615727242641,0.4157743556382756,0.2586017030778138,0.5149462914850526,0.3615174994168565,0
Upper Subansiri,60.13313442331921,94.56503329340735,27.954425892870436,483.7148432930243,0.6972150384103017,0.4487555327424077,0.6926241274257361,0.3082021044518491,0
Aizawl,48.327548783824895,199.23519133494077,26.338499248688663,451.14838983337063,0.643262337764691,0.7496216150376935,0.05907148164639963,0.8515063253501701,0
East Khasi Hills,7.606103347223307,332.6825098802814,39.86791010588577,2096.235884492319,0.7504729894616962,0.38541844571605366,0.09401144223544203,0.9357042652662435,1
East Khasi Hills,6.677262514144799,57.593436487692536,27.999956779246723,2036.1899297868174,0.6109906879347135,0.9491396167696089,1.077748572183024,0.5147020910097355,0
Gangtok,10.681708199193354,192.80460768292224,43.438024971359475,1888.498290222789,0.6280426360969779,0.09000571706224261,5.250335693403953,0.8151116696558242,0
Upper Subansiri,15.75443524958401,237.14835254656785,56.216366632396266,1243.9589204251333,0.6002502853609719,0.8594570421145651,2.085816864891839,0.48700050914266935,0
Upper Subansiri,13.5430665612303,50.1093223630602,23.142382814450738,944.654749243955,0.17539178467044758,0.3119483753514817,1.9321350176215013,0.843588939855941,0
Kohima,55.14171086500262,179.19013253978522,51.74271999368256,1512.1325870831618,0.5876734517861661,0.7371177265046939,2.420949290915783,0.4995075017660564,1
Upper Subansiri,71.12957307369363,96.41331279713016,37.251621021249264,2083.2198367178044,0.576039133400513,0.5447336521004432,1.9160892954685798,0.8670573044668209,0
Kohima,60.97861440821549,49.84951928092872,47.32683842316451,1335.7938198224374,0.49902121893069706,0.023747105871121735,0.9068926266143618,0.7702109468201636,0
Gangtok,134.22104997012278,125.68968263726178,43.39327964520773,964.0969686732653,0.5019419813275751,0.7275596061694924,5.300041179087119,0.4863651847957113,0
Gangtok,45.27154650790156,28.388740429216025,54.73502196361085,1553.5201742289576,0.08316719554629295,0.1645661991197509,1.6137671249538335,0.31565136831540264,0
West Kameng,35.3844574309666,206.49409922340544,9.277220619499568,3212.0559337732166,0.7625940765361684,0.22005897625664042,3.4923949114388146,0.4467289087650652,0
East Khasi Hills,38.064078741250526,59.38553518742499,51.35986297879495,725.6844630974247,0.17646424957043982,0.004454526186561887,6.077346192140905,0.5463103626247078,0
Aizawl,76.49163019512383,319.02499648921673,34.36932823638605,575.2018168549863,0.17942254927484658,0.5687214101193317,0.009335683748838808,0.3353682423660802,0
Aizawl,18.28287262333758,100.89630209907028,50.44456969785252,1934.8479899878394,0.236756240628566,0.25166150608123955,1.625878288415392,0.596037877980839,0
Darjeeling-adjacent-NER,30.022643844871865,122.46775463310729,48.02009292203837,1821.9843068929317,0.7029336665704005,1.1228277514847744,2.3197426930386857,0.3921882393280643,0
Darjeeling-adjacent-NER,116.58682689862927,88.76955350947907,36.816987790592535,575.1395401588344,0.8512424466931715,0.13195642607613497,1.7448617277865002,0.5920330641342063,0
Dima Hasao,45.67910936388207,83.17317897050357,22.930233404190517,1385.6564326121256,0.3928824862518087,0.274128575606798,5.817597525479423,0.8852055941102165,0
Churachandpur,62.28949034165413,182.57248834056145,20.935923827024148,995.0994225568762,0.7269211963298784,0.2118232187365167,7.0355321127869,0.56665192706664,0
West Kameng,34.371717237111795,246.63238250712334,56.883915502492634,452.89478244724125,0.5873880829396944,0.6282984967350558,0.3605119231737205,0.702782971492301,0
Dima Hasao,19.83905119131322,279.86039338647447,34.38947933644509,484.7553466997074,0.49885266423585817,0.3068411149383308,0.9004949681391715,0.17584640723767092,0
Dima Hasao,66.12228993348745,136.59774326889928,47.643218586426826,855.9366545066247,0.6345856208029264,0.24638404488377047,0.7659043252465436,0.2789660080912788,1
West Garo Hills,25.833663673973113,304.90048483844083,41.09959337142718,1295.4999199299182,0.3721071751885492,1.1736273062570628,1.7167606479303654,0.32845021758369475,0
West Garo Hills,36.25865474798526,71.76099113911728,31.859897990681954,1622.5460336689248,0.7030668671955639,0.18988962373788093,1.2035920699471243,0.8952991361533305,0
Dima Hasao,38.666472902042834,206.5418379028399,48.66225860449378,961.8556814657704,0.1904160766267816,0.2693527286338458,1.1126578661468292,0.7501250387907172,0
Upper Subansiri,92.91730138188042,147.92050655466988,44.23058002042681,1038.252856760654,0.8631525382909603,0.3231008630015683,1.9083915990648674,0.8572910353837317,0
Churachandpur,18.754320352694386,418.80290655971663,14.171908868249565,1547.435040563614,0.42892958172666257,0.022147941577994976,1.683687170627958,0.5387339513619233,0
West Kameng,89.04748368235721,252.80702651660934,47.38003480330928,1016.9712744103542,0.46176406335096376,0.29905162347151343,1.5654758406035851,0.8439661215134772,0
Dima Hasao,20.43597741023649,160.32116522007868,23.46860014430913,1043.2222530207316,0.7689564653028066,0.16366878056683837,0.30037887624242704,0.9271550201977472,0
Aizawl,22.55102595184502,73.52296515886833,17.198481309598524,1900.771938231391,0.4978489462540962,0.4202110183996838,1.9373371813110343,0.40722604384343325,0
Churachandpur,12.850030814589019,86.20834108742184,20.801734060600953,973.3250834995943,0.46576877428497887,0.41270841618269904,0.15192571891907367,0.2796564582061432,0
West Garo Hills,59.28558918981794,129.1895615091027,32.26349422596834,831.2104894863359,0.5438910260151195,0.49694490473050035,2.395057324640614,0.2202476651829107,0
Aizawl,37.18262586356843,171.90610126051283,47.93525178094176,838.7378635729672,0.7250173100873024,0.20376416774732375,2.441679590592869,0.5419634524883521,0
West Garo Hills,34.37574951442797,160.98908399094495,29.222035872391075,1098.451851804743,0.6854944685836954,0.04427771577995795,0.7547588495061185,0.4138757048944413,0
West Garo Hills,50.36296132829767,76.38716953305786,50.04427208263325,1963.0575095051613,0.7743728875403912,0.23132299659514555,0.3634686944044521,0.42548873691805345,0
Churachandpur,42.959051640696075,70.69946270912834,31.676499627905297,1460.1073240619958,0.7776337492419167,0.3213513854733559,4.0021207866244355,0.7724200859003106,0
West Garo Hills,54.42996543571371,164.4692327136783,47.096499256782586,1125.0308313598089,0.12480808372237617,0.010065692509058623,3.6783542585410247,0.6687696806447017,0
Gangtok,54.170948920431684,150.36924270471482,24.44180953518359,1134.7970185622926,0.3883503589280603,0.31706591950329566,7.297270919228627,0.739393918334422,0
East Khasi Hills,29.511143715036166,207.65225131831107,30.051539615815525,1663.0661162813767,0.25987212007927796,0.20384809173335744,1.4778728171357691,0.539916393444185,0
Gangtok,27.882867898281884,112.19466789619447,36.48148247729375,1132.037436939935,0.10688605649454763,0.260385734429663,0.9478550309030969,0.7523189030501658,0
East Khasi Hills,55.46011419435797,82.22882602490948,52.58431621779634,1123.2225245565362,0.2777937463010484,0.14458095999133677,0.901019063427732,0.7470955129056193,0
Darjeeling-adjacent-NER,27.716297246623732,127.31544706559498,12.183230886034156,1399.8411028876599,0.7520129245259753,0.27101941299980176,0.4966863837829597,0.5259421748751635,0
Darjeeling-adjacent-NER,45.66982436911694,140.39925431247534,33.40041143435782,770.5268151761713,0.16033638414317194,0.8542885265780584,1.075929736316393,0.28311314353730826,0
West Garo Hills,30.601223821276317,11.510328849734178,41.02977342287172,2373.761334135518,0.44462334094155853,0.6201828888550153,0.3418341181096593,0.7095913810778715,0
West Kameng,55.42070939015296,200.84323861736223,34.75680166505235,2333.20120129492,0.15791309686269073,0.3828911123752128,5.140017162143028,0.3558324090145633,0
West Kameng,18.15003489840464,58.88190135530962,12.495001694581804,1252.0421384703045,0.7972485248673298,0.39401749502184424,1.064988991554136,0.495531512076537,0
East Khasi Hills,91.86776785205427,365.1567384762984,18.490065531950957,1128.7314690022038,0.681790394896698,0.9030078864999412,1.9812002004313922,0.29670594954683654,0
Aizawl,41.29555952095089,373.2549104754703,31.683016257549795,669.3192580824531,0.40849975372398417,0.26133694543215497,0.172259560949547,0.5596222958971137,0
Churachandpur,6.126819726546958,45.87548923872922,38.84800282422923,1246.152633887226,0.37215099624955766,0.3100438145500216,0.823810610164208,0.46525369102274156,0
West Garo Hills,19.3013918762863,127.37911970873671,3.1776026759987945,605.1388936189592,0.3264993938714716,0.7869556507156882,0.6325303260638316,0.912863845675547,0
Churachandpur,75.45610110412423,107.65601641864845,30.71710188658144,1108.9635826617848,0.7511265150508213,0.5621374760784288,5.450098626960833,0.6748300416687194,0
Gangtok,115.19977810500713,102.84315177012945,11.513844627839752,1646.32712304274,0.5640471655749592,0.22700153687197694,0.4961734079850664,0.7287953843048007,0
West Kameng,40.878877999375696,192.63599101801896,22.390501513706738,1822.0897239954732,0.671465174636235,0.14568837562297463,3.968299991283769,0.8556244115378062,0
Upper Subansiri,77.24641929475172,74.10812157603952,43.048257739235005,2074.577201854874,0.490475140376614,0.2917740298538355,0.8305431531506515,0.6699046813213178,0
Gangtok,13.516243780495788,105.95371092758793,27.570444743367922,1477.3555321873087,0.27235364515821037,0.051411255660939625,0.5929910805333617,0.5043553485379088,0
Gangtok,32.354593424470856,77.85741332332105,49.70906299504555,672.6330040452174,0.41040971876317695,0.456321887908959,0.024267400390357397,0.5476898037733314,0
East Khasi Hills,15.783069715753347,245.29965093304452,54.59627010451845,2083.579766879885,0.30401965116569823,0.2497827582175011,0.8617315126652213,0.4179046095808095,0
Kohima,10.80945207985898,405.8888657750884,25.906815948852053,1776.959101025972,0.061981957467854114,0.36153534379426017,0.18220175496754465,0.7111438205427302,0
Gangtok,53.691391529053746,113.92823369371675,53.72560452830378,956.7635768183923,0.6182802955312019,0.7488378589059653,1.1240587592933096,0.32971407239948125,0
West Garo Hills,34.67359374261143,204.2621115255142,38.13853162491896,603.1338273916523,0.6838959627891181,0.17622175045407196,0.13588742242125956,0.6407974763890621,1
Dima Hasao,4.838720304155763,324.170170804679,22.934682454686637,1317.6203249958328,0.2926190453327478,0.27499962467023326,0.16595419528512287,0.732043689316231,0
Dima Hasao,15.708683843756493,114.34835906076412,45.58307829046147,1984.0350618403663,0.9317398804316702,0.32449360149406575,1.094497383003192,0.9148909450611171,1
West Garo Hills,63.745026316800526,184.3415448075361,37.13571320071681,944.9140492700583,0.5461967138026937,0.13149877955859354,1.4855249461846634,0.8033706709075178,0
Kohima,16.221668137787983,165.06031354975622,43.72610365492479,1293.1487654829114,0.4502152050698873,0.1285428251538579,1.0102117768537917,0.871566743501059,0
Kohima,82.4592489017882,209.56856530566205,49.474791144584096,1558.1748828939312,0.4904770314368672,0.29880697892261326,0.059950004418557565,0.6531654972855208,0
East Khasi Hills,102.8623834923576,139.54963159091167,32.203466428325555,332.6042712470936,0.8402758505089556,0.11891153545177297,0.4903218937259956,0.6118192831071226,0
West Kameng,45.818699626726655,234.58622562568883,41.15111846256996,830.032007651989,0.7746757360599026,0.7898952164779036,6.994246237146492,0.5915040440493193,1
Churachandpur,63.55318990930058,71.64736693047912,27.777599035822824,2174.6667670804864,0.48010372082953073,2.1094626391293265,2.1200262685501583,0.4273560446173885,1
Kohima,27.194757176750016,198.22644233976953,49.4273349997602,50.0,0.26899501225568456,0.09472064958152757,4.810109441852898,0.8110253638147343,0
Upper Subansiri,19.5863206401511,99.77111159216516,15.79007786007176,1922.7468979725363,0.5198368149489524,0.34250970767918776,0.1317344119055439,0.20890783494051718,0
East Khasi Hills,15.194313727743772,117.58922336179222,51.39977456394018,1915.597092261211,0.7186061102968102,0.0628384258117841,0.019003364303396438,0.5902478807897654,0
Darjeeling-adjacent-NER,11.157982687843901,281.2471415661047,35.603220139367515,1456.0014872780848,0.7307467425876065,0.08210736098641375,3.8053000445096004,0.2586733507594565,0
Aizawl,46.57709356690648,93.50761576459503,49.56992872065577,1287.0554807349763,0.5142353049734754,0.5809206492271946,1.2132184620485917,0.43596655954066155,0
Darjeeling-adjacent-NER,59.38475898778211,150.1737425554507,21.091572186513563,215.3844793729113,0.05995127195486406,0.08909750615054748,1.151692088170713,0.5535123052553552,0
East Khasi Hills,79.00254217640183,227.38710968367775,49.54123766863104,1493.0931067954434,0.5808730962583059,0.5529228109916561,0.6802390829792362,0.6221867297137235,1
Gangtok,95.18616316084874,113.8190078311078,58.67390004097952,941.8489580018531,0.7891373236767749,0.20702512004090284,0.43750341758361055,0.3600049026165623,0
Churachandpur,44.987799077229425,217.0326917847793,53.17564092979008,1927.185041939987,0.2050691407359466,0.2611549217424252,4.4072778817002245,0.9519836378700064,0
Aizawl,157.4942546768106,161.9921279736487,44.238492508126456,1402.269031110861,0.8139859125456,0.12012416292046087,0.15843265605648554,0.5628839257730412,1
Darjeeling-adjacent-NER,43.547967800864285,203.77577780573162,28.629270365284896,270.7601974033108,0.6702984852203951,0.3184985747784292,1.7246587466738208,0.7988220983276617,0
Aizawl,61.70778064307052,237.33974017365773,42.44389025037209,739.7027432561359,0.6508429100813269,0.16112041456199602,1.1174091947999734,0.5092857214579705,1
Upper Subansiri,4.822209077235516,213.99599404485065,40.16108824511016,264.84102198019605,0.8175723348491982,0.07673845802116541,0.8053995141301211,0.793526657446553,0
Upper Subansiri,99.62243666975887,365.8929993132382,34.2118478575587,400.47639126216575,0.42322651320522753,0.05989825150590279,3.5755459983007034,0.6188886956199213,0
Upper Subansiri,98.83989814937877,168.5955600542791,28.913994977783254,1717.6998759061357,0.20306815113863327,3.1910676755165395,5.278936203319749,0.4884018907064808,1
East Khasi Hills,29.40528022657172,95.03243170918142,45.20314310555795,1053.6585077649568,0.6814919948933539,0.1696347556542953,0.5422489848122407,0.6074211488924551,0
Churachandpur,92.22817822949146,243.4259190178582,57.96997180424047,765.8128256916114,0.6170783039083745,0.6537479231988778,0.20034115722076418,0.9073826539389479,1
East Khasi Hills,92.94832414414196,179.19512576629725,39.61128126391047,1183.1878905402946,0.6772292666706474,0.16704651585339964,1.175220767740137,0.4505675565965863,1
Dima Hasao,91.36838209885283,174.11462965117747,56.35673635840365,970.7095856727935,0.294787621922009,0.3901608163842309,1.450135031624922,0.5233840415880904,1
Gangtok,40.96353364388576,183.20097876478647,23.309845306725812,1294.0824665097693,0.5282969579640892,0.7359493773752841,0.1364943888458396,0.37090683735748825,1
Gangtok,25.67201327753736,169.08198459890104,15.433963439295145,2476.000122629387,0.34040571222765265,0.4763358553810096,1.5873624814359213,0.6934350372056702,0
Upper Subansiri,32.416412360562425,159.75897409975005,42.32579144802351,1189.0519809403593,0.49617497578215575,0.02863114169411767,7.547275452382828,0.5837152581884427,0
Dima Hasao,3.980441252433966,79.99958227035617,6.940408478761804,1872.1304202132133,0.1614230697254218,0.08566160748369323,1.2178935787187535,0.6147314743332905,0
Kohima,101.89280660928563,241.4703841787828,32.26570396387556,54.56598501041867,0.4592850407106244,0.8272693514970696,5.756719043989977,0.8186590222390848,1
Kohima,22.387125749567456,71.17288400021972,36.860930643435275,973.5891149131687,0.3157015823879522,0.25487552951589043,4.719170054046804,0.5565043343130136,0
Upper Subansiri,134.73878458035622,78.7700541354102,28.661628582959725,450.2017481781735,0.44507003402878287,0.3649888459951403,1.434292953770929,0.8538366255499383,0
Darjeeling-adjacent-NER,63.042512244022,178.09351316143452,17.642546294797295,1343.3732420212873,0.2704533885591384,0.009902704817929722,3.0648017035411894,0.7265585153664575,0
East Khasi Hills,14.321549602712306,213.88015494982722,36.4804844339412,1662.537421257079,0.17233961247112017,0.26723874940060904,0.5863298255316464,0.9431402769457817,0
Upper Subansiri,19.36004754747385,62.06855363500475,46.2914583578487,1725.9138155529722,0.299039348456935,0.22544904458375084,0.36288564650402166,0.8212933949555189,0
West Kameng,74.55651508468635,161.48205274396662,21.464177064769512,1120.1464789385004,0.280435710102805,0.4635947056610495,0.005298956208905031,0.14750772501029952,0
Aizawl,127.34214374879383,84.31877822039064,47.65859303603878,1928.1704675306892,0.7554147309577645,0.12832868791866467,0.19038100955806747,0.28442250550241793,1
Gangtok,4.653595015483781,214.60571524476467,25.110155517119395,1391.1248187991366,0.54644900891517,0.5448607084207948,2.4743422736066987,0.21347190716721998,0
Kohima,109.1156642601546,131.64077729566,50.8328927117787,1542.9825301483322,0.4452450297036455,0.44455241740638646,5.415923962030529,0.3329905265110833,0
West Garo Hills,61.322877043721334,254.83576602994344,25.932042473527968,915.8823374533424,0.2389374124875351,0.2851046736063894,9.523637768283516,0.7087100000621743,0
Kohima,18.586440603366945,236.88620551835734,27.926419689085247,881.2001995697151,0.3174839807252978,0.18841825610579996,1.6467158400575355,0.6049015342204062,0
Gangtok,76.55133722013207,244.87813550922857,23.170536241959777,1017.4321180665281,0.20696919992887797,0.143809630172062,0.3784909924530161,0.3994766884790412,0
Aizawl,39.5740406013354,190.84043761856734,24.97842275630151,1972.1359495654847,0.222242411004702,0.3063727743591568,0.00036487510258596307,0.3597185728089965,0
Gangtok,95.00933621142413,104.15030200396708,14.898029588531498,916.19134384006,0.6288202152229848,0.34398676722639876,10.480804002025879,0.8579220689685457,0
West Garo Hills,15.17916825030988,225.29452763354365,32.673992250276825,279.96539845714335,0.37849215508126405,0.2377786042293355,4.257047543972739,0.2617741819700258,0
Upper Subansiri,41.14639443819457,98.75263517126685,42.493615847842015,1077.6868818248456,0.81446241942402,0.1546030575176579,1.8541116518469352,0.4647062774743933,0
Dima Hasao,58.25589556891052,128.53085659989532,30.1569998814741,842.9075280425545,0.024591123561599346,0.84777352383546,0.7045742682887859,0.8992359879163457,0
West Garo Hills,146.26700173658625,222.25592493141673,18.277814579045554,1827.5411388949096,0.5097109245572462,0.14854892840100312,1.8230535150244298,0.7850830880737388,0
Gangtok,20.000825565179962,390.2869969051,46.236792135804464,1295.6123556108814,0.4197346025294487,0.44609903588706956,4.558848004771404,0.6441004189569829,0
Gangtok,27.64500315211998,251.87585841264493,6.754689570034117,1476.3503316485208,0.8179076263638457,0.940817172433429,2.0297528338951145,0.4752999800978947,0
West Kameng,31.940411521107308,195.41358243606768,22.60568515658725,1850.755786557852,0.36040342878361703,0.4163446278906783,13.514727925554888,0.4739780028673538,0
West Kameng,31.213514335335272,106.74821071087462,54.48336228114383,1387.1797860887864,0.25983050575195893,0.18223402172153857,0.2821538607651927,0.6309393227891581,0
Churachandpur,16.640319432199025,104.28222195753317,15.37752213475888,615.8052930947769,0.7351443354628522,0.14107765853358029,10.11785471076811,0.448718559910487,0
West Kameng,19.717692035380608,206.49435462677437,43.33935188951901,1433.2012251599115,0.2928833634193018,0.7680237579199285,2.1965573031497123,0.6824473636322758,0
East Khasi Hills,26.939998687006465,169.29202345000044,34.051815928634525,1926.0010072248383,0.09443457015706097,0.2693036195602077,2.098024075137924,0.6219069141203253,0
Dima Hasao,156.59918529156343,57.26912623402989,46.719942419342,1200.6754170949396,0.3861044533763976,0.3599386340222589,1.112393103470163,0.7500118618536211,0
Aizawl,41.317760836423545,147.50549298503364,39.71911164283969,1248.1382190766594,0.6121710244941729,0.3628331081727144,0.1044125082333812,0.5511342067416232,1
West Garo Hills,33.27251040307132,276.8117618989417,38.80812812365931,892.250473779543,0.6133207678054808,0.3052577063361751,3.5724216492892102,0.5937989384437221,0
Gangtok,21.716834773193685,177.87659413682567,10.673595210970312,1324.0170460800277,0.18244142568586755,1.071355740586578,0.8069486849839405,0.7688006794451676,0
Churachandpur,20.082404710946008,103.64271767807215,47.6275656013412,1477.7751526051966,0.5194619546826608,1.0696576800921596,1.0771102359665319,0.7079540252244351,0
Churachandpur,128.61193289992266,225.5037799617699,38.80587370421764,1901.019746324171,0.6551415010955632,0.016504457190890828,1.9073436605503589,0.46587463625892633,1
Aizawl,86.32542068249856,313.69548133779347,21.242731794917887,2250.2792761008373,0.765252306739246,0.28181759164980097,0.1466221318749772,0.6973716639944438,0
Dima Hasao,51.061623378117105,243.74526349521312,29.44935952410359,1508.0429335190565,0.12527356821822336,0.3334860411579018,0.02712296970024446,0.7582869028642485,0
West Garo Hills,21.285607138124607,195.9200118749751,39.15179892510382,2109.6583835107576,0.5598983269526435,1.0390964982051096,0.2771606525413044,0.3808052029551338,0
Kohima,14.739769136109276,101.88957135463572,20.443694816172226,1406.5787944614608,0.7301094512331763,0.028881061448386702,3.3233627041498104,0.8136344615279499,0
West Kameng,69.37495929739244,127.40015794880463,37.471941705728696,1571.8651284229347,0.5073350035170758,0.6225001535061239,0.5284756016618287,0.8095510991483721,0
Upper Subansiri,33.763539845311435,143.41563045222927,15.236269838855653,2748.6584125427426,0.39802986208682056,0.41135700119987634,1.8052801137376342,0.46951559292877093,0
Churachandpur,53.08872792638414,81.60356602580742,35.556125950280666,1148.437822062012,0.5980223813843091,0.5274531141574993,0.5141869347003121,0.803175264955679,0
West Kameng,7.7472859610166465,159.85552999381179,48.54944974626445,531.9240033649946,0.32914240153541946,0.1379580494183341,0.8377732528399356,0.5364012261807314,0
West Kameng,32.292864616413254,233.51374494700292,44.20387977191836,2530.2849460151415,0.6645378281050258,0.5491345066351174,0.0966415960060121,0.46348967184539797,0
East Khasi Hills,14.427073533477989,300.0080801711501,54.1259471027611,1608.296090832083,0.5121382530872459,0.13288899252377617,1.1410909667078781,0.5389023622013457,0
Dima Hasao,108.76498613850781,30.686637634922967,14.039754533252038,506.2871830211519,0.7636907452054829,0.45039451188748275,0.36650407859096906,0.8739687099691225,0
Upper Subansiri,24.484760343743435,121.42307027271556,32.5160388454599,1113.407093045026,0.3251599221987764,0.6186274355164999,2.0418078628412104,0.5796343507836549,0
Kohima,14.83607109265802,209.68157145798585,47.34332479175637,1479.212286734289,0.3167973297280634,0.6117088311752065,4.522853387273731,0.588081853417827,0
Gangtok,29.564182483535582,164.63994524473924,41.86438658019021,758.2422449092355,0.6445130075787987,0.31443212860328984,5.266933702208206,0.31758418894707807,0
East Khasi Hills,22.926478037374697,266.95655842085307,30.927524872477093,463.87523671047904,0.7769826943654528,0.21347889799315936,6.77137140799614,0.7918440748507628,0
West Kameng,57.1918652793647,185.94998167749785,33.83709775051296,1694.157931691977,0.213743222261411,0.11164966883995325,0.3306757012846156,0.4700021523258914,1
West Kameng,31.455492052206797,273.38421001735804,23.04394936464836,95.48180984866008,0.17750784834875633,0.013627639213218965,1.8165148464583971,0.2361633868599528,0
Darjeeling-adjacent-NER,69.78799795407924,206.5687377865168,31.50753452524889,890.2167751378913,0.4689859413762358,0.020052352622354552,0.30474201426073466,0.631413738003145,0
Upper Subansiri,54.60512837005385,128.33458608248105,20.36789669434344,875.4361764558773,0.3415837843345562,0.21686848245636653,0.9148632125074683,0.7462705093496695,0
Upper Subansiri,114.18172167227209,136.17328576095676,36.340060470904675,604.4490778294116,0.4672198436407563,0.03990011235346293,0.6577181317527335,0.7408714806938362,0
Darjeeling-adjacent-NER,64.12374676289778,107.03343922192126,36.52060306090491,990.8005752401738,0.12431917071247696,0.04749694743872053,0.03132975872841167,0.5919213584987864,0
Upper Subansiri,51.368049748416944,58.7072387256387,31.3234396809611,1081.1096879258216,0.48028488587110124,0.08661682091116629,6.7143511058699845,0.7727197704071332,0
West Kameng,72.02574778429427,346.58678752686933,35.97979919030765,50.0,0.49856164006731396,0.2625775843972817,3.804753054647822,0.804607759885623,1
Churachandpur,24.38422538051187,82.62275101448944,34.23661952904835,1366.13593431383,0.7075831147747134,0.35835083253684513,1.8296702506635825,0.4114355314989852,0
West Garo Hills,54.182756087265794,128.57794422300162,48.6677524142262,1694.1436686428963,0.5140896680037793,0.47401654483273553,1.0573179399504165,0.28650652782532987,0
West Kameng,13.772475774476256,227.20360189261277,41.004677819028984,2081.482549906852,0.18785782626199998,0.2663840543986571,1.3258517098916127,0.8126995716501648,0
East Khasi Hills,45.52305561182074,581.9092857475221,35.29802812186601,1169.504330120971,0.6366232960674452,0.4371355322846262,0.5741316732639922,0.8694246695589958,1
Dima Hasao,120.42939349751755,313.445575927435,20.605598369510403,50.0,0.6276126349183608,0.7925143043641422,8.62075727085939,0.6714544301832206,1
Darjeeling-adjacent-NER,44.72114597578455,211.4774725720758,39.248740139238016,1702.252532191431,0.7620345023533258,0.18746614506929202,0.8403577431285026,0.9881055505868257,0
Kohima,74.57712670184368,63.787899734389704,31.4023823673287,1243.4029347495007,0.5027375442933117,0.4662072824744665,0.1941051957836989,0.3337562662363301,0
Gangtok,14.851702280273289,377.6396936689353,42.50328975382918,1651.9354008761204,0.12477361236666071,0.42976983929311097,2.07788130187455,0.7054345938050638,0
Kohima,46.3652526804658,396.7075704409155,20.057109710564607,1265.5613105606628,0.251962231970096,0.40478561566968524,3.4536500186214325,0.12834521456585196,0
West Kameng,59.562872940600656,169.83762033469577,32.93695328723467,1532.0498951427494,0.5969168149585442,0.35034364645289917,8.884707732547866,0.612996289039828,0
East Khasi Hills,31.71295260630182,264.9071387282276,8.069900575124317,656.0571474249388,0.35801130817404114,0.5180813245684252,2.4288713600250285,0.6994243035433688,0
West Kameng,43.92861381292852,133.39127332418562,20.981864173362904,509.06214616555906,0.22237927008505118,0.682695298644341,0.5095983487419643,0.8030897816618271,0
Dima Hasao,90.23702989952078,257.39583062315216,50.92556250010172,1123.1125450287732,0.21662708590458057,0.19911735130041808,1.2402404974098715,0.8295908079595538,0
Churachandpur,46.45646551815852,71.50004493643252,26.19671162134905,1178.1266447996775,0.5161761044072372,0.4254098844764153,0.9518909934126114,0.7247785786010492,0
Gangtok,30.364254935513564,170.2066500072331,24.48177106981331,717.5249652360244,0.6201235354397712,0.11427943363881082,0.0493099764214601,0.7801792177390771,0
Dima Hasao,18.86772004553429,119.70911194475096,53.09569303393614,726.9623501064242,0.5400309914713692,0.564245045542284,1.2446773945392096,0.3660953266421246,0
Darjeeling-adjacent-NER,39.28335775580703,162.82480071303286,50.59196699696225,705.0882090390794,0.4991678898952068,0.8494186265296917,4.018848500280986,0.4293522173152559,0
Darjeeling-adjacent-NER,20.69749613777338,291.1053414168249,13.54779719549832,1899.2337808169914,0.36589736285664143,0.5733084406772072,1.2993262188812296,0.7792475291427455,0
West Kameng,36.72964785409107,135.59957966045954,33.83399845278521,624.3084960607487,0.6612847045136426,0.27019421777932945,4.7726450533591365,0.3884578132422213,0
East Khasi Hills,60.5179302093941,504.587172246518,8.969754207271121,1507.7884881381735,0.33939083477554904,0.057288448645691215,3.3959684692039533,0.8591215006819924,0
Dima Hasao,32.14607960579919,481.3665600666867,57.57103563034504,724.7687582664918,0.46007980935283194,0.8257520838500035,3.176646259069951,0.9027744477728248,1
Aizawl,60.633459447010296,380.2418878282645,52.03769335520278,1473.5513135037468,0.8776585028912551,0.6741425037690046,1.1993182101848232,0.5105708288707995,1
East Khasi Hills,5.405382241912309,184.8257520851921,51.12130756406197,2018.5392995103098,0.5817650449669675,0.4789363516575216,0.13707986504872818,0.4885500131640695,0
Churachandpur,30.212391152825198,522.2283002877768,46.90179430582284,1866.4362208641028,0.28156474490304884,0.762827389983743,5.351986321324105,0.8160116151287483,1
Darjeeling-adjacent-NER,60.07341704454184,241.26061861130898,46.07271351344262,1023.4291098359133,0.6273171680823711,0.3045933627220867,2.542265341219036,0.6804906698477722,0
West Kameng,24.62606601605388,38.29855959328866,38.11031974883601,1363.257578343169,0.7132964186989386,1.87465487476869,0.2372033793908684,0.4281811713120743,1
Upper Subansiri,14.320342686213886,49.729300135388996,38.11753667275292,934.5199064174025,0.3153035553338465,0.7257805406798807,0.2127031167426466,0.3753682352754594,0
Darjeeling-adjacent-NER,159.57608190000764,194.12663347802535,31.270490248604347,1764.6373445020408,0.3740447756223555,0.07145754344296983,2.3815740026214156,0.8319465962396929,0
Gangtok,20.091604873612788,65.85690621353444,46.38036071150083,1154.5408475184074,0.3705214924721158,0.205768699338439,1.3713636856984581,0.8811752134492786,0
West Garo Hills,33.477144608132065,386.354566994012,17.86428110268984,2017.0926025793028,0.26523871247003433,0.07459690963531256,0.5290178158837384,0.6458582821627149,0
Upper Subansiri,13.902238160240884,74.4957729468845,26.888394220781603,626.1287427942393,0.18758285142153158,0.10157552135550128,0.6842236376334737,0.23962777781609718,0
West Kameng,66.1017270246243,122.56930912210234,26.530356710449066,720.8440433610901,0.4824807403208462,0.27803760561863855,1.2183168711475165,0.3486805444722247,0
Aizawl,51.45650550301898,70.36791370648247,18.617722690376777,1581.9135754535337,0.4224730405341756,0.17939036840887035,3.467834563107448,0.7741976220664983,0
Upper Subansiri,39.665064522667556,127.96963595194772,53.72135306735245,1461.6291166968147,0.6887048216117526,0.9620264746556411,0.548410620800801,0.37940189356989823,1
Gangtok,60.76918186232584,277.1199701944677,40.50523687860013,2295.3128226263643,0.6143505193639605,4.64586115832707e-05,3.0290984284381066,0.5961799846150077,0
East Khasi Hills,120.40498677958604,190.89310597366887,37.584218030775475,1045.9736248647564,0.26014764348596425,0.004163731716281041,0.4932005670756654,0.661342570214312,0
Aizawl,52.984067379006895,266.2349168232225,48.42342379511878,867.8792300477079,0.9426996833959362,1.0121298973055677,3.606973788228398,0.9077164555201449,0
Darjeeling-adjacent-NER,35.54293286419141,130.77299888017896,20.384818966030693,855.3706921485391,0.6968307293800239,0.10925835697118891,5.762809596515987,0.1528293090141022,0
Aizawl,13.966026819805123,128.42314158049297,14.736453108203792,1028.2173168301883,0.2570435849656889,0.0009898825056189797,1.4620185300597277,0.5978619619930048,0
Dima Hasao,12.801020874604715,117.08008487652376,25.974670587593494,1417.2733881321517,0.4736516059621701,0.23022832623486245,2.5633419467641,0.7389055518558701,0
Gangtok,1.6977295568609483,93.63745506679065,30.673893763429145,211.6459826704188,0.6198110481463923,0.08708758828699104,0.7743173668240483,0.8657002284583994,0
Upper Subansiri,70.6012720632207,79.61216730699586,34.034544522689735,460.1363256360386,0.4677111662235477,0.021921843372654064,6.565214439543889,0.8326788937996311,0
Dima Hasao,86.16107524185259,99.84686898432481,19.32956696808997,1335.7262724935013,0.4810052853648801,0.30240913079109055,1.3872701330069002,0.21787301722070498,0
Aizawl,9.97585574385643,61.07055685267936,55.046841956460945,1422.7609233692583,0.37015153388463534,0.06041195307615815,1.7164115588674953,0.6455929269469068,0
Dima Hasao,37.02257759538256,242.04355898914312,22.94582268283611,1006.0968258602511,0.3075697099056923,0.7253040801412642,0.7577282648019159,0.6511915433374802,0
Kohima,36.857160888540996,343.02782564631013,40.30024482417676,1473.2055123026319,0.4102181043697593,0.14390758522992816,0.5392181597337102,0.5887815771212391,0
Gangtok,42.579859467851804,48.47432403449663,44.3366478474503,287.7975586799787,0.29262706703148744,0.10023535222230306,0.6450724439426527,0.8634086751818943,0
Churachandpur,50.104250217894794,181.43291651515045,44.69569957182264,753.3412541700116,0.5346024773339247,0.5384556165846001,1.614847778415038,0.5216928134684782,1
East Khasi Hills,39.233878931235466,237.34766625968635,35.23850959669308,740.1607534495076,0.5923841109374466,0.7552597305918428,0.37011709656213637,0.7265082312197826,0
Aizawl,35.42251931859812,200.59223946398615,22.185864328182184,673.3747954874096,0.6520024426632192,0.039089492161828804,1.22706649677765,0.8777204007332218,0
Gangtok,43.54958637044263,32.39252276063469,23.67043313782065,1699.0133186078233,0.381456345911062,0.06574796941582194,1.2033070300084334,0.8789649179832053,0
Churachandpur,89.84562321009653,240.6209387677039,29.467368386544507,1770.4348124300764,0.4434267040687822,0.25740019160180694,1.419155920897056,0.4246975415046596,1
Churachandpur,38.39871067086433,305.2242725215566,21.400542720584006,50.0,0.2660466718451313,0.3568547259999005,1.3704520782412157,0.19390275992545056,0
West Kameng,57.00531415661933,191.91732129616346,24.915262106370456,50.0,0.48689316168860747,0.03477433441598966,0.8019600415605255,0.5064661902757162,0
Dima Hasao,28.953142689351196,95.37905523139443,32.11871323068286,1276.4013606141298,0.553155946164303,0.18800872671879962,1.142440876303939,0.385079292508294,0
Churachandpur,37.7577695344124,102.3593618955614,25.946097076675738,841.9412273620385,0.30681134338628563,0.9115547047762625,5.816280613235714,0.7843350855037955,0
Kohima,57.286806529157666,50.436021183180756,38.81471618173274,1119.2159518785577,0.5460599246649154,0.8352520205391525,0.09548157269660817,0.7249502086647757,0
Gangtok,52.02653290491293,262.44486926679144,55.63139251124639,1393.0695903851713,0.7268487874929861,0.14913611058800433,0.22970025465108765,0.7041245759080664,0
West Garo Hills,73.99721497068568,257.2014510228917,16.503642614130353,2265.3376199148183,0.30527941887863663,0.10321309208594186,6.607229416077986,0.8787414745887862,0
West Garo Hills,50.02461339391072,174.6946773868916,23.46695328247564,1155.5122436000493,0.7677935071893461,0.349643647316927,0.790204716915246,0.6725220137414426,0
Aizawl,17.800924936195266,175.78823306637625,39.80425639688052,1714.2676702404929,0.6641864145387238,0.04042536124911394,0.9066455803743254,0.48528505232421315,0
Darjeeling-adjacent-NER,3.8498279866673686,65.53628366614366,47.65716351762091,939.7455066527414,0.7031633213341556,0.10630072330088727,1.054302379835955,0.6078076181694336,0
Dima Hasao,94.86882704512378,107.49388443889815,38.702638801227906,1474.224580668073,0.0790385845938987,0.07297192108043138,0.27280308448682916,0.6779422726137484,0
Darjeeling-adjacent-NER,25.642109528266094,40.87131946416164,35.33613161385013,1624.770374534179,0.6623066944712872,0.09314740255623835,3.6631496976955886,0.4896470450834668,0
Churachandpur,16.529881897522216,110.14781697417321,46.633842302105144,890.5214594253047,0.5996793199330432,0.09673394451677741,0.44533077040043845,0.7877546891772041,0
Gangtok,53.999947911561044,191.5269640918532,41.62154346880828,793.5985055534984,0.26238941311920594,0.39499027636579753,3.024596086921933,0.7867046002017307,0
Aizawl,64.88539581424509,161.23727224885977,48.07992288239459,913.446000319133,0.8191864941762242,0.2678602411694984,0.6615663447937115,0.8759424653604917,1
Upper Subansiri,62.3352977658835,127.34486925882598,46.584711837579626,1721.750639521269,0.15228869106012827,0.7930504060641717,2.865116289087728,0.5475893110400458,0
Churachandpur,9.261402080773028,517.091175862402,26.328669306597597,1635.7775561730484,0.4298238319353875,0.5321420241670786,8.927559238311284,0.19736111224640554,1
Dima Hasao,30.313186910499983,173.38463823093971,34.04483712610411,50.0,0.7253060588314953,0.2763429843873753,1.7818320883578207,0.8051866532967511,0
West Garo Hills,76.73137978026305,181.64798042704015,46.331509273190264,947.1792298254607,0.36754581006475934,0.14693285308129028,0.9601617625327107,0.38842364177291416,0
West Kameng,47.49265558063446,81.26901953071238,44.738791030582384,1458.2939735773004,0.7027563875851233,0.7134268937479192,1.1869372895224808,0.4859357171127397,0
Gangtok,81.99210529332528,131.09063584333526,48.495860277695975,2134.24437555936,0.6462766185751835,0.0331512402348438,1.2109623287698772,0.8006607191866582,0
East Khasi Hills,6.111493908927973,91.5838464138099,50.364471356248025,1140.0335032476978,0.5606646542312284,0.4570255459078861,0.3347784300512649,0.37644620317947947,0
Darjeeling-adjacent-NER,13.603134508006958,271.5052439364597,47.60297058391512,1424.7145943337257,0.35994370666593395,0.04796559783838769,4.270317162607559,0.7618840734585345,0
Aizawl,132.80415652136887,169.68598876492385,11.18320794705214,1261.2752450029925,0.699412864197617,0.3043960687647841,1.1919930073210288,0.6717494321658121,0
Darjeeling-adjacent-NER,70.25716443314201,15.066861705346128,51.93336881054306,886.3496124693606,0.4520430809305705,0.9275443127200402,3.1636802616289623,0.7017849852625426,0
Gangtok,5.291399563066229,169.17901150767818,35.18535460560117,393.27654905513384,0.14827129373272743,0.10875885783857896,0.7880776433154821,0.4729292871150762,0
Darjeeling-adjacent-NER,17.492975615310012,59.24532214207956,30.183467996043653,448.6349013246188,0.8027444138886441,0.03271410861014831,1.101706037742581,0.7669074888074457,0
Gangtok,17.99188183558099,102.80004894995614,14.156916330777348,1672.335427424077,0.2870895265315291,0.1659026282686392,5.448804161371466,0.6504982714903029,0
Darjeeling-adjacent-NER,61.06440100484033,36.9705905791295,40.858518293245055,1272.2522478673338,0.5585902142306362,0.2602323343707682,1.383261329420875,0.6100386159588264,0
Kohima,13.975479415091845,128.08123619115628,34.342835268929136,757.5890883141832,0.4214179975701174,0.5161155511829127,1.0892334613832686,0.7607896823287503,0
Upper Subansiri,14.75496113394295,455.7887626441794,57.68617232113006,343.73316950384674,0.63620701518151,0.01207366484523796,0.9409549570276661,0.4421155290246585,0
Churachandpur,21.803107149495826,121.50146835879328,53.48278968202137,1664.0390972972393,0.5325984851166662,0.0561109515500881,5.585817085603567,0.911356573884562,0
Churachandpur,88.86529641750988,309.1521813099492,42.795598559305844,603.0887512816297,0.6593569785492007,0.2115510849089419,1.3740907652092296,0.7435305188031013,1
Dima Hasao,75.32867396023674,208.27073562373357,9.539045750065275,1605.6432150116639,0.5032036838929539,0.0399375219725002,5.241694197920057,0.8295076115119892,0
East Khasi Hills,47.319474001974655,99.98681117353462,39.869227544434715,1121.4401674339297,0.5129627555646054,1.248432628966304,0.8927191643625642,0.7742550775545581,0
East Khasi Hills,25.184006737439695,131.34319728859774,44.46237606753602,1174.4633531271822,0.8541363361928815,0.2861479569333377,9.576524660330742,0.8124942714278528,0
Dima Hasao,74.78899521889831,133.85071311170987,31.207263276147458,2250.3020537335747,0.43543809660616434,0.1892408249311714,1.7469066844769636,0.5104395978744015,0
West Kameng,68.77390433023109,58.02384622501929,26.877980258937324,50.0,0.4356217801785951,1.5593923410647381,0.44967507531827144,0.4433221984670206,0
Churachandpur,91.13372390855727,216.89533461203885,42.57724583007571,672.8906813176659,0.7579251206000897,0.4154904896957864,1.3794242598327613,0.404809121094384,1
West Kameng,57.42574835157961,184.90551576698653,35.07685201677865,2159.3946932020176,0.9403726113501512,0.29012180524032005,2.8624339343275933,0.3177119106942006,0
Gangtok,40.930072909060165,85.74231074607683,56.95446067616242,1760.8940338403793,0.4990533300844868,0.11037230690328613,5.469360617873482,0.691570695635571,0
Gangtok,36.10345480651327,237.70511849054935,32.466228499930125,1055.2538633074732,0.5023793119912465,0.11671814739782256,0.3397946950781327,0.7024859844192552,0
West Garo Hills,71.7502506242618,152.72271976837467,38.73823425234088,2320.2264296459443,0.5334582016817557,0.17993444128997388,2.043627617605531,0.5398737208058401,0
Darjeeling-adjacent-NER,27.11549980487237,85.99462775158416,52.008649782284714,1802.2487621568098,0.8642544702446863,0.5556808381758186,1.9016786022199839,0.607936559937792,0
East Khasi Hills,38.515754920724035,67.41654395179845,28.470269592882584,886.2575325525422,0.5939092081078828,0.6771385229854796,0.9951141115851485,0.7426457178952345,0
West Garo Hills,24.738505818893337,69.4584467304075,35.104808848528556,556.134906758279,0.43681580636093553,0.08531421470501882,1.3130735974109395,0.7691429406952355,0
Upper Subansiri,18.75521394913315,265.91564387914735,35.47097090773945,2039.5539463741043,0.7595077404956788,0.680208317078591,0.9081979340024346,0.6164648213437383,0
Dima Hasao,36.54808950307125,487.4639980801223,24.210752531796466,711.9842369386272,0.3726745464138207,0.1607515591195759,0.9002658171284621,0.6263786119851411,0
Dima Hasao,18.273762840431388,50.90318445498258,34.06626447333843,1349.8688837844602,0.3098074961411163,0.08940515221415568,1.9055691723976487,0.8749720661039135,0
Gangtok,16.179712016683563,43.6936437388091,40.082682395557086,2098.09084293929,0.4995117803278291,0.08665717707831222,0.15482481762711683,0.32551318513126426,0
Churachandpur,12.71946528444334,139.15151799557742,20.038124982423,1308.3039382923555,0.1390537264281317,0.2490236528672837,1.6411760915319422,0.6260391834265724,0
West Kameng,119.33383700169733,95.60247212463165,16.949500688750994,1206.176054655283,0.6943215045904042,0.58291086848614,0.9800242831246102,0.6213019044142276,0
East Khasi Hills,48.95159425294494,110.81767265695292,53.48525596094512,197.912133086038,0.5551584935876468,0.33825415933629516,1.5608156156674875,0.4344876973453659,0
West Garo Hills,95.01785191851117,242.45045965707246,21.227678689737193,1798.3538674527442,0.35244358347229676,0.24993156087002905,9.220603944624123,0.5846757334358067,0
West Kameng,163.90916542221265,42.32763742682993,37.7843977172902,109.90629701256307,0.4154690971991903,0.007272256234680193,3.379827422708908,0.6661947914583197,0
West Garo Hills,5.463712258528385,151.9156737245304,19.98812219845807,2011.6048694038366,0.2794593412813181,0.33164294955764606,4.941867348014196,0.5964693547508468,0
Darjeeling-adjacent-NER,197.4725592797688,147.994927815732,44.05080407696591,189.94523399531568,0.3635885936737746,0.4492103560567574,1.1609686707960323,0.5585137630246901,1
Upper Subansiri,43.633286927791374,97.45764411227057,28.27114544757848,702.8402444495305,0.477957378655293,0.04128789785617567,3.058985627510251,0.7177477642102049,0
Upper Subansiri,22.361827713629808,235.21882869640947,28.20600604598432,1901.0140576028907,0.5382547178547358,1.2510395833605183,1.5550882224296771,0.40077047814263955,0
West Kameng,15.627053061215578,187.27883001197333,45.420886307507104,2068.4011179725094,0.8315180334542934,0.03840239722957083,2.272672804089573,0.547327247679828,0
West Kameng,86.45221029552403,59.99972363797237,24.613429562564523,1256.7244608460358,0.3986677191557606,0.46934721345372377,1.4405250248462065,0.5064790943269907,0
West Kameng,46.9379481444036,64.86199307673931,27.712395939525948,983.2328210285979,0.3147200391752288,0.29740149421235246,0.3530714869431834,0.5441273808370299,0
West Garo Hills,77.73760500785308,308.1826508672767,29.729830911939516,1291.9339176569406,0.42169908267722483,0.8623187745942156,7.359948727294042,0.8115201855261641,1
Darjeeling-adjacent-NER,29.32138173608236,89.55649376772152,53.143932592165555,50.0,0.6914166800720929,0.2138382688465491,3.063538947278275,0.6630052020330893,0
Kohima,38.76659944393367,333.25386926462755,23.460815655249192,1855.1682779442533,0.6948933469913167,0.2841524596387996,2.2945225616694307,0.5924319493075562,1
West Kameng,13.542861399024217,110.68240638357638,40.327432612188616,827.7844642791624,0.6224039130395839,0.32201035883746404,2.0569210109243157,0.9774119799864724,0
Churachandpur,21.093451030422578,27.74751234801971,38.947269988149316,1047.512830156734,0.14549457705052107,0.8312871839397071,3.2083244107648214,0.10205807499071416,0
East Khasi Hills,88.27978988134339,186.18040811948742,33.757186836327634,1251.0280943414982,0.6971401584076748,0.643070564182389,1.901145322848365,0.6352930623171019,1
East Khasi Hills,10.573580678206975,157.20807192645222,41.78040229954266,1366.487469078698,0.18319013384711716,0.13146258243027723,0.6080980962441375,0.8526360551827223,0
West Garo Hills,72.46343118404019,27.61750381395889,42.840528376474076,1467.8894136068795,0.40778322198589917,1.2427176487931717,0.018343748560767953,0.5205542339413912,0
West Kameng,71.91438782180067,324.46441617348756,35.68425289971343,1935.2825392573043,0.36957037124193204,0.5594606390162513,1.2075543028851696,0.7040307727987661,0
Gangtok,35.94940587775341,295.38939857389306,18.866393776257244,1962.2519294529038,0.2583083713735439,0.004847042501778544,2.073057680625877,0.817096628244345,0
Dima Hasao,86.62873292128062,150.251128270211,44.405983195731785,1181.8326753985245,0.3053083882856373,0.08121169413945262,1.1620558939206578,0.5276915428221481,0
Kohima,57.909703979041595,76.35097950663666,35.053900842441536,1640.9949578587998,0.8948747508503688,0.7746386982266783,1.9052430478701177,0.45466865817829943,0
Churachandpur,20.499527213396455,49.902115626718185,43.20015949089388,1722.0746537906912,0.7508774905492928,0.41522896353933336,2.733145491047162,0.5555462046955749,0
Darjeeling-adjacent-NER,27.367421891179323,52.487317000409256,8.801111714880422,157.17874110005982,0.5654946126291154,0.11943196388697803,4.1499696926317515,0.4768033950770367,0
Gangtok,45.963515264303666,84.59068463507077,29.049190759013804,937.2874645990144,0.4954917999317953,0.07521779101226793,0.8868449469340761,0.44245624176122356,0
Upper Subansiri,39.877015420363584,77.61495890644179,15.149430229140284,656.1919617816122,0.30630148285737563,0.06348198024972902,2.5072116816789363,0.6716499038541296,0
Gangtok,78.6794169451189,105.97255314113039,16.344551164404137,1215.7496783642057,0.8773042656624821,0.15315209905466132,5.558890677723199,0.5950212754266158,0
West Garo Hills,19.88488925855393,101.14237779116081,28.255289678172684,1953.3783436748963,0.7745507791237556,0.9151969827649534,0.41345769252212344,0.4398904615093324,0
Kohima,15.686826493145473,91.40798356503372,56.29749422042081,1667.353522234071,0.27375878356833994,0.17357443540307427,2.931951350169049,0.4890447605102583,0
Aizawl,6.8020472259436495,189.85375632763615,27.649819377163677,1691.9539125929268,0.684210041954775,0.43234890847578317,6.146814815553368,0.8614567248014796,0
Aizawl,16.381309604149063,143.9747930119227,50.55770149254241,963.1642660585562,0.2939526075493084,0.04731780963615037,2.7818270140333445,0.8306500259930278,0
West Kameng,75.99435518344528,34.97848370016792,44.95511936125039,965.1050378016344,0.8311548362183994,0.30320193241107213,0.24289702460843204,0.831919577356025,0
West Kameng,100.95940622361283,118.7863338264371,12.160369942854457,837.9968993899824,0.54404461569942,0.16795205899568166,0.8321688863878719,0.8629594063576915,0
West Garo Hills,105.58180146987472,129.6271290990615,52.795565794372706,662.41844782811,0.2658204157403105,0.06998954121465653,0.5251989642034538,0.28443290267939003,0
Darjeeling-adjacent-NER,37.80361633944322,38.77871377178801,18.66232107680787,1545.7972937286922,0.5666991612742123,0.6393571318499847,6.08629068633075,0.7290049569722924,0
West Kameng,60.12041826875362,316.24589340172145,37.16522262600927,870.6814432419008,0.3574422227145763,0.6761280589390963,12.08555397899779,0.91513821501535,0
Dima Hasao,70.25094258887304,259.3316690855374,26.63670450961029,419.6919305822672,0.627487522755212,0.1462696133069265,1.4177842959524498,0.8920887428989511,0
Kohima,96.22232606591203,226.32043215191908,19.153970682140848,1372.5107384942514,0.6311887206561663,0.42425616837947716,5.663121384282671,0.28574743322904933,0
West Garo Hills,65.95874314619836,119.43551581685558,27.857293781535823,1240.4326932551755,0.902806741089265,0.20039781370809082,0.3627719045609238,0.525350219483376,0
East Khasi Hills,78.96493257948974,116.8200993203308,49.974435902330555,1378.2728469303174,0.9297161964640777,0.01819823079478144,0.008607192205096393,0.8145811170077294,1
Upper Subansiri,105.34097153250856,249.29601027136152,28.04131633150452,2068.055962144258,0.8116716062863296,0.2232909717284212,2.100452444761349,0.5153747422718652,1
West Garo Hills,76.87030757375976,137.0406164043935,40.78479436245147,1214.403334818331,0.39792828498184113,0.3430773602999633,10.93217223444408,0.44508830394158894,0
West Garo Hills,15.198832848723477,347.9119687121395,39.11737396337385,814.5858423651665,0.5583076827106415,0.14211992509304555,2.065855743125164,0.8316664052935175,0
Aizawl,50.357575763441645,129.42562355747484,16.72352391006187,810.2831347220911,0.6482740069457579,1.1895547682915237,9.844742103496934,0.9936466151721403,0
Churachandpur,53.093464977970996,139.1245564168325,22.040794867495848,623.1858915991182,0.8221750121934469,0.3266172722948095,1.4979947796779836,0.32579534592704107,0
Darjeeling-adjacent-NER,48.10281386642322,185.27807718587584,28.35941685790533,740.6298926056008,0.4158128151947735,0.18574844151287634,1.2033338140705814,0.9089022742280588,0
Churachandpur,76.95764104752077,187.18997419267237,26.85216829419198,449.78206230106764,0.8185774280148604,0.5312404991890646,6.6331493233636865,0.8994695857259488,1
Dima Hasao,65.92317434582814,121.66759361503256,40.417871487206455,1271.2097670808994,0.3243246967109019,0.16676429009673566,0.12510062866123414,0.6821021393976437,0
East Khasi Hills,92.77659761309874,194.38208866808222,22.68458254366381,794.322364492999,0.22372098133624987,0.010006591005333276,0.9892366584151634,0.4920047141797474,0
Aizawl,35.11538923345264,191.13390420024885,45.92951091650125,1277.0250455136736,0.457622095008494,0.0033180213878441795,1.4652095967294543,0.377409263723868,1
East Khasi Hills,124.78095717519142,227.80660216758181,44.234698195952326,982.1171964829055,0.25398780462138887,0.14379706264791386,0.2273714540295629,0.2083211441513683,0
Dima Hasao,15.839915813448426,141.61333440501937,33.19729048837911,1136.484643738575,0.6712612118452085,0.06783355389338218,1.8198410839337016,0.5032941979701306,0
Churachandpur,36.871787519502284,99.27226783581293,24.58062201038658,2251.9184843747767,0.6545719744293045,0.1738318909826999,1.176217509936107,0.7586468841207659,0
West Garo Hills,39.75592147377672,16.250511844573715,21.907552795590448,1886.6163049906454,0.7728702341654542,0.5872806618582986,1.436095679889831,0.7597663857456735,0
West Kameng,64.45262717606016,432.5537702629526,48.86534093326693,276.39957764546614,0.016306388459777728,0.1478754482060729,2.89853498668255,0.6364932686417978,0
West Kameng,22.085600306342226,226.97772387533703,45.98408497834869,834.2353053968246,0.2406828372518445,0.32807176364404245,0.18237228159566313,0.2962869994452775,0
Gangtok,8.338211968810205,204.9701783360465,39.05097272155128,61.196301296945876,0.3250244476209478,1.0085236454271027,8.161866690505517,0.8868740352596856,0
Upper Subansiri,55.10368898120039,167.07355004187366,29.83202523403508,958.6845103972009,0.4823627650454772,0.4793193865758776,1.8476410184849634,0.664609334992427,0
Darjeeling-adjacent-NER,23.067721213208543,191.459448218869,36.22186573622705,1399.3886212471557,0.2042299476977636,0.3299937379802973,4.5629428532696945,0.6903050570458348,0
Dima Hasao,45.79442645903414,313.5981414543893,22.065413625946444,1843.8445342572486,0.5492318542582839,0.8071301162609057,0.9586305725912827,0.7462554235767711,0
Upper Subansiri,20.234921759672144,170.26532182066526,50.879072953369636,1813.8956283039352,0.8105755421203993,0.16057565065447674,0.9404397517334537,0.5747531230753616,0
Darjeeling-adjacent-NER,24.93588877067855,166.68321388287626,47.868181736048676,1390.7524358294504,0.4111488723321346,0.08818124313158233,5.853675173833912,0.5706034977070318,0
Upper Subansiri,32.5474365071007,260.8786711777541,38.69676317081304,640.3608421735087,0.6699913839422801,0.550014385441401,0.31242458304983856,0.4765304975399274,0
Churachandpur,81.35925955821233,82.9197778249107,3.3180735282323672,1706.7334039042992,0.6290889204619033,0.02423723951064526,0.2739181606767316,0.526413576790283,0
Darjeeling-adjacent-NER,11.70678672699426,60.55131927157034,42.291233192807134,1229.3105999874545,0.9112709518104497,0.22078573720876637,2.985755350607176,0.48306085465562065,0
Churachandpur,15.70354879975063,137.07739584721918,19.626497272288983,1313.8470376320404,0.5404677727291709,0.13535246246025837,1.568526635434107,0.38746136439873236,0
West Garo Hills,79.8359982518812,89.83529093024643,37.62914964528094,2371.518394266831,0.39306809129632253,1.420691882881011,3.1585582036245357,0.23275919797824818,1
Aizawl,18.73768271051126,229.32897480055743,30.514889454749156,633.5095827117696,0.18840109783345338,0.18934490882446164,1.4180547082008355,0.7541545682450208,0
Churachandpur,53.07799431884001,194.89215649492206,55.95575861184693,2444.533440539695,0.5286458432775557,0.43557861382079666,0.5948283825726688,0.6523400843062076,0
West Kameng,83.27410034978183,319.5032006647433,26.40806492565253,2279.0046849412693,0.2759735651699344,0.125054801058887,3.140320068438836,0.8451570665386371,0
Upper Subansiri,37.463821667898294,193.38823032166044,10.67689453754275,1240.799235919605,0.4224312772057261,1.633897775988057,0.0995961756461752,0.577191965960509,1
Gangtok,55.23646337768474,267.98581119845903,43.08347821715391,1316.0473729165487,0.24621043185043007,0.07957149596162053,1.4853463022220024,0.6505560819061964,0
Kohima,84.23191881668396,299.50813902807727,45.407082060698244,775.7440215800473,0.5841721793671604,0.9487860112003521,1.5342310584946406,0.4351667154274577,1
Darjeeling-adjacent-NER,28.08422201935812,99.40260574208321,43.46267702856584,1314.1130721431016,0.5189651611152681,0.23578279112399622,0.20282997088581498,0.4434348548704877,0
Dima Hasao,73.73442257264448,109.48037467871296,46.90487057328261,1256.0685498131443,0.36749131414266534,0.22294022316975562,0.6914646961011041,0.6251325568941029,0
Gangtok,61.23314534422326,80.46124208722046,35.82831617819842,786.8083577852816,0.6760181806507141,0.483322513859965,0.7526661961938321,0.8056930640004805,0
West Kameng,81.74946210693645,125.64335858457615,11.884082588201185,771.1066445591031,0.4364844714113369,0.03918518168956709,5.587091774150389,0.7454353459125217,0
Churachandpur,130.7373255350148,147.81713451657174,50.05771280816869,1056.6260970683052,0.64237120330466,0.3164736261138017,1.7968806385193825,0.25186204448457444,1
Aizawl,113.14495101431862,263.08907647862316,45.40411824937365,1194.4737121052299,0.8345036117060984,0.09936949625360492,2.7774487532455474,0.41691828144967963,1
West Garo Hills,21.09837655605062,178.81145676129105,25.232332137536936,172.45544714609605,0.8035172637601937,0.06837307330892654,0.14118586953303627,0.36485787004670484,0
Kohima,75.49206402983636,75.15950065468608,48.485775151715416,1876.312888971598,0.7976425545783505,0.8397745052042316,0.2730869748587584,0.2595188986793969,1
East Khasi Hills,47.372022632841386,415.28788706615154,18.416796961150776,901.4815938376736,0.7426501923200985,2.363848604921673,2.071674022480017,0.7249961123302496,1
Gangtok,21.790805128881765,588.549828028513,38.09293454927205,1019.6807570336052,0.7843269329151414,1.4189083137426621,4.506291816184275,0.6519664111778266,1
Aizawl,20.316337114405126,24.30361268274847,24.13818196297743,1306.540775138711,0.5397583402384569,0.6885084435325506,0.1360895883523076,0.39279602514720163,0
East Khasi Hills,3.9814780656448785,204.9291664422409,34.73068786734636,1039.6574736260236,0.5067649103263638,1.0101446557327785,10.256932937586914,0.9334773914612495,0
Kohima,75.21330321102799,93.85500711060786,37.328021434449184,1883.617595735732,0.5755323368075347,1.0319289882321092,5.416690627087366,0.40002402164320544,0
Dima Hasao,51.88243355334762,107.42426183794146,39.31283247533278,1029.4309684806208,0.8112348217773937,0.0776094040023608,5.161797748916943,0.9380558827007265,0
Dima Hasao,31.249993655843454,210.20524144211228,55.18270732058384,850.0323356843239,0.28999892255307735,0.03583794295286638,0.02177970473676117,0.6290819365931304,0
Upper Subansiri,23.440052254075756,390.4411637853916,19.182450000887336,1571.9805387101183,0.5488412730895269,0.05422966320703959,1.3038418865351984,0.49882997075960056,0
Kohima,130.20883567039218,148.81020506716277,16.45173011146165,1656.0614310272763,0.3858130178590073,0.07098346492286989,3.9712052375438622,0.8056720371727943,0
Kohima,58.84102503598986,207.5165747704878,39.78816744107843,2701.9298064168843,0.7798954951638724,0.6913944174469979,3.553297044224546,0.896860740804333,1
East Khasi Hills,91.72278703436992,116.32176279303906,27.179931220550312,62.729556206389134,0.6283248057507873,1.1339549323010065,1.0602477168851805,0.8178401201138276,1
Aizawl,30.534755731656542,143.92860457659538,37.20328739446216,1245.8374250476993,0.6049203008439323,0.17344634773937667,5.251964568949591,0.5979267174676843,0
Darjeeling-adjacent-NER,75.7577136503989,248.46905100235315,15.209704768068985,1608.5301509266346,0.538807307285702,0.013987190250904278,2.5269132662868223,0.4480140989727053,0
East Khasi Hills,36.29287128462427,203.60732382923192,45.11078090824615,654.0388391603251,0.677706749935383,0.14696737805564886,12.769256529045682,0.8548215642727844,0
West Garo Hills,8.934264868209157,77.30747484767257,32.2009407207573,2043.6270383760345,0.5022874273948086,0.4898587495962895,1.0188869353300118,0.20934610613780957,0
Dima Hasao,5.677938446148572,122.05695199049848,38.61381116951885,789.2758501915666,0.3814042783899595,1.1452144071460395,2.578886772341807,0.4681191851060885,0
Dima Hasao,63.75461305006286,126.42324575008578,59.347018317413024,1271.0479219081458,0.4351390481990005,0.23891231556082393,1.3812501786593334,0.7842205745300209,0
Upper Subansiri,48.41504766321985,204.22747140734444,20.09336099842712,1852.5170657851093,0.5630000754109736,0.16382978435879014,2.6071481625361215,0.5086686111912442,0
West Garo Hills,58.65423540696176,117.81057673555485,46.22381601326556,544.3500244633312,0.6134875637608279,0.423629774233544,0.7519829457705078,0.4984005236925134,0
Dima Hasao,32.48320661226798,228.11313091787912,27.034984538554443,1120.1825276985985,0.24242381124910328,0.09485983636199308,1.2050953799678632,0.682668055551662,0
East Khasi Hills,87.834981748942,43.9839566840352,51.31374832536221,1660.6717463937825,0.4465153890198014,0.5806558519413562,6.729077732283711,0.16545468664593505,0
West Garo Hills,47.13233294371985,308.2798771298027,43.258862438037205,1290.5146987712124,0.3901851159177906,0.21379704732134744,0.8529171993048651,0.1720040223722329,1
East Khasi Hills,99.35429955294671,202.83620717533404,32.637441600156855,1601.144012260569,0.5672458745190895,1.5136524060501362,2.423593534021053,0.6666675316907675,1
Darjeeling-adjacent-NER,17.584914725143435,225.8008081974572,44.2288653718238,1679.686387801481,0.6758599849369064,1.0879608268924115,6.270603885832657,0.771504178058423,1
Darjeeling-adjacent-NER,48.06359380999683,108.93974927597093,17.738639061601564,882.6558219683204,0.4669354717284741,0.4378904717774325,1.6397277849442213,0.8014952504850265,0
Dima Hasao,44.14842486406767,243.43771387767964,49.756567725228834,2171.240113827236,0.36705989722742927,0.4176284904189673,2.9693743239372217,0.645529675783777,0
Dima Hasao,21.499102430245095,139.9034379512259,41.821444711139094,695.715263366249,0.923880329863798,0.052567900213795864,3.446292792295969,0.5432144972548386,0
Aizawl,58.1408126203281,147.78581948151302,34.580698927174645,2014.1901502989808,0.5511090081365054,0.13192714241746123,1.9637585363629049,0.6879665281275693,0
Darjeeling-adjacent-NER,9.019631441193601,85.79570712377173,30.78856248998091,1410.9274017981336,0.3949471999697877,0.7919958831694935,1.1906949225159096,0.9671989909895577,0
Gangtok,30.541786315214907,80.20444485793328,41.860861222569774,830.2402505019161,0.4137091089955343,0.18038417439837306,4.131203385428374,0.29711371267597386,0
Gangtok,52.618826360623494,86.88889371408618,42.36670571097143,682.4979724554695,0.464684743864879,0.22074657656893099,2.019247412750062,0.36425169786144146,0
Upper Subansiri,16.932168016830648,143.16558627579408,19.288294997494702,1368.5551411303065,0.12511967138630334,0.7325905071530463,0.30863382284029994,0.5405068718036753,0
Darjeeling-adjacent-NER,40.81337122074936,90.16915366940145,27.869998145945534,1068.0629773506985,0.7024563903195666,0.22269603142291491,5.189513162231394,0.9172221292797492,0
East Khasi Hills,85.43260620111576,150.54662205151016,46.215675194554365,1493.0166198873528,0.6781264564206132,0.7588791137928653,0.8825784140580513,0.8824014470298743,0
East Khasi Hills,42.93339592508602,135.31367052501815,24.569079396766455,1064.0675377267548,0.6108198645392006,0.028782769525719065,1.7002903095490023,0.40914172331911375,0
West Kameng,41.1245459987387,320.0837050773287,30.47529303776007,1244.9401281970597,0.08564318012037597,0.4698630302789384,0.6013807979519371,0.42284668796375363,0
West Garo Hills,66.59278502926483,129.1392731726686,15.080001943369,1507.0859371522756,0.522664958443396,0.026032769618147423,1.696429654422587,0.8473909004951167,0
Churachandpur,13.228527804571321,125.65865835161664,27.042006335455458,1162.3337285729754,0.21361229182259786,0.6242828715671057,0.3460084751789544,0.8095456941817896,0
Gangtok,7.830237428054793,156.9074837204214,54.6642121556333,1045.968093078274,0.6467778829989871,0.32137953234935057,2.088292059210776,0.20106523747302268,0
Dima Hasao,62.39139131821748,137.56523988614677,17.82887280861021,1413.6517781129062,0.5497661928116171,0.32465745822306397,1.8494460857348112,0.9378822507903752,0
Upper Subansiri,62.7023685313847,141.40238574993663,55.95243068341959,980.0628505561438,0.3743157569925037,0.18908344592240744,4.265063738829536,0.5110621506222889,0
Churachandpur,43.79190852455948,207.35315208933287,22.080504357378164,1602.9619339454614,0.6448493820837551,0.9346069734897702,2.0518805073486623,0.5108851469454945,1
Kohima,135.67942753712205,162.609514395407,16.349226674672224,1472.8304329777097,0.6615263920608303,0.2846018201399531,1.3137649599426582,0.4618328690970197,1
Upper Subansiri,10.226091972381997,113.09488836276155,30.13562290329878,1619.2364003341788,0.2147228477409794,0.12067839930904636,1.5699711481524006,0.3057995044105755,0
Kohima,14.144458863293547,182.29081278705507,30.782163876745162,1615.6587335332667,0.9412254948541552,0.6952037825326589,2.3204921603912783,0.5711462802634932,0
Darjeeling-adjacent-NER,24.586884007836684,206.45434922988414,31.374556402412626,1050.2994374853965,0.41829126387061794,1.1836322036858684,4.574872135131182,0.7215573521120845,0
Kohima,92.50048441789504,75.03321130046686,40.425370643992544,50.0,0.3053266609686253,0.11098242565543824,0.10656746706062645,0.5882400605562877,0
Kohima,67.13833380579088,101.406942466428,17.85498740284831,1103.1440925855097,0.28910184627893915,0.37181568694687583,6.529392061786874,0.7690756013398838,0
Aizawl,150.81326965935048,54.55728652893805,43.1059217870674,1342.5810436243278,0.3671582758697731,0.35524829275688613,0.21902608870727136,0.7567871712093615,0
Aizawl,18.22254117213475,80.07942541764947,26.39841727806658,1128.4559938058208,0.46941749237378194,0.3762540119015412,1.0566555997571048,0.6212607920753831,0
Aizawl,38.14117266847324,268.0605854685855,44.578361480676975,768.0077146088377,0.24257542177436464,0.332259724647594,1.0243579505826343,0.7807221534169013,0
Darjeeling-adjacent-NER,76.78703575938557,408.78625942999787,23.6941245506401,1944.1993401894688,0.41860952938547724,0.04222302834875238,1.8968725886394824,0.5594073735439506,0
Churachandpur,9.11050891124279,115.68063463271501,26.18048167837415,719.1709890789878,0.088800627441782,0.212742488605647,1.0949502530523005,0.8493795908701335,0
Upper Subansiri,48.28415295395496,86.61513962318328,18.7000469084248,790.1181381369365,0.5929431925084374,1.6994369467167052,0.6188152771156459,0.45846867772764155,1
Upper Subansiri,86.83934895297837,251.37748263464047,15.649257857352342,931.5095092361366,0.2697790972028783,0.03693547474360818,0.6973809423952557,0.5084733825231594,0
Dima Hasao,116.6325994038569,172.6228713802375,32.38396628499429,1023.6563889472258,0.7732624797150197,0.44302268601005895,10.548913360632818,0.7595496052047269,0
Aizawl,34.97288101784536,301.9544121931973,48.39628966343983,850.0027466538181,0.4183103551435244,0.8988575152173031,4.529534898949025,0.22465115614033984,1
Darjeeling-adjacent-NER,37.73808026612193,108.8091690117092,58.12193087930761,1188.358251314117,0.7425062621069922,0.0895864140712057,4.092956391823634,0.6396411640167533,1
Dima Hasao,3.8912385222585444,141.98974786794986,20.65367532797493,1262.6479192151403,0.48793721150709946,0.648643855470153,1.3586777025535337,0.37639868043756886,0
West Garo Hills,20.51900058511227,75.76347961394043,54.778947778757676,622.5872706820046,0.8639985623811007,0.11070987999564968,6.879331849041195,0.6869807487299497,0
Dima Hasao,31.32919940710112,152.80130102338134,41.49080792200044,533.6848271483349,0.3966224372876788,0.012339968037729814,0.16192372315929554,0.8138202837079218,0
Churachandpur,32.36248749035119,117.62370562672358,50.730552585883316,1631.7634018073618,0.30168242439801446,0.2945322644461731,0.33472300008200195,0.838516173845319,0
Gangtok,21.246530031228072,227.4335459726961,10.411262728662853,1171.1676571004139,0.49036951319821875,0.4963566644592936,0.7082997242426864,0.6796561587221931,0
Kohima,45.54338510967506,165.5629374366055,49.224030579326644,1801.4348196429814,0.2963152953529424,0.08773080347864742,2.5659246972476084,0.5893689101520808,0
Aizawl,46.582003024973694,514.2065426073685,35.54465112810278,1584.148685972429,0.6367328984976424,0.02921316229851008,0.45637044500565704,0.4155209869826743,0
Gangtok,30.917800293860946,16.063247252980727,41.95516258744773,1023.1367060179917,0.5555788003196891,0.3224888829888946,1.0236792687953453,0.6100828589729741,0
Dima Hasao,38.34423430775061,75.16480502141076,16.739183698182504,1461.2973314782662,0.7359755252819611,0.0639367329033456,0.48765682382021336,0.4565236775782302,0
Darjeeling-adjacent-NER,44.938112414870275,476.5473201319142,48.9873004959282,1646.6656012928777,0.19803824072790924,0.08149091726347034,4.019415221494416,0.6163039365297222,0
Kohima,64.86880123025972,217.97225309564396,22.330183212778508,718.1186114213892,0.46042785151718624,0.48622390997562226,5.997325820369875,0.6737779313152601,0
Upper Subansiri,29.100504983926516,105.39395997357417,44.342337111976825,280.43317563708365,0.41401995931172436,0.3788103000676719,4.749650532405801,0.5484156159819237,0
East Khasi Hills,41.71487727645678,96.27690963698488,42.03720145798517,629.7240013056978,0.35062505401194133,1.1747815271219648,0.06925157746336433,0.25022271258752804,0
Kohima,8.036566585264822,348.53608786796764,53.42554932554232,1543.8036018286616,0.45728971941310886,0.15627935291843692,0.9538988063601389,0.28034507578257695,0
Churachandpur,43.77916030546508,269.3394928561054,30.40786754380106,2234.355241909775,0.5056062416907131,0.09651814603155735,2.537395509969493,0.7517688154936223,0
Churachandpur,156.5112389473204,281.14294681565497,51.72431755721021,1178.73383739813,0.5552304541428353,0.42654303227231766,0.0017351368609835338,0.6826314848781869,1
Dima Hasao,103.29327256468588,172.8430748938764,7.865007720348167,1964.0310918169462,0.9287478895025546,1.4301847083473094,3.4295890958134407,0.9266822567422424,1
West Garo Hills,38.83399565667831,266.4700747089465,40.54622160848711,1747.8829189583862,0.6066277544191765,0.3225074965216038,5.077261034271242,0.6643856779893612,0
Churachandpur,58.52469380977716,195.7473164714802,21.104002522468114,780.4358430226752,0.29551206083851517,0.13915205153444352,0.20188924430400634,0.41056858757517,0
Churachandpur,20.664015021529206,199.38057137164327,32.01881039356387,1160.3180317769968,0.33533879334044564,0.9652714758763733,1.4106617475551755,0.6741453141086159,0
Darjeeling-adjacent-NER,30.43261929990488,60.83255029209191,45.58260289038037,1584.619948763092,0.7314385064968076,0.37704961205011445,0.9017851506952472,0.8461930353502448,0
Dima Hasao,21.1019414438375,70.1421222933513,46.446544180595815,495.49466274051144,0.44738364675526204,0.09567282928157611,7.340799176239159,0.8356548636474576,0
Kohima,51.547565643757885,82.68150879769615,20.155358014014496,1709.0988692715446,0.6544079558255669,1.1952289017928215,0.9816241030077872,0.6801003617525652,0
West Garo Hills,74.1231433324296,78.05652512757045,17.903168386383772,1842.7192563193523,0.4035386062234308,0.12753723902805564,2.1743328696876327,0.6329849655724058,0
Gangtok,49.59620320889527,29.201277497750826,12.304678487802732,1686.9901827934998,0.44536967467624633,0.9150145234761622,0.02275435076504561,0.5154017803811378,0
East Khasi Hills,50.21932510000564,84.54785814267096,30.178288046433114,1128.35193073474,0.8491478078388097,0.38137526242766184,4.528925955533605,0.6153487092488372,0
Aizawl,19.842337450781564,176.36104631651085,14.372654087275992,1490.6038735385027,0.2924897900772308,0.27938240181271146,0.07430953123145717,0.45907484719396224,0
Upper Subansiri,8.289886204327699,322.079914705746,19.290841347367543,1789.7849153453665,0.7363826043523864,0.16172660818779486,2.105463239663956,0.9115409494110409,0
Churachandpur,58.30173416972737,127.52763175514409,42.57765566138878,316.92527249880254,0.8412790934365454,0.050611829271473244,3.3745509539286935,0.44728499388865106,0
Dima Hasao,99.97226905183437,146.884234098669,44.29090470064069,50.0,0.830564711781224,0.11231569069038744,1.2630370763779475,0.8043500911186434,0
Aizawl,33.16506417338629,171.6938965846811,23.055042672253602,1509.0575700881086,0.32716442159207637,0.16079360118004005,0.08044870217519684,0.7485136888989056,0
Upper Subansiri,6.762827177400446,61.533633719768474,31.829534962164047,841.96219891787,0.4722503731629058,0.13628530472506747,5.774547646692233,0.6975819655373381,0
Upper Subansiri,30.098797993848596,46.15580197717606,28.850012948334847,1308.0474445301868,0.23660706810924978,0.030461812618080293,1.1395584166714903,0.5943071192247876,0
Gangtok,35.372577662247714,240.81723896522828,45.13645320875059,1320.8176717192057,0.7274183494179822,0.34679215743771963,1.5691522206229616,0.6093063833977783,0
Gangtok,85.01696688451815,182.9422412619198,52.33456001789137,1934.6874795835192,0.35530124457925355,0.25787967380168997,4.19269169235461,0.3968066439411094,0
Gangtok,71.03023082410965,56.65837111564004,25.118915772181406,1302.3914180308211,0.2649549862934599,0.04502695690946786,2.7019466125469953,0.30587052367286677,0
West Kameng,42.28508013058617,365.5334262137823,53.86870195173968,1519.1567424421937,0.8300845569629709,0.2493394751328979,0.9839768487886857,0.8874413707265096,0
West Kameng,100.69048474811618,163.09210363935543,8.933043178096135,1478.8726947549242,0.5174495199218105,0.03290270262544664,1.944806808246676,0.7991946088988914,0
Upper Subansiri,39.514747446112594,97.38475805503428,26.20000436704448,1675.5829487116378,0.6428096739802102,1.0725399306719818,0.24669023736730747,0.5052167185389541,0
Gangtok,33.388385714081096,113.15918178852372,30.67239263220263,860.1167142206683,0.33156175371004404,0.11994437287012594,1.6404464858331302,0.7521956735265071,0
Darjeeling-adjacent-NER,17.264023780546967,149.35150455612413,31.221771447444038,1382.199862478929,0.6636801012388042,0.5161382602258914,1.397766607981492,0.7110189846854094,0
Churachandpur,19.808111438982383,450.4734324503383,23.008160278748438,50.0,0.5538836144213548,0.11573966912312827,3.567232680365437,0.7409932722307817,0
Aizawl,24.394079773861264,216.54129183613642,49.837126071056446,820.8036717896033,0.41052763692730265,0.2573718879920548,4.023572976633309,0.29646905508904353,0
Aizawl,38.50973016620903,438.7415642419374,39.371381029623244,1813.2305572309215,0.5967450558107261,1.0828178008678808,5.144245914139786,0.49025594425939956,1
West Kameng,28.80255649767208,264.0186911373656,35.075552345505905,404.0866362405567,0.23142265481578478,0.8213134946146771,4.866444723354929,0.5524634358833925,0
Upper Subansiri,92.52197725223473,224.91533411405064,34.63045139324941,469.8848336565994,0.5872545362019118,0.6036211660578612,16.01266804807628,0.7322755175028437,0
Dima Hasao,39.48194359053061,27.40609659906854,7.336090519780723,1590.354850561241,0.8129208104924434,0.6246234569528494,3.0728532351867424,0.6675916405416525,0
Kohima,36.6648509237301,139.40410438171125,46.4025957720842,832.051246682435,0.7796155714734992,0.6936878190392252,2.4237650091768543,0.6065617337484729,0
Kohima,53.02825899830357,56.044221508901266,38.26381616431794,1952.707728998902,0.6925353623972299,0.5429053566504355,0.39800642968207073,0.43595939274710716,0
West Kameng,60.05093661173474,88.3856986767918,18.733263033023324,1244.9665755525982,0.19863219601601834,0.9086503304342979,1.5785322393117873,0.7642658587436434,0
Dima Hasao,13.527428945847147,180.50871564885588,32.78301417371656,2112.7354909165933,0.7130218413208441,0.17245797392748893,1.4072927067466898,0.7390865152375841,0
West Kameng,32.433587597329,128.39006179537998,24.251808439635962,2220.922217662607,0.13237824211513236,0.29872692667368067,3.3162857123505636,0.8345817971868745,0
Kohima,23.483377744847143,242.32137464734845,23.255166816668574,1965.3504909988787,0.5956208798069392,0.41585169992535564,0.8028506008834753,0.3377270793122013,0
Dima Hasao,35.02231879545402,110.08095161688345,12.696511169689963,893.8323761357137,0.9768971612475259,0.08815688142051953,5.116896516316065,0.4966256623627913,0
Gangtok,19.85215163926661,102.02530932713414,9.588245663041137,528.1750235582576,0.7877556290421455,0.2798779707865487,0.6205602518590756,0.42832914746028017,0
Upper Subansiri,81.36884298479576,269.0598139159188,24.608057041874872,1962.8338734146805,0.561129955096522,0.052991908098422316,1.6520633509911233,0.6832667228142137,0
Aizawl,30.833896261286192,170.01638429256806,11.353039845885318,1190.9324421171343,0.5346245615627675,0.3783297136461996,7.221567901654531,0.275678692607647,0
Darjeeling-adjacent-NER,49.74440807924756,121.61306068930077,20.47281543058905,1320.2743387913808,0.3927928221757723,0.04108839548810881,1.0539137044068008,0.7866016971612684,0
West Garo Hills,26.44797719294072,258.16483591559506,14.384944923881664,1889.1274830253508,0.47651977225069114,0.27995031135909004,3.254490634604415,0.7517408419474795,0
Upper Subansiri,20.206169520802163,208.60533197489275,49.899476603666514,526.9573436056105,0.2876350739626451,0.24769594606374562,1.0222500396843666,0.5041590690960317,0
Gangtok,39.77185077527375,467.06671371213895,24.40817670418061,1553.0866869075753,0.4926074105701107,0.04741925764238313,1.8059180954158056,0.7193468314131081,0
Kohima,39.410568552240456,209.97781198371865,10.822486499683999,903.9928602903274,0.06653563091298219,0.23145321834947127,3.736217025841731,0.48710190513275037,0
Gangtok,53.71448558455022,310.1783672425155,38.7089436024726,1675.5651778650763,0.5348466673583084,0.4530415818439833,4.212779452989198,0.3438190198362601,0
West Kameng,40.94400759219021,355.26902546013827,35.92469910051773,1431.7824036276836,0.4855519988959548,0.36126505751608773,4.620669168311475,0.7465529641945187,0
Dima Hasao,15.471417709276938,85.20009731536446,47.02029530195322,1728.9864985344052,0.9213008154854062,0.24503045903392864,0.2621483319917684,0.8419477353135428,0
Aizawl,9.046455027936084,398.70200686763803,24.9765420797055,944.8560983872338,0.5035617166817852,0.18161752630168357,4.825537527625659,0.7734271663665979,0
Churachandpur,21.232217852323668,148.9032119093099,24.5648367644741,774.186189104731,0.3488134075152893,0.023640343417109147,0.395663610995149,0.4094785420594779,0
West Kameng,24.515397630496732,241.87157314076575,15.051316134386493,1200.8993968396892,0.7588463573390437,1.2484958795354628,0.7964270761192971,0.5195563636206829,1
Upper Subansiri,4.361563640505788,333.97143247050013,23.684219584578063,851.4473175304454,0.5134033375817365,0.2061394879408466,8.858963431524328,0.623575219571877,0
West Kameng,86.99805559442224,296.685490853965,37.09718750406145,822.4621671731568,0.5596985860293214,0.21546869607815236,0.3893523847915498,0.7944040333096914,0
Upper Subansiri,43.52992272031269,132.58078912495444,43.5577797591267,779.0891312106961,0.4132053383886292,0.05494362950102638,0.7228196299807271,0.6624900326431999,0
Churachandpur,15.02081965830984,207.5846413550503,28.1977171483742,1579.9594842598133,0.4241732731471892,0.3042863243576863,1.0228599190885976,0.4605120336099012,0
East Khasi Hills,73.66018724014991,98.52854158118868,21.1490436488886,2371.9343972998076,0.5641098244517717,1.549524911781436,4.102274070501432,0.8903661106916483,0
Aizawl,72.56131241262939,84.93182333257987,18.290062672510455,1675.6915811076215,0.5788905846219504,0.11668968113654268,0.967390354614433,0.663608922016318,0
Darjeeling-adjacent-NER,50.07889672596531,181.92029588962035,45.86851199758288,1620.5582110153648,0.4948178182483305,0.15036420506690887,4.371425584079429,0.3211653152122957,0
Darjeeling-adjacent-NER,97.86228176134253,199.054548336154,35.401264955104544,1605.7097292204946,0.3154366014929233,0.10778732200008503,0.5753993962292643,0.7136755946940315,1
West Garo Hills,38.73486514478711,100.56373047331161,27.10276534410285,652.114847139283,0.4866738606059321,0.8057180361536475,2.297100832083516,0.7863362163780183,0
Gangtok,24.597227811336715,401.3813324205038,9.48104592196546,1615.6735919875919,0.3226131683956355,0.25790278823683205,8.030250834284473,0.9353177640756801,0
East Khasi Hills,75.29914912452435,200.364136614347,28.733594452286706,118.38079271498668,0.45976660760510785,0.6938269961448144,0.1047163910865247,0.6371455678336606,0
Darjeeling-adjacent-NER,39.32892556846605,149.59161672133152,39.85432679560977,1424.0725824170293,0.5167344994907638,0.7590796442595494,5.9801709163968635,0.9525290648245519,0
West Kameng,71.62096179126925,70.28404150934978,14.800664976275069,1640.1143252956222,0.46415597287840127,0.5530638636752494,0.450327814293986,0.352839480912182,0
Gangtok,53.607332720351984,117.93442207244092,27.732706760144687,1688.020493659783,0.14278675654379075,0.12100685313588495,2.1745168561862074,0.5948720410917131,0
East Khasi Hills,64.61548154599993,128.82828904025376,31.143326034407252,1590.792039034348,0.38688486241997455,0.014360192266693198,0.1250866445043884,0.39545834322413537,0
Dima Hasao,59.59655700503684,148.23635773983864,11.245174062064539,452.514898560524,0.2786776874779018,0.06186203603545949,2.1174802769096903,0.4627187284452107,0
Dima Hasao,111.41927956114492,172.5659938063128,16.248865579517915,814.8207204550563,0.9138171245568004,0.47754252321026885,2.386343136489591,0.6325364478252603,1
Gangtok,24.782563446278672,277.3716349840704,20.763695629309385,1905.4668754191396,0.4916959697645268,0.5396767206512485,4.121310176774085,0.5163769308715792,0
Upper Subansiri,34.160240283500386,123.11249325381407,46.61941762971819,1421.5846695581272,0.81777963482258,0.5816181270310533,1.345024738008407,0.16425558163125203,0
Upper Subansiri,53.840354334067975,98.94942232707628,31.073031419478795,1389.4005572066421,0.47625423156546626,0.11186931318897952,6.184900532082321,0.780944214398671,0
West Kameng,78.6289745506564,54.58223069970338,45.642013206079376,881.799611851043,0.30837299238821103,0.06643884091119431,1.1566842730936706,0.5179316614093114,0
East Khasi Hills,64.60624159863161,355.43239426642276,33.75371909703932,538.5614482357477,0.7507610104370609,1.025899540945196,0.24014699810360332,0.8411769357739222,1
East Khasi Hills,52.89566298427011,220.50010718230058,12.242254880829504,761.4911495366439,0.42763661530144753,0.4365096220312663,1.2224864050668007,0.717103619859244,1
Gangtok,33.635213501108886,8.101229646539663,25.451237524617593,366.13462925936744,0.4910065919377163,0.5418606099455728,0.9141657250244967,0.4663710908734364,0
Kohima,52.98675667155122,183.31134723478368,47.164160152788945,1530.3102043622384,0.6544183454590027,0.03944440676550174,1.4784318321118803,0.3834767397323942,0
Dima Hasao,12.141716938815716,380.02991896950886,9.345679488618435,50.0,0.4525676054805758,0.212723585569852,0.5565261536207144,0.7371395767009331,0
East Khasi Hills,26.583633040929538,148.79069680255938,9.993050486170715,763.2926484038428,0.2696234649697191,0.02616025968104099,1.1564427400789712,0.7967408342957464,0
Gangtok,85.44382458160398,210.14533945803163,5.528612844516256,2383.9635022601606,0.5737781674891467,0.4288875435293422,5.434190405855085,0.6841099121211642,1
Churachandpur,83.45702442505619,78.79450853261602,38.50836378904678,1071.4243813795088,0.6341840963545763,0.2688348273655262,2.64215586393926,0.4912681730285413,0
West Garo Hills,74.38065671325667,47.88047588506379,35.11726724671388,736.3478762177185,0.1966501355872328,0.24020088867987355,0.5519891593599614,0.25953054452694596,0
Churachandpur,95.6708463454616,205.24622364054596,23.332781903636548,2540.638656809983,0.7958127259050964,0.9328357805407164,0.13581022136313795,0.5391913122040842,1
Aizawl,57.90843262713881,176.1066392768314,16.562439428476722,957.7073046926754,0.5511795710736559,0.5390119689187477,0.6104630205203474,0.26667776541452215,0
West Kameng,78.6637325337754,325.4554015838263,37.344821363610066,2392.9179282274217,0.3703638703582305,1.3325181234374623,1.3155566385141895,0.7568908669437342,1
East Khasi Hills,115.61001998308365,162.72358079646784,45.93986681861302,1033.0984886495728,0.6939247158417208,0.018949596481101748,1.1437322878550984,0.6449377526015263,0
Aizawl,32.566811525553554,174.87166632942737,51.42800236289959,1747.6867200523518,0.7755955470969264,0.3825093488837672,4.717703986356288,0.9042694331637369,0
Darjeeling-adjacent-NER,16.619073235671543,161.89194108490358,11.552022523874596,2575.5902946421297,0.141992470019552,0.3979357787713464,2.2045668262130294,0.8673622951965898,0
Aizawl,17.66553017847197,345.39001507806813,35.02844628311081,1289.6091693696696,0.1322299051320797,0.010760706089890815,4.620631796233027,0.8194005501270908,0
Gangtok,77.49583228478578,317.9551370640608,22.07233755350405,994.5351900656118,0.8962345131714269,0.61873745774394,16.97962807515095,0.4074804038550075,1
East Khasi Hills,188.4208116737318,156.5191453640059,21.843253904177068,1629.0377015440602,0.1369924244691567,0.06671232165760119,0.8574336185384546,0.5613280308574196,0
West Garo Hills,84.79978996282219,185.92755444873802,7.179664772122258,606.6081625867718,0.14779976197324826,0.4832887686048901,1.62261245382576,0.28613094625694824,0
Gangtok,20.680854454240176,104.39536543546036,34.3765967775753,1956.8830698477723,0.4243300296411994,0.015423132743105392,3.0566450627682173,0.6467815750922774,0
Gangtok,26.399077912701348,131.90801123581062,25.364140228650335,815.0923112184857,0.2393965614261064,0.38044340419943207,1.7923384656099082,0.8243920085974947,0
West Kameng,65.14426808263356,77.34083561682479,31.307991662792038,274.8082736675135,0.7072170446074822,0.29423886374728164,0.9893659913518609,0.6963028159695173,0
West Kameng,19.651474422097024,256.80582512921495,29.74233292032672,1141.3134401439172,0.39334951840205823,0.2640992934040341,4.234846961344833,0.8516199241233057,0
Dima Hasao,46.64097980632007,139.4949655000582,45.82589725864925,938.43395072292,0.5158153888634612,0.18270253933208883,5.573994562171666,0.7683790711825914,0
Dima Hasao,32.3285161082632,355.1963027555853,41.241289720214375,50.0,0.7019728199057499,0.21805499997305772,0.8151333680767364,0.43852675397510116,0
Upper Subansiri,50.64087021439407,137.53655166724337,14.12997648946428,1209.284363801737,0.39994608363881096,0.2591886757267318,0.8263237357941886,0.9580103925151701,0
Kohima,34.578796908520765,75.63142721524441,11.416366524725673,547.4583382196982,0.43051475308298687,0.14135187195427737,2.0951243961423764,0.3600642105318188,0
East Khasi Hills,51.845814907293516,137.37852126806354,8.535644115431504,931.3371553208049,0.7699975982072937,1.0951287708877,4.237328938224611,0.6817738897017557,0
East Khasi Hills,63.868625601272115,104.77059620356178,51.402685246717304,545.9545149035607,0.17855910191989077,1.3409808427849803,1.8345303415630043,0.7122014710992658,0
Aizawl,55.29703442869229,383.7545265580029,45.69077988225509,1598.0999243962983,0.4673265932494731,0.14261444559645253,0.15482039398369196,0.5270923290307644,0
East Khasi Hills,28.937233675635227,248.66702880621608,34.02573685518869,1192.6806991335875,0.255709922237947,0.6032794814497591,0.8739100157380608,0.7403608394215873,0
East Khasi Hills,33.73746458712942,343.90310893119675,25.668803476934386,327.9228500154643,0.7493193912179393,0.5571162746139868,1.7471553750595832,0.5815327888588127,1
Kohima,79.50262808939864,194.89922117073695,20.912338255362126,2048.81855755935,0.5041063793021275,0.8336446646085328,3.336001332739034,0.2755791681329587,0
Darjeeling-adjacent-NER,60.83155700983682,481.65117062239733,23.805478562040047,1388.6565263843286,0.7662392283962987,0.0015412750426224723,3.728533371639609,0.846825815096214,0
Dima Hasao,29.32002475072356,133.70664137936305,38.112665600722345,904.7063122804459,0.47904562021862457,0.16506719149469684,3.488903614757653,0.3256789212303333,0
Dima Hasao,101.65861143954584,84.70744148284261,36.71401818867686,746.5913919181941,0.6337197967014703,0.06265582082918601,0.2490625144734626,0.3667926724086186,1
West Garo Hills,72.59971377363166,128.08118088453222,16.061285697576345,1165.1977259680289,0.5308878483298481,0.1982817137743927,2.3927775463276797,0.7494305477799036,0
East Khasi Hills,10.669555489411708,279.50063049735746,52.20649952339255,442.5458390277413,0.4973151369123044,0.3428580371999186,1.3853469008557664,0.7792927220955669,0
Kohima,24.615426130743852,177.53275519842734,34.8856153713927,1992.725817959782,0.6944885425195819,0.9580947539698311,0.9404600060138553,0.8513558816959276,1
Dima Hasao,68.52470266296271,148.15584940870235,31.24118013214279,1883.3332378154373,0.45902073292906287,0.7320688468249791,4.394970938128926,0.5757672260690875,0
Kohima,77.0354687160295,118.2101976954426,46.022024032714484,1006.1869822332965,0.5574586740896679,0.27647753264323155,1.1093793124691962,0.7610604781895598,1
Churachandpur,9.814357881573669,82.45272946156165,19.479279425275482,966.9046946062233,0.29800264395878545,0.009513081574127205,0.5038062957190277,0.5822141222038909,0
Darjeeling-adjacent-NER,1.4339786479911913,257.6150678675965,35.3172014462698,670.3731985898659,0.058449053931968184,0.14318094394672196,2.97466846031118,0.3687509250407259,0
East Khasi Hills,24.842253954834447,95.00934817353125,29.13355772758741,1363.0376100241554,0.7282751534934231,0.04509286324506551,0.36403302831325046,0.8561979613264941,0
West Garo Hills,28.521318855095085,24.51629069426941,17.210220053876277,1367.9078165825495,0.638302691483373,0.42065300965551033,0.8699320151692693,0.7069720207660392,0
Aizawl,16.416543460630496,18.118980564313922,28.99786559431497,1630.1266982974025,0.6526324741476703,0.47553934191403746,1.4694908275553142,0.5291392169707718,0
Dima Hasao,39.20492443224704,179.6688541793361,49.75419653124757,1374.487281012262,0.760412730874769,0.4185625547351002,0.38192541985907275,0.9616108643585698,0
Churachandpur,39.44261123761639,200.1549501778494,55.16911440130264,666.4066402470054,0.36347370439833027,0.1284773247272644,0.8468269537305855,0.10793361212137095,0
Kohima,62.25601770061021,284.36096170248686,24.112937488870994,766.2157016315954,0.42583879809309616,1.007842566805929,2.56533758337139,0.5702152738918141,1
West Kameng,21.92968613326384,120.64787201099072,38.82372962584935,1288.5387255218618,0.4245373976629804,0.3551845755566248,2.0377536702112837,0.5905661704967905,0
Gangtok,4.71271610377425,228.89665263288254,20.23421539509489,784.8119698501196,0.7380313372235974,0.36377438667142914,4.649240408638007,0.6046255882229278,0
East Khasi Hills,34.33605481980987,234.46361865178457,23.1592266454226,2028.4551292071985,0.2659608149507438,0.6761666057353849,0.379647590270873,0.744171791277216,0
East Khasi Hills,8.549667216605583,493.8245298467762,51.10683420383203,1190.2726231098927,0.4857589731899518,0.02870353232126795,4.985214978600709,0.46248070587444,0
Churachandpur,62.64212060791239,131.29757489223022,11.691270555311755,336.6424730016266,0.5454977224035303,0.09409040393830333,0.19657763630571107,0.5048689032409314,0
Kohima,79.6686833213512,155.30858547353483,30.728720492177253,1145.5594716205771,0.8222407379974521,0.3562311236308134,3.40078475079928,0.40932683783539114,0
Upper Subansiri,35.46731711519522,176.55266095739358,36.80666803203101,1082.9511682538036,0.2929643924014939,0.3770875632336173,0.5795018032581725,0.5060737469771796,0
East Khasi Hills,20.112161381667978,350.0165824275708,28.745422397448195,2013.5056555796755,0.7108147947065373,0.25151755473584564,5.835052162778144,0.44836221472524146,0
Upper Subansiri,19.10195409925939,352.59681279565075,37.277206616590945,1227.0920034535716,0.6836048914944278,0.6055391391044992,0.1061195640161923,0.7908655288322214,1
West Kameng,70.86315127201797,203.72476259388816,35.19608636807385,1558.2490897908247,0.7606232668725278,0.1696289316817547,2.1701912839558473,0.39483894088616145,1
Churachandpur,57.59429127426587,154.46547950496867,52.181059990849405,1111.2779216656077,0.30563656176613846,0.00451899138047549,0.032270364295083204,0.5314545082223743,0
Kohima,69.00542798775614,96.65185828381807,41.23926832531542,1815.2520553607071,0.44417339226262875,0.1661814986847765,3.3298903793010934,0.595835739372065,0
Kohima,44.57520562622763,376.1089874246233,22.66423126395295,1993.4111694285552,0.48624848921782465,1.3511539469013603,0.0858066893380706,0.11850715143089018,1
Darjeeling-adjacent-NER,25.294049484539315,261.71648609083593,44.34023485158746,653.8286429152984,0.8382897106895849,0.6039014911516861,3.2471241761372966,0.6272983701039436,0
Gangtok,14.820085905307506,346.7866388428307,31.245880636307167,848.1317494509829,0.42054884402416837,0.15323780423853953,4.1324821931970295,0.8938401953405573,0
Dima Hasao,91.21776295515005,202.44215829754958,41.04254213187112,1073.3789870557503,0.23877288025000978,0.10064261206724334,5.647060433265134,0.7292277469083712,0
Dima Hasao,31.41805307798809,88.3058672052155,32.10179416515162,1753.1438053865154,0.7598028970316977,0.6648571313733534,1.113440296223528,0.7986989149753447,1
Aizawl,121.86182972941796,231.22454079763995,41.0683034043324,814.1234554797593,0.7301239791280766,0.08920627815681709,1.9550752623234353,0.4150457167484878,1
West Garo Hills,59.411932995990725,62.55306312131662,40.081842072310955,50.0,0.7018958214807918,0.3471891006730311,3.306220051918082,0.759926170806549,0
Churachandpur,188.13489783087743,54.661893810338746,19.946273479960684,1685.7108955530614,0.8226221514717652,0.2836785378631503,4.297210979057546,0.7113864192470148,1
West Kameng,25.268703347268733,230.80445222831605,28.373491182565488,736.1261734206518,0.7113521199253608,0.2197358924069902,3.81784238080231,0.5473994914365753,0
Kohima,134.05377812005534,99.06585446048152,30.263782207867003,1000.0603571050277,0.3409377394193125,0.22202343013214396,4.706427783748028,0.6846182700917194,1
Gangtok,136.5918278033728,172.74192515001198,45.157790171737616,967.5287375400511,0.3063194979395746,0.48474932785299746,5.698234314967562,0.6573459735689429,0
Upper Subansiri,47.213387962526774,242.49836559727615,30.736596065952597,50.0,0.6536171110811797,0.04340708413698002,2.6268330090009258,0.3960696951327572,0
Churachandpur,20.003131028040766,249.73124277265606,17.788132281525012,493.5156687899082,0.848614802582754,0.20116006816741305,0.4778326139351999,0.7190648344301279,0
Aizawl,25.180989061425514,109.05752032776485,23.445828791407532,1714.124933540164,0.8725664374498233,1.3816029094415785,4.481614213386639,0.691254907053172,1
Churachandpur,15.24153111731828,361.0932579981023,13.91736330376472,1178.0509588972275,0.48183674983364594,0.6023185419286601,1.555730128391849,0.9350244550440677,0
Aizawl,29.046515801870143,98.7671510941554,13.685816673001808,1773.8112283111855,0.3580282998347016,0.008502966141608559,0.1299311952117372,0.785367154325563,0
Kohima,28.66578406522327,453.5805163490876,42.920472677297006,2170.4959450431024,0.4260787118200766,0.23699971953141252,2.459295089056375,0.7463510334737822,0
West Garo Hills,78.81977222768528,350.5136304020268,25.69581581495543,220.36247534727022,0.05290700663035477,0.04986000410515242,3.2500276504988843,0.9335003956871234,0
Aizawl,29.327206937215717,88.41191965857023,25.28337397279292,1001.2339431303974,0.42851804922517656,0.2652119325908329,1.530566178428015,0.8897897967063215,0
Kohima,37.56028969768864,238.2624674590047,50.67845831997897,1133.6996756183296,0.4489961380114789,0.043739870348349474,1.7664367781416375,0.6307246657904996,0
Kohima,77.0226816089321,65.98339056788018,41.180267516639546,2107.9350551172624,0.25424439483736233,0.19720373681317677,1.996147368375837,0.32119309250165373,0
West Garo Hills,48.35507487496228,193.48669919847447,31.065442654370788,551.8597170233946,0.640913337926967,0.3149794646609063,0.7275488297556236,0.6306049397211211,1
Dima Hasao,136.32410216485647,232.24141220616977,39.5683722588077,1396.988628388683,0.5268841369279809,0.1831090645066441,1.1709476413731388,0.7117757245483238,1
Churachandpur,13.226844773969443,264.8087685173806,27.997859933753276,1970.8393704434543,0.34482370764521086,0.345646285839895,4.11118626736998,0.2887102689302232,0
East Khasi Hills,72.39725542836177,40.987106808789854,39.17039236716778,1734.19368916713,0.07137975492300802,1.6811689686173725,0.07592130424155656,0.3367942161618476,1
East Khasi Hills,55.017745004922034,149.49460728435437,45.09046325945888,1506.8078337321094,0.4038703453633816,0.11283198963201926,2.034892418565811,0.6821598260165871,0
Upper Subansiri,5.046919764395499,123.73549903402545,34.268084291038235,769.8487262743342,0.4513349724639881,0.33251148541318765,0.08074456245431999,0.7049410256516135,0
Upper Subansiri,11.290154529398261,71.36881935999811,35.9254776697791,1852.6414267979412,0.3142579787339342,0.2549525563163399,0.5629828243250381,0.7556770333708972,0
East Khasi Hills,62.68026126551099,66.28158027616963,24.444825772920407,236.25829965449327,0.6992108731265936,0.6627467864736252,1.1665995749837124,0.8566476272304024,0
West Kameng,86.18742226585128,68.9915157563576,37.277351173756635,1500.9204639346488,0.3533112738891308,0.15126578446199923,0.5158316374029865,0.5253682309188864,0
East Khasi Hills,5.451625296529734,318.9109467900225,52.271884059455424,160.7258475360759,0.4712571599118446,0.4064603833597096,4.718127245983662,0.725053664396819,0
Upper Subansiri,105.79173621505007,123.52023187056383,18.400602663361965,2272.0703157965618,0.1326197460601293,0.4723089158045508,5.104497903945479,0.9212401963423205,0
Gangtok,24.53362434766395,125.29882821261421,24.28892120180289,511.3099097772466,0.141712212590038,1.4862543053416422,0.4151698808570147,0.5738220410335169,0
Upper Subansiri,117.00876048833642,121.98525818869739,41.66140750055099,923.1606783087907,0.7776572038336577,0.06560318238726064,5.5718507014459,0.729904500257099,0
West Kameng,77.84024873266841,149.75028464256755,21.80137042692838,2199.797259451584,0.577956425074474,2.5486792369607936,0.6533807849298322,0.6277066206920173,1
Churachandpur,59.60029553524213,165.08957995418962,30.03811935683875,1469.237778447137,0.433112263291215,0.5109181110970725,0.03052661678966318,0.49637653627195716,0
East Khasi Hills,42.65394273697437,120.76264967031692,45.16803216502406,764.1695785885449,0.32322849274291005,0.24377103476527992,3.3374833498872194,0.8388230230299374,0
West Garo Hills,52.08168419589264,172.6267395161335,46.13558021431755,1272.1164967154882,0.560098274959882,0.12237276211461873,1.8257459896699235,0.6022478864156832,1
Gangtok,52.86090343791719,221.75856069820023,37.03387071753732,1375.3167247835959,0.6569169720049784,0.3963000700200827,1.7248352190507732,0.8306665978383034,0
Kohima,68.45074921757973,282.8635484017226,30.76211944269274,1453.716120976135,0.11269248139806809,0.06116397599291115,0.006767163172619425,0.1019088068717376,0
West Kameng,43.58338924275726,123.27790845713648,51.042137159812114,1073.7870268046072,0.4712012121944594,1.1733134853772857,9.603738177534716,0.5203634580214813,0
Upper Subansiri,78.73095137453112,55.91082090945248,56.376342624934836,1006.7091115258078,0.47798487774653403,0.08154482494097305,4.468002610350442,0.5891775736938798,0
West Garo Hills,57.42881484978223,323.5068237372565,40.50826657502016,1612.5088168312125,0.3649359536266851,0.5954254939440307,8.561728547222115,0.44383258396881453,0
Aizawl,32.12599611229502,39.96957256039442,33.0893311169312,1048.1544531040747,0.19585911294230207,0.16933746693177598,0.6982055776978581,0.714297012191548,0
Dima Hasao,56.3176614375033,31.793010009096992,43.57997697449946,555.6681573357477,0.27977202393246864,0.09725972253712081,2.313807666115598,0.8935041284111561,0
East Khasi Hills,34.52397345146828,150.71466132148632,20.018660117464155,1010.6459313010852,0.2462826119255,0.661492242728174,3.433374796061191,0.7001721968637974,0
Dima Hasao,83.99195311774153,123.9387957116319,15.161825622922038,1188.0669437487452,0.4149504388243182,0.8751215985485322,4.065644838971697,0.6136829403696538,0
West Kameng,93.17788447604349,127.55332827201863,53.22397446000808,1407.4751145451864,0.3537631427131722,0.002254790844337772,3.8050563909325246,0.6980475217628905,0
Aizawl,151.68618455788408,142.3222047617766,14.898672642065986,1317.5319900589714,0.5837423215908814,1.4622010324153365,2.1234923585455143,0.7556704356822598,1
Aizawl,45.86944943108778,203.43700428959255,35.78614146799671,407.94450463466353,0.36801110841653106,0.21921663675792719,0.08027496461800582,0.8804163015046488,0
Aizawl,15.900543981594693,196.28280923459303,42.1629789935716,1499.0757742250205,0.34601754446574967,0.04040423107849353,12.780483344038643,0.5509333323327588,0
Kohima,75.19040176048186,233.70729757742544,42.63300181831556,1074.9420392452541,0.22661457058933632,0.241501984124821,0.3050598395374401,0.6467663255087438,0
West Kameng,39.48346096348544,116.64580544594324,27.18742136461803,862.7701287212963,0.30640242445971977,0.05048300092890637,0.4986356069613247,0.8386540444067956,0
Churachandpur,37.01917160099563,236.14589730643917,40.92104016211968,1761.3713311015013,0.6633578974947387,0.11978391978381937,4.349359621556096,0.5676752944731643,0
Dima Hasao,25.127398723595128,194.95201424827434,18.32455022840162,766.1406986393179,0.8172214850206638,0.3261355279150758,0.26500156690266075,0.6614250250046306,0
Churachandpur,25.68153615320185,155.88227118798338,35.177501690318024,2270.9955572006247,0.3212745518998727,0.17801356838486626,0.5999376064136074,0.6098978715901351,0
West Garo Hills,68.9056867134775,230.4581435265944,30.03973382425503,2212.576484795308,0.5113109644131594,0.10342752501122816,0.051277014720412115,0.7460877666531739,0
Darjeeling-adjacent-NER,30.686821032384632,350.46009204107327,29.941036824256063,1804.9327796723217,0.6750031634633878,0.08750252461730085,0.4259948569010943,0.6687824862171257,0
Gangtok,33.912257782501,179.7374316745973,23.441633413071518,796.3683640112421,0.66426162710548,0.4048886404173154,2.689388849975998,0.8487743208901227,0
Gangtok,51.7028435229153,74.76598470667277,39.67953527807733,1544.0483760444622,0.6409461081273682,0.9617989169404318,1.117812203586756,0.4881126785367679,0
Churachandpur,60.34095451217021,118.04082597172368,42.81519090647492,1361.2095534351945,0.20705740952269483,0.023231810619489614,0.36295248214600817,0.8891190056612773,0
Darjeeling-adjacent-NER,10.928121235688103,130.52843142511358,55.52602918401405,767.1025929104599,0.45068537473482684,0.11200475692800932,0.7663017533123823,0.6153969637883773,0
Darjeeling-adjacent-NER,27.84250322586312,352.4329986542944,36.02613784111124,1841.5844792205753,0.5101611410614633,0.43793860029400317,3.5027793642674676,0.6568070097960468,0
East Khasi Hills,24.327047133387858,116.748894161507,37.00531681318805,1199.8191798590312,0.6978044368211038,1.747976794383034,2.0345982377514664,0.5550821475326196,0
West Garo Hills,24.52855160093409,43.94735883870391,19.807709810415613,50.0,0.9486069660551958,0.4574641378773481,1.6158672008147805,0.4656032922548674,0
West Kameng,42.324391768972106,178.1666627396959,34.82398256977618,2086.873022312177,0.33464617591899604,0.021623599162241006,0.1194541394939313,0.35613543730836356,0
Darjeeling-adjacent-NER,39.933002947543386,64.04089935926889,23.86318774154213,2105.6924965060125,0.544352983243788,0.07882631474133794,1.792195665568763,0.4454239149123929,0
Upper Subansiri,50.08378530251698,57.51753122411025,26.726673094373716,1161.5930102894908,0.7984117706724245,0.17087982534434468,1.6421739539106541,0.2926915422506419,0
Gangtok,44.00076849370971,503.82949987844455,35.6535630565486,1572.2439351422322,0.3130956548705056,0.0685064888194549,1.4623861250887278,0.43056340619859385,0
Upper Subansiri,37.01921149124757,57.777713348009506,37.53730848379998,1406.9366600939156,0.14484694170336312,0.08049235934872034,1.6711001496451026,0.2507259926280387,0
West Garo Hills,8.055471845845648,254.78842989544552,36.58093853962771,914.6739949068152,0.6887402646750527,0.12789162242378413,0.1930034777481398,0.7919027181328853,0
Darjeeling-adjacent-NER,22.8235701849671,383.719096726586,41.82329116037159,2801.621296075266,0.41841616034754175,0.18658060752740713,6.758057038180084,0.48619926322595647,0
Dima Hasao,140.9301721042124,64.28844056602513,41.69229938991847,829.6370305647647,0.6138009156695808,0.1989298461938614,0.9136870283677536,0.967034533426493,1
Gangtok,101.35756411775796,292.0661034465418,21.563139240274502,1230.776211470267,0.25707209764962685,0.27676088615140254,2.6425921584313445,0.8607735693786984,0
East Khasi Hills,156.092451516992,206.33637430075515,14.57128366136415,529.0101697199077,0.2624251338211712,1.0537479322276664,1.11175906917446,0.5187588443065461,1
East Khasi Hills,38.43985391717806,191.43328688089485,15.198685779077673,1713.8810093979619,0.9559935354007201,2.0052092106703676,0.9935044498256862,0.35802852979134914,1
Aizawl,21.99535334296491,48.69506687118426,26.110009123252073,1615.3342603408773,0.7452776982335311,0.007964502225833251,3.2274398768631594,0.9689226121548938,0
Kohima,97.37252035421739,181.60822386339717,40.746008273007675,1716.7359159374491,0.6202202824630743,0.2723044639047844,1.356540192797511,0.794971757106566,0
Darjeeling-adjacent-NER,65.2098953297699,228.31847668549986,57.29872333901241,467.85593129865435,0.6218955867347311,0.5578607211186885,2.391963612090888,0.5590538263002061,1
West Garo Hills,30.474553030973585,234.15964196803608,49.89209652697759,1365.6075942235336,0.7360638478058227,0.030447931364517518,0.8012874421310533,0.13112381122527378,0
Gangtok,77.88819236234228,139.65298776670357,25.25602374793221,1436.285982241303,0.44222241019684977,1.133366391654785,0.771292208367099,0.7587620617625337,1
Kohima,37.17381626556029,218.85799172809237,36.843926959432764,410.25347466998164,0.915921659083425,1.1103894405036687,0.5549310453647293,0.22188620555422942,1
West Garo Hills,29.161526809394466,260.24826998731135,35.388245561577264,1434.1938857960254,0.7150726319395896,0.09347603480580849,0.8949514487181637,0.549045230391013,0
Churachandpur,36.374662426543416,39.17099504322127,17.37904452186717,811.8112752655937,0.3957857301235506,0.6162360071848529,0.16776183740564163,0.44923060519773933,0
Darjeeling-adjacent-NER,17.630922305065834,218.13682718364765,39.57649628195843,1021.0421600684625,0.10652350486502993,0.34839873655133463,0.20248929867647303,0.5976291888025245,0
West Kameng,35.38264311656677,101.1723633999229,35.05240992748033,1546.5856844453915,0.08582328524105261,0.013795181258579845,4.791770827765724,0.3670480980447232,0
West Kameng,90.96648930762296,157.91512545661908,27.36562669540935,1319.2325930070685,0.6336351276724744,0.14113140942207705,0.8208052488242513,0.7944885335040716,0
Darjeeling-adjacent-NER,64.0138057374876,246.12424778235498,46.667317256638185,754.1578056901656,0.6867967221748268,0.12227101117087902,1.9322745400507775,0.9005057016732821,0
Aizawl,52.56980242584791,71.37070022202205,36.31199779283509,519.3318374494435,0.262560338370644,0.84716721288418,1.7150705137940767,0.7267117917450278,0
Aizawl,28.59130107661923,161.5726777187711,36.42386373518697,1101.449615015926,0.8681467257321481,0.9111600868566456,2.5141070141686077,0.7262063440909169,0
West Kameng,113.24395821922207,197.83494804754514,34.450788079391565,1334.5399024697915,0.28396214701492856,0.014029987106335538,2.609895062011594,0.7111283659465342,1
Dima Hasao,77.44683673907767,101.9253370440512,22.92882689923815,1208.5961152288526,0.8540165842706343,0.541007232231091,1.1423628713635752,0.8718631378478677,0
Gangtok,26.30716427070136,136.52205580593082,36.33649037203936,1124.276974480681,0.8151028099598266,0.051066664014534247,0.3580337446591967,0.3373716934614663,0
West Kameng,9.024511781752988,100.65137045742654,22.321252492759797,1061.7650153836594,0.41362975001571434,0.6260226684556089,0.48825304135349834,0.4164914574613385,0
Dima Hasao,45.03256655143407,255.4758460304093,29.02215080438815,2061.730385513709,0.6796782018223811,0.7473106379079005,1.1130810386846712,0.867650164891113,0
Kohima,64.52736552592465,104.86250818004395,40.43376125754383,1313.427042718205,0.6470521474939922,0.024431052662633915,2.0530746843431906,0.7554435515495648,0
Dima Hasao,25.08528258045017,322.9931946478042,51.7760433307762,1321.5557421509216,0.24963927374239123,0.1579646309024817,2.3813931588331974,0.548403586268268,0
Kohima,57.83136884433525,213.59945588329347,19.700196932672327,1067.6234050223193,0.7152793456185635,0.19101718301807172,6.733725632295021,0.599218629651031,0
West Garo Hills,32.27110119146677,258.82071970716186,47.97571392438284,944.4119311244642,0.5932804961861511,1.2417604035636822,0.9104017630308541,0.6699371338717536,1
Upper Subansiri,20.27665558915433,131.56170809713373,29.23242336121176,2329.442064949774,0.7610175211469411,0.18539804077289188,0.28935475143706246,0.16685919740462568,0
West Garo Hills,49.874605212744726,82.02850300376622,40.65047582109039,1537.9227664799691,0.17539052824377865,0.11828402327641296,1.928626730410397,0.19311496525552385,0
West Kameng,23.193324033471857,117.73379151807283,21.182447299611987,1666.298748288601,0.11049409133170775,0.3867153777598279,0.17229476151159295,0.6464303905429853,0
Kohima,66.2926774674001,33.167905263028665,30.415377790209675,719.4261543639334,0.2531685474570186,0.06921474393084537,0.4526628771670798,0.5280973020761525,0
West Kameng,77.23535860305728,183.02692293517273,26.566072982578806,1793.337159693312,0.16851650955335293,0.3924227894739123,2.0193488850271373,0.5706365794374056,0
Darjeeling-adjacent-NER,88.25781320755,83.75194165394973,51.59746275739167,598.490248605651,0.31329651894298277,0.24541995907596076,6.458131316842977,0.6794397618024844,0
Gangtok,23.657121047344326,70.02093905709793,14.477423493579819,1400.1471592224116,0.6743264814410256,0.5258707387786207,0.5439863972726331,0.6769955941004955,0
East Khasi Hills,15.665347961592383,129.34459545660536,12.310924980264373,1266.123001343792,0.6570145190204348,0.34587830770622374,1.125495357794417,0.8471010584004276,0
West Kameng,51.67907205418688,172.16907695507334,24.050735505737297,1993.3655167271463,0.46747018355117925,0.07771675368726574,1.46232193748602,0.19480576186130885,0
Gangtok,91.73133150902977,341.0175146571075,49.95346904155315,901.7634105774498,0.3799060008900472,1.1082479208404035,7.670728435688052,0.7964756183533069,1
Dima Hasao,70.6058424656024,154.12354867513122,52.82863200212768,1535.4491937852135,0.6186411195401315,0.23824920054377374,3.325872135627938,0.6882215489459937,0
West Garo Hills,24.630721158351005,100.0117294615207,51.778658063106164,1435.5335193754522,0.37938583129222214,0.5459100819007481,1.0092375071430306,0.446817140675662,0
Dima Hasao,26.574348618629728,231.64349582172335,8.10854263787754,739.2520963669898,0.42426820553477723,0.3036648874136128,0.7914609660946957,0.5985723832265201,0
East Khasi Hills,32.597145927581,177.64350619477915,23.362060350362405,1522.1085535172806,0.482065511384893,0.8017973823533581,1.8271470269058154,0.7227445534353647,0
Kohima,88.27796209090552,154.40234634482917,45.371752873628935,1110.04028031215,0.690231705246083,0.1644074133512078,1.2006515249619658,0.17384356072529072,1
Darjeeling-adjacent-NER,54.958324817874626,287.2995518746669,37.61616006017947,1174.8135323099134,0.08186469143572479,0.4073999434185198,2.3979840992573607,0.5984990213561486,0
Gangtok,52.26091797776934,217.4141401781195,21.734224768015473,978.9256912369741,0.7062786004731983,0.03308588493438413,1.9129797617631072,0.7334203778983579,0
Darjeeling-adjacent-NER,2.0639205796070446,70.47529591210649,16.372500019703786,1236.1684476433427,0.5840555041407971,0.03237120968149192,0.08587124343906122,0.6477325180557456,0
Upper Subansiri,43.78520492316563,210.60249977217038,34.57130346078008,1225.3332072191126,0.1296153178961821,0.7419762198470856,0.19348599145309828,0.38399692162099014,0
West Kameng,93.98665533137984,162.9490361660933,30.956762705659557,1517.82795878466,0.24373548898672787,0.6823291467475032,0.35981931537456435,0.5884674558793499,0
Kohima,88.06259841658233,132.49696351661981,43.237935390704095,1392.7768391233608,0.6418611534245661,0.1780734538778266,2.6299129602948765,0.5500414325098334,1
Upper Subansiri,58.99359689830198,79.37449333481355,20.147270808588434,1728.0243023090698,0.555195292265231,0.4508216688848317,9.458030692443867,0.593869433102268,0
Churachandpur,25.183855702709046,100.61055051874477,39.30668674603799,1695.5049834809665,0.2552606635367437,0.7064012854599547,1.5065326436874975,0.8331043572264433,0
West Kameng,21.542110047793113,106.71787361434708,18.40142503979505,2100.2510750885176,0.7081598884383441,0.062125835506953386,0.4045211282509204,0.8569947163418237,0
Dima Hasao,39.41978241968374,31.997502850417533,17.753391722349896,1611.5518954133868,0.19960184370432899,1.6729226783737037,2.3543101588268085,0.9127440051059887,0
West Garo Hills,93.78977864661158,274.9266471553442,37.189143615222605,1286.3296397275597,0.6223493964050928,0.8681023973606913,2.454803186145527,0.7624340215716178,1
Gangtok,11.997194525447465,176.83915249425868,18.7259313683657,1879.615016570614,0.3046712457270268,0.4696568467511642,3.5239638913489535,0.2825856605783434,0
East Khasi Hills,42.00356839544713,226.30195597604236,10.390690080951165,1275.5071976990375,0.8252311511560394,0.31342891541990736,3.093219475805486,0.24655541608109371,0
East Khasi Hills,70.1397299399718,349.7587907456524,39.92633534105684,1373.8911529657428,0.4055560409266629,0.9012368359356696,2.9106181176947676,0.7349908605039962,1
Dima Hasao,79.43437022086596,111.55377775278026,30.69619881750397,50.0,0.12002396060862094,0.5378029853562859,3.226003070404187,0.49426361392337675,0
Aizawl,89.9087496687415,92.07823608615521,28.050724241535505,659.9430051425147,0.6356331573505852,0.3515172723319975,4.276256485926834,0.8068762563091199,0
East Khasi Hills,43.87317507594931,163.45352655206744,25.548296354900696,1619.7461686408337,0.571276645788523,0.8887299791946728,5.645415799079659,0.7054393010859099,0
Gangtok,5.031462690796676,147.25928501193098,17.50052958363646,2004.8377683690237,0.9127505837485941,0.09460273183991058,0.00852995920309706,0.48624442301089627,0
Dima Hasao,63.25676988180854,194.34768109398948,49.306789727982576,1523.096858484423,0.7827942339570383,0.11208376663625004,2.7431824632778863,0.4213057423520984,1
Kohima,32.98818197700719,244.96004351492178,50.581888488752654,1565.0176849390252,0.5420479661159766,1.0643464688759385,7.084596448815929,0.5795258857148363,0
East Khasi Hills,22.75025580181944,110.19076426594631,27.875133713829715,1603.6571258923634,0.2215654912760489,0.027781395996363197,3.54570493140528,0.7123133705090126,0
Darjeeling-adjacent-NER,7.645491295244781,49.401313309211126,48.37505164826729,1221.9195677923258,0.5443516768734522,0.0189032449371226,0.21217439801823584,0.5700909224067716,0
Dima Hasao,34.684151632067575,152.6812163253813,8.470612991646126,637.3748096847978,0.13620182452266583,0.6279756405649731,3.3325049093111927,0.3205943888550719,0
Gangtok,24.421341019546546,258.4749269674234,25.88687801183461,1584.1426843637964,0.6217989135970028,0.21377197571330908,0.7278746303901804,0.7146116555774215,0
Darjeeling-adjacent-NER,26.867698657336764,185.66284744007262,11.178130295507616,457.26170264746406,0.6007399875371189,0.9919950632223021,0.5085242446430392,0.5673398430615085,0
West Kameng,44.68891948577699,127.68514332287049,45.30167614018771,1495.1335171087683,0.18671597242753057,0.14306429023637718,0.567882223347541,0.9005647227241065,0
West Kameng,29.880235436454267,81.64372074403926,9.803207872523359,2051.9177768058225,0.6006004152531925,0.13543962423753617,8.95091789893976,0.44056099426199086,0
East Khasi Hills,20.300179539156407,276.7733095068029,43.37223091473056,1372.9175692520612,0.9447014562225962,1.2606448312069478,2.690513767596323,0.20951903173393402,1
Darjeeling-adjacent-NER,55.635495278940624,89.44482076858687,40.13373259377515,1515.242897233188,0.7854666073467096,0.3227663065500537,9.525386146986655,0.6487100475458006,0
West Garo Hills,48.56786820086478,154.98986810031042,16.199225652916457,1853.174723193194,0.2638753477183604,0.38046542693104735,4.696485024602546,0.569354567217727,0
West Kameng,22.343355358154582,163.02484586828024,38.21886965786162,1112.156963037517,0.7608932032474677,0.9134164957087196,6.472205544293327,0.5316556144380219,1
West Garo Hills,14.241770323285582,226.99525078632405,30.912507750131805,2096.3462541410227,0.5461555513476251,0.19174349830417506,2.0238591811097932,0.3168191291226833,0
Kohima,64.63913431103612,57.96476069121662,43.72041249910068,1814.209408124514,0.5984272319507098,0.11393385929535366,1.0721169915395574,0.25148141558125553,0
Dima Hasao,15.562599028794782,279.76660943788073,22.801359308844514,1281.9618666275796,0.7419767912388295,0.33858661744492513,3.353628621924388,0.6049949585742084,0
Upper Subansiri,92.73839532972535,172.9807893615553,23.03508441046474,50.0,0.5247254869588182,0.21106783887568442,0.04557708335494403,0.7820438589619665,1
Gangtok,12.043213345002632,191.9514317235371,52.18136230884294,1138.8186340526115,0.11080896096056633,0.07145467069488441,2.580306148765912,0.819228286595509,0
Dima Hasao,67.48403406771828,124.9784994520105,34.76744706206302,1132.082349727659,0.5923684864261652,0.050497969051741635,7.836599219529922,0.7560899325751466,0
Gangtok,22.01571027294579,96.48116050984896,41.955816770560844,1394.6451296616012,0.43652108740937356,0.5170614855462767,4.674791070508477,0.7589306575692903,0
Darjeeling-adjacent-NER,38.76656091808569,228.64087592258883,39.018641193097835,2075.8411509139833,0.8837988472148542,0.013921041701757586,0.5251492108995767,0.6160059024675043,0
Kohima,77.94759607548656,241.75433476184477,50.19054672185481,1812.132389779314,0.20357771203104358,0.2999234131796363,0.3425344083438906,0.9470116805426761,0
Churachandpur,138.76164552075934,128.00092900549816,15.353402335626988,1335.6350624694235,0.5938100587514845,0.159981240153237,4.378666578045064,0.27093056097605084,0
East Khasi Hills,57.542185618697886,120.86916330964543,48.866853547913585,1047.534882609553,0.45101818486341577,0.06543555385377739,0.13717178750771805,0.3903198626375504,0
Gangtok,92.38447425734975,124.63628128706611,25.714343260217767,101.15008610555788,0.6282102653467037,0.8853422359049667,13.403540581955355,0.48622510486612697,0
Gangtok,68.80309128047067,56.458090896532916,42.52585207648698,1660.5142198297858,0.5345895691306976,0.5396628542115431,1.5749586403273397,0.20177187496220528,1
Darjeeling-adjacent-NER,19.317269568723056,195.86000711810834,33.593580978368486,1418.898655084657,0.7994011980760807,0.5932963338057887,6.563615439238799,0.5940964446950789,0
West Garo Hills,58.31075958813907,133.12272058799383,54.05222428822575,1813.7226866957506,0.3439712351406065,0.22900087171983233,4.1686897461529595,0.41660040413923594,0
Dima Hasao,11.629099496142665,291.72593002105924,23.334797584212915,1426.7930858942095,0.36261606526848356,0.4180445665264664,2.9881265406631945,0.9195461257692518,0
Churachandpur,76.57570678008051,192.19969414463156,32.321372498917135,864.0547457531288,0.810285429618192,0.03796311806718123,0.5759141080801724,0.6966863512614379,0
Aizawl,33.54080936972807,176.19592591345645,39.86210663546211,1504.574836260822,0.2953308409431046,0.059992751896172286,0.22386108307246588,0.7553767784212182,0
East Khasi Hills,35.39181098848484,249.52744636857798,37.35063681218854,1409.4536170496958,0.43348404844672334,0.1557789649218807,2.6653612117538064,0.26568405476795737,0
Upper Subansiri,51.191238734524404,188.53236336955422,36.75145734537188,1807.3857064806905,0.23726623814500616,0.24483046646573264,0.5260029866075149,0.5893974962261617,0
Aizawl,36.782463834103254,68.7762629548898,38.82823864406312,1048.9394520139645,0.8205849197845546,0.03940640017380803,4.411041336193506,0.6369856369878978,0
Dima Hasao,14.891280236885255,172.5415420216587,5.077225386793512,842.766671240603,0.19529703030800605,0.33293993961770246,0.17362000414479414,0.9272172549927152,0
East Khasi Hills,15.264312223306472,23.893174742562806,30.183360256044494,1315.8806353525115,0.24122193813779155,0.10967084006566796,1.8550791326051488,0.6328175281823752,0
Gangtok,20.65158182167851,59.8903938115397,40.49032941516948,1187.9812192223162,0.44980425021381276,0.5958769500492286,1.3706634293755764,0.2095640722921797,0
Upper Subansiri,6.368014494351772,176.86584024101776,21.260238470967742,895.883158411435,0.18223158821160917,0.00018771996059690273,6.471117035605671,0.6656047151466908,0
West Garo Hills,45.79093046398366,87.35723974428541,47.38828141125551,886.8418917145332,0.6403630258643975,0.8042005086155326,5.719323766989541,0.41425867438628344,0
Churachandpur,45.12601018000237,336.7654535149921,44.92666162476229,1973.1865816679096,0.7078775236616948,0.5275726806008532,3.1850912448330537,0.6400258862839291,0
West Garo Hills,32.820364705321104,231.76308717592437,27.484323238646375,1184.0804343278403,0.2578375495124563,0.31601518989070937,3.5194818295722823,0.4451731200974419,0
Kohima,40.92617697666124,128.731513849357,16.804774849873482,1910.970642592232,0.6465438727407544,0.5350528850500854,3.064967693296583,0.2700946608256733,0
Darjeeling-adjacent-NER,37.149675942487534,101.04276798838397,34.20481946722225,2511.76945247186,0.4779846572821556,0.181387534365561,2.8082812460428936,0.8224094065933133,0
East Khasi Hills,33.37996613071284,112.55007025610459,49.57849925915256,1109.2358132177424,0.5667969766119829,0.07097478997380822,14.477575821836313,0.5144315452685884,0
West Garo Hills,29.704913065835903,94.7452856443868,25.107212272119718,819.8940151110145,0.9227790133582336,0.003661251511259721,3.330154841698535,0.6443549329885194,0
Aizawl,46.40809692099365,315.4079119895191,40.91570443960062,636.0174464154275,0.2638523952379741,0.3181208870632991,7.27762393096134,0.5518408398032623,0
Darjeeling-adjacent-NER,78.33140503428321,167.26424343896863,36.210933839158315,1897.1541542570262,0.3471566895107362,0.1380919588529374,1.4371929527108849,0.2927288410635432,0
West Garo Hills,60.66913198306405,158.0385198802567,46.935316299782265,1169.2407062955358,0.5392193732550664,0.0956528719991156,15.697225334925133,0.6383597383343239,0
West Kameng,81.72302250421318,190.40788447857588,39.34660536261983,1312.7699737885505,0.44607312137035615,0.8069917135207195,2.3828093210656225,0.7090901065763793,1
Kohima,29.45446082462687,432.5701673858183,40.56074853830721,1039.8813562303958,0.6938680381395059,0.5166378099431909,5.882839463997466,0.8058351230119629,0
Dima Hasao,48.233212421102344,237.80730888898833,23.947106139080486,1193.1323313275068,0.24270790751383745,1.8491524148597596,0.23831608832123258,0.6064772133891851,1
Churachandpur,26.13502179756039,206.9193028344543,46.86591663233859,2828.0635286985894,0.5076696987679196,0.433368936721354,2.3575430188640465,0.9454988967310406,1
Kohima,37.24937130789323,51.80553971733945,35.563036739503524,876.0259467016331,0.4136212612885423,0.9029153961829904,12.333149960941602,0.7182394775509613,0
Darjeeling-adjacent-NER,48.87458183844237,291.75644464498214,42.989190419858716,50.0,0.940400135799009,0.05037774744951761,0.17220229339964832,0.6965900758832836,0
West Kameng,1.913044175460717,252.21232385950492,39.77903620073662,1215.5077893357711,0.6291584634221876,0.5131527453565984,7.346002705991125,0.724039686104059,0
East Khasi Hills,39.232171985712235,123.9320201105106,10.978327150926948,933.1588678366224,0.627377222761207,0.036068125956539014,0.39426781507810327,0.751605615115876,0
Aizawl,111.15529757268231,54.111824662273946,39.93706511268258,1665.8626411027205,0.33342241087889746,0.03973833237675714,13.879087276751443,0.8849125058381049,0
Churachandpur,37.90648177708205,50.201113386696676,7.873448397413425,1252.114463828712,0.46933915450277414,0.7803081263676702,0.8524952554110194,0.1916381824385357,0
Churachandpur,26.117130588437643,109.86917469114385,12.614185712175372,1937.2789867467477,0.3656993100261002,0.17856813613213937,3.945375770049484,0.6748249777467928,0
Kohima,34.68889079233157,102.98466630443212,28.398031132338723,50.0,0.5760013869681405,0.15217195115614934,0.07025518377122673,0.6543983172781601,0
Darjeeling-adjacent-NER,31.944711119630025,195.61537593586985,29.138123457984424,1594.3099961532432,0.5072700455529903,0.08123004286287305,0.8449661858169664,0.7706041010842737,0
East Khasi Hills,98.58580075359914,195.48801158408315,37.337294395393734,2074.317530256051,0.34219883368602505,0.265390710085582,2.3107875649662675,0.37746394246408477,1
Gangtok,13.540702684682932,123.63806795553295,22.078676929325056,1013.554429255342,0.4134351224747755,0.0910527550976504,0.6445130963668244,0.07908178663675669,0
West Kameng,50.109166076714764,108.71135662666771,52.764903665665535,1004.6683783389799,0.6287238283938643,0.3087441944352979,3.5755759670824503,0.8893974973445181,0
Gangtok,56.390214186402766,81.52859546948756,26.292467992977024,983.4224540732472,0.647522167059651,0.43203957407876514,2.814929496528115,0.7253939694055491,0
Aizawl,72.0178583973551,96.65123485458078,34.69565103782725,922.5094590379981,0.33779964216274844,0.42558140396638433,11.7436129859819,0.6063516269347597,0
East Khasi Hills,30.999079859218003,188.70507459527775,25.948507325101673,1909.0676071350056,0.29890130733733433,0.18143145610240596,2.1946127440494116,0.48392634615707303,0
East Khasi Hills,49.20698445334447,252.95677603479902,9.03738743760819,692.1053209990569,0.8782968380198776,0.4870094323921341,3.6538136838966437,0.8280028363419715,0
West Kameng,31.959833207303706,477.62882337602036,46.93582222757887,1614.1718319537151,0.3216013666602055,0.12374428477726838,0.19362024781567747,0.834335851377852,1
Upper Subansiri,40.62127298581276,315.0953802642881,46.82594892481555,332.62055801188467,0.6087392804260391,0.6594402935899923,0.10985947770536314,0.5483227273151243,0
Gangtok,57.442881867718,212.63316766642444,51.072818362847116,491.46537870558643,0.24194064596767606,4.604635307164188e-05,2.1785756877672555,0.4342883207331275,0
West Garo Hills,140.70585825100162,522.2238303730999,29.20078300065957,1308.0653456833038,0.49377505130361415,1.3592621570983523,10.558584886620734,0.7035061743441479,1
Churachandpur,25.252346737612445,142.18788325340523,11.465783782463612,596.084457176964,0.193874588258956,0.22736297241763764,0.7826420657646861,0.35709850498700896,0
Upper Subansiri,55.21941916908689,174.61971036550338,34.74138764757137,570.5648230708364,0.42685635118455834,0.16258376338846448,0.004286079986922135,0.6796060426701452,1
West Garo Hills,50.93350491827918,208.18657421151323,36.85231068216488,1952.246054134294,0.30190469075179516,0.39177994807357935,1.0422609794989122,0.7537454190613719,0
Darjeeling-adjacent-NER,7.560186332514708,57.872038358350196,42.56916009962628,1522.8794805725474,0.2419817735636609,0.8451072283820031,3.358898544102411,0.5930608409718391,0
West Kameng,55.45022341276544,182.10285810561845,13.148049167921204,1258.0092026969592,0.17518900134629406,0.17389864099978009,4.052151882203781,0.3275703758256647,0
Darjeeling-adjacent-NER,5.734391299561585,176.9272096988968,17.102758696680006,1613.5921863761046,0.35314122600336556,0.02904657399454061,3.797484738274407,0.5501108187619264,0
Churachandpur,128.63512024392708,99.24035436590123,17.155583809321516,388.8212678601054,0.39148351639752715,0.17467924724686784,0.21096463682568467,0.7988551565751976,1
Dima Hasao,69.91075131461025,259.3596420420143,11.11046280449679,660.6624910747403,0.7225581233882232,0.0020398601725749605,3.6832186302614796,0.6167964044342417,0
